{"type":"FeatureCollection","sources":["https://siata.gov.co/kml/Pronostico%20%28Experimental%29/Meteorologico.kml","https://siata.gov.co/kml/04_Divisiones/04_Medellin/Corregimientos.kml"],"imported_at":"2026-10-05T00:27:01.083323+00:00","attribution":"AMVA–SIATA","features":[{"type":"Feature","properties":{"name":"Barbosa","source":"https://siata.gov.co/kml/Pronostico%20%28Experimental%29/Meteorologico.kml","municipality":"Barbosa"},"geometry":{"type":"MultiPolygon","coordinates":[[[[-75.245533,6.501512],[-75.245591,6.50162],[-75.245624,6.501704],[-75.245672,6.501842],[-75.2457,6.501964],[-75.245675,6.502051],[-75.245618,6.502076],[-75.245474,6.502073],[-75.245355,6.502138],[-75.245284,6.502239],[-75.245268,6.502322],[-75.24528,6.502414],[-75.245262,6.502521],[-75.245223,6.502609],[-75.24519,6.502699],[-75.245172,6.50285],[-75.245168,6.502919],[-75.245184,6.502999],[-75.245226,6.503142],[-75.245281,6.503229],[-75.245485,6.503473],[-75.245565,6.503594],[-75.245625,6.503674],[-75.24591,6.503886],[-75.246514,6.504187],[-75.246585,6.504232],[-75.246643,6.504283],[-75.246693,6.504352],[-75.246719,6.504406],[-75.246749,6.504508],[-75.246778,6.504622],[-75.246819,6.504718],[-75.246861,6.504766],[-75.246992,6.504849],[-75.247155,6.504946],[-75.247339,6.505038],[-75.247381,6.505065],[-75.247523,6.505142],[-75.247614,6.505225],[-75.247706,6.505325],[-75.247773,6.505382],[-75.247915,6.505425],[-75.248004,6.505475],[-75.248115,6.505594],[-75.248178,6.505745],[-75.248167,6.505841],[-75.248133,6.505991],[-75.248104,6.506124],[-75.248091,6.506253],[-75.248098,6.506398],[-75.248119,6.506489],[-75.248161,6.506576],[-75.248242,6.5067],[-75.24833,6.506823],[-75.248424,6.506896],[-75.248523,6.506951],[-75.24862,6.506994],[-75.248758,6.507065],[-75.248885,6.507133],[-75.249043,6.507194],[-75.249167,6.50723],[-75.249342,6.507299],[-75.249487,6.507364],[-75.24962,6.507426],[-75.249733,6.507428],[-75.250105,6.507436],[-75.250736,6.507421],[-75.250823,6.507423],[-75.250899,6.50745],[-75.251009,6.507506],[-75.251106,6.507557],[-75.251217,6.507623],[-75.251318,6.507693],[-75.251428,6.507723],[-75.251605,6.507715],[-75.25177,6.507703],[-75.251924,6.507693],[-75.252036,6.507708],[-75.252176,6.507731],[-75.252314,6.507737],[-75.252411,6.507746],[-75.252693,6.507775],[-75.252826,6.507755],[-75.252961,6.507735],[-75.253138,6.507717],[-75.253275,6.507689],[-75.253349,6.507701],[-75.253446,6.507759],[-75.253528,6.507798],[-75.253636,6.507809],[-75.253733,6.507786],[-75.25385,6.507744],[-75.25396,6.507716],[-75.254058,6.507683],[-75.254178,6.507703],[-75.254295,6.507742],[-75.254378,6.507766],[-75.254499,6.507782],[-75.254653,6.507812],[-75.255026,6.50787],[-75.255687,6.50788],[-75.255819,6.50787],[-75.255932,6.507859],[-75.256093,6.507841],[-75.256297,6.507815],[-75.256467,6.507805],[-75.256691,6.507846],[-75.256868,6.507916],[-75.25697,6.507927],[-75.257121,6.507975],[-75.257301,6.50805],[-75.257489,6.50812],[-75.257666,6.508208],[-75.257832,6.508313],[-75.257972,6.508395],[-75.258131,6.508468],[-75.258235,6.508513],[-75.258356,6.50852],[-75.258483,6.508466],[-75.258613,6.508393],[-75.258752,6.508288],[-75.258881,6.508212],[-75.259043,6.508113],[-75.259153,6.508055],[-75.259236,6.508023],[-75.260035,6.507767],[-75.260159,6.507727],[-75.260221,6.507712],[-75.260359,6.507682],[-75.260524,6.507663],[-75.260643,6.507653],[-75.260806,6.50766],[-75.260994,6.507679],[-75.26116,6.507692],[-75.261256,6.507707],[-75.261314,6.507709],[-75.261419,6.50772],[-75.261605,6.507722],[-75.261686,6.507765],[-75.261757,6.507809],[-75.261859,6.507852],[-75.261987,6.507938],[-75.262102,6.508023],[-75.262217,6.508085],[-75.262383,6.508076],[-75.262532,6.50809],[-75.262706,6.508094],[-75.262856,6.508093],[-75.262966,6.508085],[-75.263113,6.508087],[-75.263266,6.508098],[-75.263268,6.50807],[-75.263271,6.508036],[-75.26327,6.507891],[-75.263263,6.507742],[-75.263256,6.507696],[-75.263239,6.507564],[-75.263217,6.50738],[-75.26323,6.507179],[-75.263275,6.50703],[-75.263334,6.506874],[-75.263407,6.506734],[-75.26342,6.506705],[-75.263466,6.506596],[-75.263502,6.506478],[-75.263571,6.506311],[-75.263604,6.506171],[-75.263645,6.50601],[-75.263646,6.505983],[-75.263653,6.505817],[-75.263693,6.505626],[-75.26387,6.505204],[-75.264045,6.505035],[-75.264152,6.504932],[-75.264291,6.504797],[-75.264362,6.504715],[-75.264401,6.504672],[-75.264469,6.504592],[-75.264533,6.504564],[-75.264636,6.504519],[-75.264702,6.504464],[-75.264728,6.504425],[-75.264741,6.504407],[-75.264782,6.504347],[-75.264869,6.504245],[-75.264934,6.504156],[-75.264953,6.504131],[-75.264972,6.504105],[-75.264991,6.504034],[-75.264999,6.504003],[-75.265006,6.503981],[-75.265033,6.503889],[-75.265049,6.50383],[-75.265071,6.503756],[-75.2651,6.503604],[-75.265129,6.503453],[-75.26514,6.503293],[-75.265172,6.503103],[-75.265182,6.502933],[-75.265205,6.502836],[-75.265248,6.502781],[-75.265314,6.502723],[-75.265355,6.502685],[-75.265378,6.502663],[-75.265398,6.502645],[-75.26544,6.502605],[-75.265464,6.502554],[-75.265479,6.502523],[-75.265487,6.502484],[-75.265512,6.502364],[-75.265519,6.502209],[-75.265503,6.50202],[-75.265487,6.501897],[-75.265443,6.501728],[-75.265434,6.50171],[-75.265416,6.501673],[-75.265383,6.501603],[-75.265299,6.501496],[-75.265214,6.501403],[-75.265133,6.501322],[-75.265011,6.501212],[-75.264937,6.501084],[-75.264886,6.501025],[-75.264914,6.500928],[-75.265021,6.500646],[-75.26519,6.500203],[-75.265224,6.500112],[-75.265309,6.500036],[-75.265387,6.499961],[-75.265506,6.499899],[-75.265666,6.499823],[-75.265735,6.499804],[-75.265824,6.499725],[-75.265945,6.499686],[-75.266037,6.499667],[-75.266133,6.499611],[-75.266169,6.499575],[-75.266188,6.499556],[-75.266205,6.499521],[-75.266227,6.499475],[-75.266237,6.499439],[-75.266249,6.499394],[-75.266258,6.499361],[-75.266267,6.499255],[-75.26625,6.499197],[-75.266216,6.499157],[-75.266213,6.499104],[-75.266252,6.498966],[-75.26632,6.498828],[-75.266397,6.49866],[-75.266427,6.498545],[-75.266493,6.498446],[-75.266576,6.498177],[-75.266595,6.498131],[-75.266636,6.498073],[-75.266709,6.497988],[-75.266768,6.497917],[-75.266827,6.497824],[-75.266886,6.497721],[-75.266902,6.497648],[-75.266924,6.497563],[-75.266936,6.497517],[-75.266951,6.497452],[-75.266968,6.497376],[-75.266974,6.497266],[-75.266969,6.497174],[-75.266963,6.497134],[-75.26695,6.497058],[-75.266927,6.496968],[-75.266903,6.496883],[-75.266855,6.496739],[-75.266642,6.496494],[-75.266624,6.496489],[-75.266403,6.496423],[-75.266364,6.496411],[-75.266199,6.496384],[-75.266065,6.496348],[-75.266016,6.496338],[-75.265983,6.496331],[-75.265962,6.496328],[-75.265886,6.496314],[-75.265842,6.496282],[-75.265824,6.496268],[-75.265783,6.496238],[-75.26576,6.496221],[-75.265651,6.496117],[-75.265569,6.496029],[-75.265455,6.495948],[-75.265347,6.495908],[-75.265269,6.495805],[-75.265261,6.495773],[-75.26525,6.495729],[-75.265256,6.495675],[-75.265259,6.495644],[-75.265275,6.495573],[-75.265279,6.495552],[-75.265292,6.495521],[-75.265323,6.495451],[-75.265334,6.495396],[-75.26533,6.495334],[-75.265328,6.495306],[-75.265326,6.495213],[-75.265332,6.495109],[-75.265339,6.495037],[-75.265356,6.494872],[-75.265347,6.494757],[-75.26533,6.494654],[-75.265302,6.494526],[-75.265297,6.494374],[-75.265285,6.494274],[-75.265282,6.494247],[-75.26528,6.494225],[-75.265277,6.494197],[-75.265268,6.494106],[-75.265226,6.493998],[-75.265178,6.493909],[-75.265125,6.493812],[-75.265093,6.493768],[-75.265052,6.493704],[-75.265013,6.493608],[-75.264927,6.493456],[-75.26488,6.493371],[-75.26486,6.493334],[-75.264823,6.49324],[-75.264808,6.493211],[-75.264791,6.493179],[-75.264749,6.493103],[-75.264781,6.493067],[-75.264814,6.493031],[-75.264852,6.493001],[-75.264891,6.492972],[-75.265004,6.49289],[-75.265116,6.492823],[-75.265165,6.492801],[-75.265212,6.49278],[-75.265387,6.492729],[-75.265486,6.492681],[-75.265531,6.492659],[-75.26563,6.4926],[-75.26574,6.492507],[-75.26577,6.492477],[-75.265808,6.492441],[-75.265866,6.492383],[-75.26596,6.492314],[-75.266038,6.492249],[-75.266173,6.492167],[-75.266354,6.492075],[-75.266503,6.492017],[-75.266581,6.491988],[-75.266735,6.491932],[-75.266815,6.49191],[-75.266923,6.491888],[-75.267164,6.492009],[-75.2677,6.49228],[-75.267781,6.492313],[-75.267831,6.492305],[-75.267884,6.492297],[-75.267924,6.492279],[-75.268001,6.492243],[-75.268147,6.492199],[-75.268297,6.492171],[-75.268503,6.492161],[-75.268629,6.492141],[-75.268666,6.492136],[-75.268749,6.492129],[-75.26888,6.492126],[-75.269029,6.492111],[-75.269132,6.492107],[-75.269236,6.492104],[-75.269319,6.492116],[-75.269401,6.492128],[-75.269564,6.492165],[-75.269734,6.49216],[-75.269868,6.492169],[-75.269969,6.492178],[-75.270054,6.492214],[-75.270168,6.492287],[-75.270288,6.492344],[-75.270408,6.492351],[-75.270522,6.492326],[-75.27063,6.492304],[-75.270724,6.492267],[-75.270917,6.492276],[-75.271082,6.492317],[-75.271246,6.492359],[-75.271384,6.492342],[-75.271505,6.492313],[-75.271608,6.492281],[-75.271691,6.492255],[-75.271824,6.492223],[-75.271911,6.492212],[-75.271999,6.49222],[-75.272068,6.492247],[-75.272107,6.492303],[-75.272125,6.492327],[-75.272177,6.492373],[-75.272288,6.492442],[-75.272383,6.492487],[-75.272468,6.492524],[-75.272541,6.492545],[-75.272649,6.492525],[-75.272734,6.492482],[-75.272856,6.492433],[-75.272998,6.492406],[-75.273053,6.492472],[-75.27309,6.492594],[-75.273105,6.492634],[-75.27312,6.492674],[-75.273254,6.492715],[-75.273278,6.49273],[-75.273307,6.492741],[-75.27339,6.492751],[-75.273474,6.49276],[-75.273614,6.49276],[-75.27368,6.492761],[-75.273745,6.492762],[-75.273796,6.49276],[-75.273897,6.492754],[-75.274034,6.492731],[-75.274135,6.492704],[-75.274212,6.492671],[-75.274253,6.492652],[-75.274326,6.492606],[-75.274417,6.49251],[-75.274461,6.492429],[-75.274468,6.492411],[-75.274486,6.492363],[-75.27439,6.491914],[-75.274342,6.491752],[-75.274415,6.491705],[-75.274477,6.491691],[-75.274516,6.491681],[-75.274555,6.491671],[-75.274691,6.491638],[-75.274731,6.491626],[-75.274771,6.491615],[-75.274888,6.491591],[-75.274938,6.491585],[-75.274987,6.491579],[-75.27502,6.491583],[-75.275053,6.491586],[-75.275191,6.491627],[-75.275359,6.491666],[-75.275472,6.491683],[-75.275573,6.49169],[-75.275676,6.491632],[-75.275716,6.491604],[-75.275756,6.491575],[-75.275795,6.491485],[-75.275832,6.491403],[-75.275848,6.491368],[-75.275857,6.491346],[-75.275904,6.491235],[-75.275973,6.491113],[-75.276012,6.491056],[-75.276031,6.49103],[-75.27611,6.49093],[-75.276132,6.490905],[-75.276172,6.490859],[-75.276262,6.490825],[-75.276349,6.490805],[-75.276434,6.490801],[-75.276469,6.490802],[-75.276505,6.490803],[-75.276629,6.490797],[-75.276753,6.490791],[-75.27735,6.490623],[-75.277419,6.490601],[-75.277536,6.490577],[-75.277671,6.490596],[-75.277793,6.490629],[-75.277987,6.490658],[-75.27817,6.490646],[-75.278333,6.490623],[-75.278438,6.490607],[-75.278491,6.490599],[-75.27862,6.490576],[-75.278678,6.490571],[-75.278737,6.490565],[-75.278874,6.490596],[-75.278997,6.490651],[-75.279102,6.490706],[-75.279298,6.490769],[-75.279329,6.490785],[-75.279394,6.49082],[-75.279423,6.490837],[-75.279463,6.490859],[-75.279493,6.490877],[-75.279546,6.490894],[-75.279601,6.490911],[-75.279758,6.490934],[-75.279833,6.490926],[-75.279863,6.490904],[-75.279925,6.490859],[-75.280038,6.490797],[-75.280092,6.490777],[-75.280148,6.490758],[-75.280244,6.490744],[-75.280291,6.490774],[-75.280349,6.49081],[-75.280488,6.49096],[-75.280503,6.490972],[-75.280658,6.491096],[-75.28075,6.4912],[-75.280698,6.491286],[-75.280684,6.491404],[-75.280693,6.491517],[-75.280702,6.49156],[-75.280708,6.491588],[-75.280708,6.491645],[-75.280358,6.492223],[-75.280379,6.492293],[-75.280399,6.492375],[-75.280409,6.49244],[-75.280413,6.492468],[-75.28043,6.492559],[-75.280423,6.492621],[-75.280394,6.492641],[-75.280353,6.492674],[-75.280329,6.492695],[-75.280246,6.492758],[-75.280185,6.492842],[-75.280187,6.492964],[-75.280205,6.493003],[-75.280215,6.493026],[-75.280226,6.493059],[-75.280252,6.493131],[-75.280269,6.493164],[-75.280296,6.493218],[-75.280333,6.493271],[-75.280348,6.493293],[-75.280385,6.493341],[-75.280427,6.493395],[-75.280487,6.493455],[-75.280547,6.493524],[-75.280611,6.493599],[-75.280661,6.493661],[-75.280688,6.493694],[-75.280715,6.493727],[-75.280733,6.493743],[-75.280769,6.493777],[-75.28071,6.493869],[-75.280708,6.49392],[-75.280695,6.493981],[-75.280652,6.494028],[-75.280635,6.494128],[-75.280683,6.494173],[-75.280751,6.494302],[-75.280793,6.494407],[-75.280795,6.494471],[-75.280776,6.494532],[-75.280763,6.494599],[-75.280758,6.49462],[-75.280771,6.49473],[-75.280782,6.494808],[-75.280801,6.494868],[-75.28081,6.494897],[-75.280841,6.494948],[-75.280897,6.495043],[-75.280962,6.495149],[-75.280988,6.49519],[-75.281086,6.495263],[-75.281133,6.495284],[-75.281177,6.495305],[-75.28122,6.495304],[-75.281264,6.495303],[-75.281339,6.49528],[-75.281449,6.49527],[-75.281533,6.495232],[-75.281615,6.495224],[-75.28169,6.495184],[-75.281812,6.49525],[-75.28187,6.495308],[-75.281935,6.495375],[-75.282043,6.495442],[-75.282142,6.495524],[-75.282192,6.495583],[-75.282292,6.49569],[-75.28238,6.495784],[-75.28262,6.496118],[-75.282713,6.496248],[-75.282898,6.496353],[-75.282965,6.496386],[-75.282997,6.496405],[-75.283029,6.496424],[-75.283102,6.4965],[-75.283175,6.496597],[-75.283213,6.496702],[-75.283242,6.496842],[-75.283264,6.496982],[-75.283228,6.497069],[-75.283169,6.497172],[-75.283155,6.497253],[-75.28321,6.497342],[-75.283266,6.497469],[-75.283338,6.497546],[-75.28339,6.49761],[-75.283414,6.497639],[-75.283441,6.497683],[-75.283467,6.497727],[-75.283498,6.497863],[-75.283507,6.497947],[-75.283538,6.498105],[-75.283628,6.498241],[-75.283648,6.49827],[-75.283746,6.498414],[-75.28379,6.498522],[-75.283818,6.498571],[-75.283852,6.498628],[-75.283885,6.49867],[-75.283946,6.498747],[-75.283997,6.49882],[-75.284016,6.498893],[-75.284024,6.49892],[-75.284036,6.498947],[-75.284062,6.499002],[-75.28414,6.499085],[-75.28429,6.499367],[-75.284486,6.4996],[-75.284681,6.499832],[-75.284754,6.499859],[-75.284839,6.499911],[-75.284914,6.500037],[-75.284973,6.500191],[-75.285001,6.500247],[-75.285013,6.500271],[-75.285057,6.500372],[-75.285077,6.500419],[-75.2851,6.500544],[-75.285114,6.500747],[-75.285108,6.500843],[-75.285102,6.500936],[-75.285106,6.501094],[-75.285143,6.501181],[-75.285152,6.501202],[-75.285167,6.501237],[-75.285196,6.501303],[-75.285286,6.501456],[-75.285367,6.501521],[-75.285432,6.501511],[-75.285548,6.501475],[-75.285665,6.501456],[-75.285765,6.501532],[-75.285864,6.501704],[-75.285947,6.501929],[-75.285989,6.502019],[-75.286007,6.502058],[-75.286018,6.502082],[-75.286045,6.502145],[-75.286113,6.502285],[-75.286144,6.502347],[-75.286159,6.502379],[-75.286228,6.502462],[-75.286328,6.502516],[-75.286532,6.502752],[-75.28688,6.503301],[-75.28694,6.503391],[-75.287026,6.503478],[-75.287115,6.50361],[-75.287195,6.503735],[-75.287264,6.503876],[-75.28737,6.504036],[-75.287447,6.504104],[-75.287548,6.504192],[-75.287599,6.504207],[-75.287651,6.504223],[-75.287759,6.504261],[-75.287879,6.504297],[-75.288037,6.504346],[-75.288105,6.504394],[-75.288133,6.504413],[-75.288186,6.504481],[-75.288208,6.504557],[-75.288219,6.504597],[-75.288301,6.504611],[-75.288413,6.504633],[-75.28849,6.504665],[-75.288547,6.504689],[-75.288736,6.504765],[-75.28891,6.504833],[-75.289052,6.504905],[-75.289145,6.504966],[-75.289171,6.505157],[-75.289169,6.505352],[-75.289138,6.505532],[-75.289107,6.505688],[-75.2891,6.505721],[-75.289082,6.505768],[-75.289001,6.505764],[-75.288891,6.505737],[-75.288834,6.505737],[-75.288772,6.5058],[-75.288662,6.505912],[-75.288698,6.506102],[-75.288757,6.506415],[-75.288847,6.506498],[-75.288968,6.506578],[-75.289152,6.506631],[-75.289348,6.506651],[-75.289444,6.506661],[-75.289628,6.506664],[-75.289903,6.506629],[-75.2901,6.506636],[-75.29026,6.50665],[-75.290398,6.506662],[-75.290501,6.506662],[-75.290596,6.5066],[-75.290664,6.506555],[-75.290704,6.50653],[-75.290724,6.506518],[-75.290766,6.506495],[-75.290812,6.50647],[-75.290876,6.506442],[-75.290939,6.506413],[-75.291059,6.506372],[-75.291187,6.506366],[-75.291335,6.506368],[-75.291339,6.506435],[-75.291341,6.506456],[-75.291384,6.50657],[-75.291424,6.506617],[-75.291459,6.506658],[-75.29159,6.506668],[-75.291715,6.506697],[-75.291818,6.506749],[-75.291839,6.506775],[-75.292017,6.507005],[-75.292221,6.507209],[-75.29224,6.507223],[-75.292359,6.507305],[-75.292417,6.507334],[-75.292477,6.507366],[-75.292573,6.50738],[-75.292667,6.507394],[-75.292918,6.507349],[-75.293018,6.507344],[-75.293053,6.507343],[-75.293088,6.507341],[-75.293168,6.507359],[-75.293323,6.507426],[-75.293436,6.507453],[-75.293489,6.507465],[-75.29356,6.507475],[-75.293633,6.507485],[-75.293787,6.507479],[-75.29386,6.507468],[-75.293897,6.507464],[-75.293936,6.50746],[-75.293975,6.507457],[-75.294128,6.507451],[-75.294312,6.507456],[-75.29446,6.507459],[-75.294541,6.507474],[-75.294581,6.50748],[-75.294695,6.507492],[-75.294827,6.507505],[-75.294947,6.507501],[-75.295093,6.507497],[-75.295188,6.507491],[-75.295281,6.507485],[-75.295377,6.50745],[-75.295487,6.50741],[-75.29584,6.507274],[-75.296058,6.507208],[-75.29627,6.507144],[-75.296429,6.507133],[-75.296554,6.507088],[-75.296645,6.507046],[-75.296692,6.507023],[-75.296755,6.506988],[-75.296812,6.506957],[-75.296942,6.506931],[-75.297049,6.506895],[-75.297168,6.506873],[-75.297234,6.506872],[-75.297299,6.50687],[-75.29744,6.50687],[-75.29754,6.506888],[-75.297635,6.506921],[-75.297665,6.50693],[-75.297724,6.50695],[-75.29776,6.506953],[-75.297842,6.506961],[-75.297901,6.506966],[-75.297932,6.506954],[-75.29808,6.506897],[-75.298642,6.506933],[-75.298806,6.506943],[-75.299066,6.506947],[-75.299177,6.506939],[-75.299305,6.506926],[-75.299482,6.506901],[-75.29966,6.506868],[-75.29989,6.506826],[-75.30013,6.506784],[-75.300401,6.506701],[-75.300603,6.506651],[-75.300776,6.506609],[-75.300974,6.506543],[-75.301197,6.506485],[-75.301428,6.506439],[-75.301638,6.506385],[-75.301827,6.506347],[-75.302045,6.506285],[-75.30228,6.506227],[-75.302685,6.506218],[-75.303085,6.506393],[-75.303287,6.506347],[-75.303448,6.506368],[-75.303559,6.506451],[-75.303654,6.506614],[-75.303741,6.506754],[-75.303878,6.506841],[-75.304075,6.506931],[-75.304257,6.506992],[-75.304373,6.507079],[-75.304561,6.507164],[-75.304717,6.507261],[-75.304819,6.507324],[-75.304837,6.507336],[-75.304939,6.507399],[-75.305124,6.507523],[-75.305302,6.507641],[-75.305442,6.50776],[-75.305591,6.507883],[-75.305703,6.50797],[-75.305733,6.507994],[-75.305822,6.50806],[-75.305934,6.508139],[-75.306037,6.508196],[-75.306145,6.508229],[-75.306202,6.508314],[-75.306277,6.508361],[-75.30638,6.50843],[-75.306458,6.508504],[-75.306562,6.508603],[-75.30669,6.508688],[-75.306801,6.508767],[-75.306921,6.508767],[-75.307094,6.508767],[-75.307275,6.508779],[-75.307481,6.508786],[-75.307614,6.508843],[-75.307762,6.50888],[-75.307878,6.508917],[-75.308199,6.508937],[-75.308579,6.508919],[-75.308739,6.508919],[-75.308851,6.508823],[-75.308986,6.508757],[-75.30918,6.508691],[-75.309427,6.508599],[-75.309625,6.508558],[-75.309761,6.508632],[-75.309914,6.508685],[-75.310034,6.50868],[-75.310174,6.508652],[-75.310322,6.508619],[-75.31052,6.508606],[-75.310714,6.508675],[-75.310784,6.508745],[-75.310809,6.50877],[-75.3109,6.508848],[-75.31097,6.50891],[-75.310983,6.509],[-75.311008,6.509078],[-75.31102,6.50914],[-75.311107,6.509226],[-75.311215,6.509325],[-75.311231,6.509461],[-75.311281,6.509543],[-75.311322,6.509692],[-75.311282,6.50984],[-75.31136,6.509881],[-75.311504,6.509897],[-75.31164,6.509938],[-75.311781,6.509904],[-75.311913,6.509913],[-75.312057,6.509921],[-75.312222,6.509928],[-75.312329,6.509796],[-75.312601,6.509672],[-75.312964,6.509691],[-75.313232,6.509848],[-75.313326,6.509911],[-75.313439,6.509943],[-75.313636,6.509917],[-75.313814,6.509929],[-75.313908,6.509987],[-75.313999,6.510073],[-75.314057,6.510154],[-75.31407,6.510246],[-75.314074,6.510319],[-75.314079,6.510406],[-75.314122,6.510419],[-75.314217,6.510448],[-75.314303,6.510468],[-75.31436,6.510495],[-75.314406,6.510516],[-75.314434,6.510523],[-75.314566,6.510558],[-75.314635,6.510483],[-75.314759,6.510475],[-75.314856,6.510494],[-75.314893,6.5105],[-75.315036,6.510576],[-75.3152,6.510643],[-75.315208,6.510721],[-75.315222,6.510875],[-75.315269,6.511012],[-75.315415,6.511183],[-75.315459,6.51128],[-75.315811,6.511295],[-75.315983,6.511398],[-75.316149,6.511498],[-75.316218,6.511518],[-75.316263,6.511526],[-75.316328,6.511612],[-75.31635,6.511765],[-75.316461,6.511867],[-75.316573,6.511859],[-75.316684,6.511794],[-75.316774,6.511711],[-75.316869,6.511702],[-75.316976,6.511763],[-75.317075,6.511887],[-75.317142,6.512006],[-75.317245,6.512076],[-75.317348,6.512092],[-75.317447,6.5121],[-75.317509,6.512149],[-75.317596,6.512199],[-75.317691,6.512161],[-75.31779,6.512178],[-75.317905,6.512194],[-75.318012,6.512205],[-75.318065,6.512236],[-75.318103,6.512263],[-75.318165,6.512378],[-75.318214,6.512468],[-75.318293,6.512485],[-75.318441,6.512478],[-75.318554,6.512454],[-75.318682,6.51246],[-75.318744,6.512462],[-75.318834,6.512478],[-75.318889,6.512488],[-75.318911,6.512485],[-75.319023,6.512464],[-75.319166,6.512457],[-75.319264,6.512481],[-75.319286,6.512486],[-75.31927,6.512385],[-75.319262,6.512295],[-75.319257,6.512211],[-75.319282,6.512082],[-75.319279,6.511964],[-75.319281,6.511831],[-75.319284,6.511783],[-75.319287,6.511684],[-75.319298,6.511561],[-75.319318,6.511475],[-75.31933,6.511421],[-75.319374,6.511272],[-75.319382,6.511243],[-75.31942,6.511057],[-75.319451,6.510809],[-75.31949,6.510595],[-75.319549,6.510418],[-75.319612,6.510266],[-75.31969,6.510161],[-75.319888,6.509828],[-75.319916,6.509793],[-75.319999,6.509688],[-75.32004,6.509639],[-75.320105,6.509563],[-75.320141,6.509522],[-75.320268,6.509374],[-75.320395,6.509205],[-75.320477,6.509097],[-75.320566,6.508873],[-75.320599,6.508683],[-75.320619,6.50843],[-75.320629,6.508184],[-75.320622,6.507978],[-75.320621,6.507805],[-75.320657,6.507633],[-75.320752,6.50743],[-75.32085,6.507302],[-75.320981,6.507199],[-75.321042,6.507197],[-75.321095,6.507194],[-75.321151,6.507192],[-75.321474,6.507156],[-75.321616,6.507173],[-75.321681,6.507181],[-75.321796,6.507224],[-75.321983,6.507289],[-75.322201,6.507401],[-75.32241,6.507574],[-75.322588,6.507673],[-75.322772,6.507782],[-75.322848,6.507838],[-75.322997,6.507891],[-75.323149,6.507945],[-75.32331,6.507973],[-75.323456,6.507961],[-75.323464,6.507947],[-75.323715,6.507803],[-75.323894,6.507551],[-75.324144,6.50712],[-75.324107,6.506833],[-75.323819,6.506188],[-75.323711,6.505973],[-75.32371,6.505686],[-75.323853,6.505434],[-75.323996,6.505255],[-75.324246,6.505075],[-75.324434,6.5049],[-75.324712,6.504643],[-75.324963,6.50457],[-75.325465,6.504462],[-75.325564,6.50445],[-75.325787,6.504425],[-75.32611,6.504245],[-75.326289,6.504029],[-75.326503,6.503706],[-75.32661,6.50349],[-75.326785,6.503315],[-75.326789,6.50331],[-75.327075,6.502951],[-75.327218,6.502771],[-75.32754,6.502519],[-75.327563,6.502505],[-75.327934,6.502267],[-75.328471,6.501799],[-75.328829,6.501475],[-75.329187,6.501187],[-75.329509,6.5009],[-75.329796,6.500719],[-75.330154,6.500575],[-75.330405,6.500467],[-75.3308,6.500466],[-75.331159,6.500501],[-75.33141,6.500428],[-75.331732,6.500248],[-75.331983,6.500068],[-75.332162,6.500068],[-75.332485,6.499959],[-75.332879,6.499779],[-75.333309,6.499706],[-75.333668,6.499634],[-75.334026,6.499633],[-75.334385,6.499632],[-75.334744,6.499631],[-75.335055,6.499724],[-75.335103,6.499738],[-75.33539,6.499845],[-75.335677,6.499987],[-75.335724,6.50001],[-75.335893,6.500094],[-75.336072,6.500202],[-75.336233,6.500266],[-75.336252,6.500273],[-75.336467,6.500308],[-75.336826,6.500379],[-75.337149,6.500342],[-75.337328,6.500297],[-75.337436,6.50027],[-75.33783,6.500054],[-75.338116,6.499658],[-75.338402,6.499335],[-75.338545,6.499191],[-75.338832,6.499154],[-75.339084,6.499441],[-75.339335,6.499619],[-75.339515,6.499834],[-75.339695,6.500013],[-75.339983,6.500228],[-75.340234,6.500335],[-75.340557,6.500298],[-75.340664,6.500226],[-75.340771,6.500046],[-75.340914,6.499831],[-75.34095,6.499687],[-75.341021,6.499508],[-75.3412,6.499471],[-75.341452,6.499471],[-75.341738,6.499362],[-75.341953,6.499147],[-75.342168,6.498967],[-75.342418,6.498715],[-75.342705,6.498463],[-75.342848,6.498319],[-75.343063,6.498247],[-75.343529,6.498102],[-75.343959,6.498029],[-75.344425,6.497849],[-75.344927,6.497847],[-75.345033,6.497741],[-75.345249,6.497524],[-75.34532,6.497093],[-75.345355,6.496734],[-75.34539,6.496304],[-75.345604,6.49598],[-75.345854,6.495728],[-75.346213,6.495512],[-75.346499,6.495332],[-75.346786,6.495188],[-75.347144,6.494936],[-75.347359,6.494792],[-75.347716,6.49436],[-75.348218,6.493964],[-75.348576,6.493748],[-75.348862,6.493317],[-75.349112,6.493029],[-75.349363,6.492777],[-75.349721,6.492561],[-75.350366,6.492416],[-75.350653,6.492308],[-75.350939,6.492092],[-75.351226,6.491912],[-75.351584,6.491731],[-75.351835,6.491623],[-75.352193,6.491443],[-75.352623,6.491298],[-75.35291,6.49119],[-75.353196,6.490938],[-75.353369,6.490659],[-75.353375,6.490651],[-75.353387,6.49062],[-75.353429,6.49052],[-75.353544,6.490242],[-75.353553,6.49022],[-75.353582,6.490173],[-75.353642,6.490077],[-75.353732,6.489932],[-75.35409,6.489608],[-75.354268,6.489321],[-75.354519,6.489033],[-75.354677,6.488741],[-75.354733,6.488638],[-75.354883,6.488367],[-75.354911,6.488315],[-75.355018,6.488027],[-75.355233,6.487704],[-75.355447,6.487452],[-75.35574,6.487321],[-75.35577,6.487308],[-75.356236,6.487163],[-75.356451,6.487163],[-75.357204,6.487017],[-75.357635,6.487088],[-75.357994,6.487159],[-75.358352,6.487229],[-75.358747,6.4873],[-75.359249,6.487263],[-75.359455,6.487201],[-75.359608,6.487155],[-75.359966,6.486938],[-75.360238,6.486583],[-75.360323,6.486471],[-75.360466,6.486184],[-75.360546,6.485977],[-75.360716,6.485537],[-75.360858,6.48525],[-75.361073,6.484962],[-75.36118,6.484711],[-75.36143,6.484244],[-75.361675,6.483812],[-75.361716,6.483741],[-75.362037,6.483381],[-75.362324,6.483273],[-75.362646,6.483021],[-75.362789,6.482554],[-75.362788,6.482195],[-75.362679,6.481944],[-75.362535,6.48155],[-75.362534,6.481299],[-75.362534,6.480976],[-75.362641,6.48076],[-75.362855,6.480545],[-75.362906,6.480511],[-75.36307,6.480401],[-75.363357,6.480149],[-75.363499,6.479897],[-75.363499,6.479574],[-75.363247,6.479324],[-75.363239,6.479316],[-75.363067,6.479145],[-75.363102,6.478965],[-75.363066,6.478607],[-75.363244,6.478283],[-75.363351,6.477996],[-75.363422,6.477673],[-75.363457,6.477386],[-75.363492,6.477099],[-75.363455,6.476632],[-75.363419,6.476417],[-75.363454,6.476058],[-75.36356,6.475663],[-75.363739,6.47534],[-75.363954,6.475088],[-75.364133,6.47516],[-75.364493,6.475517],[-75.364744,6.475804],[-75.365103,6.475875],[-75.365354,6.475766],[-75.365533,6.475587],[-75.365699,6.47542],[-75.365819,6.475299],[-75.365926,6.475083],[-75.366069,6.474796],[-75.366098,6.474576],[-75.36614,6.474258],[-75.366139,6.473971],[-75.366174,6.473648],[-75.36628,6.473181],[-75.366351,6.472607],[-75.36635,6.47236],[-75.36635,6.47232],[-75.366528,6.471996],[-75.36685,6.471708],[-75.36722,6.471438],[-75.367244,6.47142],[-75.367674,6.471204],[-75.368069,6.471131],[-75.368332,6.470925],[-75.36839,6.47088],[-75.368391,6.470879],[-75.368426,6.470592],[-75.368317,6.470234],[-75.368137,6.469911],[-75.368028,6.469445],[-75.368027,6.46905],[-75.36799,6.46862],[-75.367954,6.468333],[-75.367953,6.467974],[-75.367952,6.467651],[-75.367916,6.467436],[-75.367879,6.467221],[-75.367842,6.466647],[-75.367912,6.466144],[-75.367839,6.465606],[-75.367802,6.465176],[-75.367801,6.464781],[-75.368266,6.464134],[-75.368911,6.463774],[-75.369448,6.463593],[-75.36995,6.463305],[-75.370201,6.463233],[-75.370523,6.463016],[-75.370674,6.462882],[-75.370845,6.462729],[-75.371203,6.462477],[-75.371561,6.462296],[-75.37192,6.462116],[-75.372386,6.462007],[-75.372617,6.461943],[-75.37278,6.461898],[-75.373246,6.461682],[-75.373629,6.461425],[-75.373675,6.461394],[-75.373766,6.461312],[-75.374033,6.46107],[-75.374284,6.460747],[-75.374677,6.460207],[-75.374963,6.459848],[-75.374981,6.45982],[-75.375249,6.459417],[-75.375575,6.459285],[-75.375607,6.459272],[-75.37575,6.459021],[-75.375892,6.458697],[-75.376035,6.45841],[-75.376088,6.458278],[-75.376249,6.457871],[-75.376464,6.457584],[-75.376678,6.457404],[-75.377037,6.457331],[-75.377396,6.45733],[-75.377718,6.457365],[-75.378042,6.457472],[-75.378329,6.457615],[-75.378795,6.457721],[-75.379154,6.457792],[-75.379477,6.457827],[-75.3798,6.45779],[-75.380051,6.45761],[-75.380373,6.457466],[-75.38066,6.457465],[-75.380947,6.457572],[-75.381234,6.457643],[-75.38139,6.457687],[-75.381486,6.457714],[-75.381844,6.457785],[-75.382095,6.457785],[-75.382136,6.457774],[-75.382382,6.457712],[-75.382741,6.457711],[-75.383016,6.457765],[-75.3831,6.457782],[-75.383423,6.457853],[-75.383746,6.457852],[-75.384068,6.4576],[-75.384318,6.45742],[-75.384892,6.457167],[-75.385178,6.457023],[-75.385787,6.456806],[-75.386218,6.456734],[-75.386469,6.456733],[-75.386684,6.456696],[-75.386971,6.45666],[-75.387043,6.45666],[-75.387293,6.456408],[-75.387508,6.456228],[-75.387794,6.45612],[-75.388081,6.456011],[-75.388332,6.455975],[-75.388727,6.455938],[-75.389014,6.455973],[-75.389265,6.456044],[-75.389516,6.456187],[-75.389522,6.456191],[-75.389659,6.455935],[-75.389515,6.455505],[-75.389442,6.455147],[-75.389441,6.454824],[-75.389405,6.454573],[-75.389368,6.454322],[-75.389475,6.454034],[-75.389582,6.453711],[-75.389688,6.453065],[-75.389687,6.452778],[-75.389686,6.452527],[-75.389686,6.452276],[-75.389756,6.451845],[-75.389863,6.451558],[-75.38997,6.451127],[-75.390112,6.450768],[-75.390255,6.450444],[-75.390254,6.450265],[-75.390218,6.450086],[-75.39011,6.449799],[-75.38993,6.449548],[-75.390001,6.449261],[-75.389821,6.449154],[-75.389606,6.449154],[-75.389426,6.449083],[-75.389246,6.448832],[-75.389137,6.448259],[-75.3891,6.4479],[-75.389167,6.44772],[-75.389207,6.447613],[-75.389458,6.447469],[-75.389816,6.44736],[-75.389994,6.447379],[-75.390139,6.447395],[-75.390356,6.44737],[-75.390678,6.447501],[-75.390893,6.447537],[-75.391215,6.447428],[-75.391358,6.447213],[-75.391393,6.44689],[-75.391429,6.446674],[-75.391464,6.446531],[-75.391643,6.446279],[-75.391893,6.44592],[-75.392143,6.445668],[-75.392394,6.445488],[-75.392788,6.445307],[-75.393074,6.444984],[-75.393253,6.44466],[-75.393288,6.444337],[-75.393359,6.443978],[-75.39343,6.443763],[-75.393644,6.443475],[-75.393858,6.44308],[-75.394288,6.442756],[-75.394861,6.442396],[-75.395326,6.442036],[-75.395792,6.441819],[-75.396114,6.441639],[-75.39633,6.441639],[-75.396622,6.441693],[-75.396904,6.441745],[-75.397622,6.442102],[-75.398053,6.442208],[-75.398591,6.442279],[-75.399129,6.442385],[-75.399518,6.442444],[-75.399596,6.442455],[-75.400026,6.44249],[-75.400421,6.442597],[-75.400604,6.442617],[-75.401067,6.442667],[-75.401569,6.442666],[-75.401999,6.442664],[-75.402573,6.442627],[-75.403075,6.442554],[-75.403505,6.442445],[-75.403863,6.442193],[-75.404114,6.442013],[-75.404472,6.441653],[-75.404794,6.441401],[-75.404954,6.44126],[-75.40508,6.44115],[-75.405318,6.441053],[-75.405618,6.440933],[-75.405976,6.440824],[-75.406239,6.440853],[-75.406299,6.440859],[-75.406586,6.441002],[-75.406909,6.441181],[-75.407233,6.441359],[-75.407664,6.441573],[-75.408093,6.441664],[-75.408166,6.44168],[-75.408282,6.441663],[-75.408417,6.441643],[-75.408811,6.441534],[-75.409206,6.441426],[-75.409493,6.441461],[-75.409995,6.441675],[-75.410282,6.441746],[-75.410513,6.441806],[-75.410964,6.441924],[-75.41161,6.442101],[-75.412077,6.442172],[-75.4124,6.442314],[-75.412921,6.442411],[-75.412974,6.442421],[-75.413369,6.442491],[-75.413979,6.442633],[-75.414409,6.44256],[-75.414696,6.442344],[-75.415233,6.442128],[-75.415592,6.442091],[-75.415861,6.442115],[-75.415986,6.442126],[-75.416345,6.442232],[-75.416704,6.442375],[-75.417063,6.442553],[-75.417315,6.442625],[-75.417566,6.44266],[-75.417745,6.442588],[-75.417924,6.442408],[-75.41821,6.442227],[-75.418533,6.442047],[-75.418856,6.442046],[-75.419161,6.442129],[-75.41925,6.442153],[-75.419466,6.442224],[-75.41986,6.442151],[-75.420075,6.442115],[-75.420361,6.441863],[-75.4204,6.441863],[-75.420792,6.441862],[-75.421151,6.441861],[-75.421939,6.441787],[-75.422836,6.441677],[-75.42305,6.441605],[-75.423266,6.441533],[-75.423624,6.441424],[-75.42399,6.441331],[-75.424054,6.441315],[-75.42417,6.441272],[-75.424735,6.441062],[-75.425201,6.440774],[-75.425324,6.440726],[-75.425666,6.440593],[-75.425675,6.440588],[-75.426383,6.440197],[-75.426638,6.440119],[-75.4271,6.43998],[-75.427637,6.439871],[-75.427924,6.43987],[-75.428283,6.439833],[-75.428465,6.439741],[-75.428641,6.439653],[-75.428786,6.439671],[-75.428928,6.439688],[-75.42918,6.439902],[-75.429431,6.440153],[-75.42979,6.44026],[-75.430472,6.44033],[-75.430938,6.440221],[-75.431403,6.439753],[-75.431617,6.439358],[-75.431903,6.43907],[-75.431908,6.439067],[-75.432278,6.43883],[-75.432297,6.438818],[-75.432512,6.438674],[-75.432906,6.438529],[-75.433337,6.438528],[-75.434054,6.438419],[-75.434483,6.438166],[-75.43477,6.437878],[-75.435056,6.437555],[-75.435378,6.437375],[-75.436059,6.437373],[-75.436418,6.437444],[-75.436587,6.437593],[-75.436742,6.43773],[-75.436889,6.437876],[-75.436958,6.437944],[-75.436999,6.437951],[-75.437173,6.43798],[-75.437783,6.438229],[-75.43782,6.438278],[-75.437891,6.438372],[-75.438143,6.438659],[-75.438251,6.438766],[-75.43843,6.438837],[-75.438825,6.438872],[-75.439183,6.438764],[-75.439398,6.43862],[-75.439613,6.438332],[-75.439863,6.438008],[-75.440077,6.437613],[-75.440086,6.437586],[-75.440184,6.43729],[-75.440326,6.436931],[-75.440505,6.436608],[-75.440684,6.436464],[-75.440845,6.436391],[-75.441006,6.436319],[-75.441443,6.436249],[-75.441687,6.43621],[-75.442011,6.436388],[-75.442262,6.436531],[-75.442622,6.436889],[-75.442909,6.437103],[-75.443268,6.437282],[-75.443591,6.437353],[-75.44395,6.437388],[-75.444201,6.437387],[-75.444524,6.437386],[-75.444883,6.437529],[-75.444945,6.437573],[-75.445135,6.437707],[-75.445421,6.437671],[-75.445742,6.437477],[-75.445779,6.437455],[-75.446066,6.437131],[-75.446244,6.436628],[-75.446601,6.436268],[-75.446888,6.436088],[-75.446957,6.436065],[-75.44721,6.43598],[-75.447604,6.435835],[-75.448034,6.435726],[-75.448393,6.435654],[-75.448553,6.435653],[-75.448823,6.435652],[-75.449146,6.435795],[-75.449506,6.435974],[-75.449721,6.436116],[-75.450008,6.436223],[-75.450367,6.43633],[-75.450583,6.436437],[-75.450799,6.436616],[-75.451052,6.436674],[-75.45107,6.436678],[-75.45107,6.436678],[-75.450691,6.435823],[-75.450232,6.435025],[-75.449849,6.434474],[-75.449536,6.434378],[-75.449152,6.434262],[-75.448737,6.434085],[-75.448506,6.433812],[-75.448281,6.433321],[-75.448281,6.433321],[-75.448038,6.432859],[-75.448037,6.432862],[-75.448037,6.432862],[-75.447953,6.432704],[-75.447902,6.432608],[-75.447902,6.432608],[-75.447548,6.432201],[-75.447548,6.432201],[-75.447168,6.431817],[-75.447168,6.431817],[-75.446764,6.431335],[-75.446505,6.430977],[-75.446261,6.430495],[-75.446004,6.429921],[-75.445702,6.429372],[-75.445476,6.428881],[-75.445325,6.428267],[-75.445315,6.428147],[-75.445303,6.427998],[-75.445308,6.427578],[-75.44533,6.427281],[-75.445042,6.427209],[-75.444758,6.427012],[-75.444685,6.426995],[-75.444614,6.426979],[-75.444365,6.426831],[-75.444341,6.426817],[-75.444015,6.426662],[-75.443791,6.426513],[-75.443537,6.426431],[-75.443537,6.426431],[-75.443179,6.426472],[-75.442782,6.426538],[-75.442782,6.426538],[-75.442651,6.426597],[-75.442406,6.426707],[-75.441969,6.426785],[-75.441914,6.426785],[-75.441697,6.426786],[-75.441078,6.426679],[-75.440631,6.426619],[-75.440631,6.426619],[-75.440273,6.42659],[-75.440049,6.426557],[-75.439931,6.42654],[-75.439614,6.426373],[-75.439442,6.426308],[-75.43935,6.426063],[-75.43935,6.426063],[-75.439274,6.425803],[-75.439099,6.42556],[-75.439099,6.42556],[-75.439013,6.42536],[-75.438787,6.425214],[-75.438787,6.425214],[-75.438582,6.425044],[-75.438376,6.424749],[-75.438115,6.424499],[-75.437935,6.424296],[-75.437805,6.42406],[-75.437805,6.42406],[-75.437715,6.423905],[-75.437648,6.423746],[-75.43761,6.423655],[-75.43753,6.423453],[-75.437443,6.422956],[-75.437443,6.422956],[-75.43741,6.422507],[-75.43741,6.422507],[-75.43736,6.422244],[-75.43736,6.422244],[-75.437198,6.422026],[-75.437042,6.421808],[-75.437025,6.421644],[-75.437075,6.421362],[-75.437262,6.421105],[-75.437351,6.420836],[-75.437367,6.420621],[-75.437375,6.420517],[-75.437375,6.420517],[-75.437284,6.420092],[-75.437012,6.419801],[-75.436749,6.41967],[-75.436638,6.419471],[-75.436494,6.419244],[-75.436398,6.419042],[-75.436238,6.418863],[-75.436278,6.418479],[-75.436262,6.41809],[-75.436184,6.418003],[-75.436108,6.417919],[-75.435981,6.417684],[-75.435937,6.417604],[-75.435937,6.417604],[-75.435805,6.417481],[-75.43557,6.417344],[-75.43536,6.41718],[-75.435116,6.417068],[-75.435116,6.417068],[-75.434794,6.416907],[-75.43457,6.416809],[-75.434383,6.416726],[-75.434383,6.416726],[-75.434101,6.416514],[-75.433916,6.41627],[-75.433824,6.416068],[-75.433797,6.416009],[-75.433667,6.415631],[-75.433599,6.415526],[-75.433537,6.415428],[-75.433484,6.415267],[-75.433443,6.415141],[-75.433267,6.414891],[-75.433222,6.414826],[-75.432928,6.414616],[-75.432559,6.414356],[-75.432559,6.414356],[-75.432121,6.414037],[-75.431824,6.413824],[-75.431578,6.413649],[-75.431256,6.413408],[-75.430886,6.413162],[-75.430886,6.413162],[-75.43055,6.412926],[-75.430292,6.412679],[-75.430099,6.412543],[-75.430002,6.412475],[-75.430002,6.412475],[-75.429724,6.412275],[-75.429511,6.412151],[-75.429413,6.412094],[-75.429413,6.412094],[-75.429252,6.411915],[-75.429023,6.41178],[-75.428679,6.41158],[-75.428585,6.411424],[-75.428502,6.411285],[-75.428339,6.410968],[-75.428339,6.410968],[-75.428197,6.410542],[-75.42806,6.41007],[-75.427912,6.40973],[-75.427912,6.40973],[-75.427785,6.409548],[-75.42749,6.409345],[-75.42749,6.409345],[-75.427237,6.409129],[-75.426923,6.408908],[-75.426923,6.408908],[-75.426676,6.408647],[-75.42642,6.408567],[-75.426174,6.408471],[-75.426168,6.408469],[-75.425922,6.408208],[-75.425751,6.408005],[-75.425692,6.407935],[-75.425334,6.407891],[-75.425303,6.407887],[-75.425133,6.407774],[-75.425147,6.407685],[-75.425259,6.407543],[-75.425302,6.407464],[-75.425272,6.407207],[-75.425182,6.407045],[-75.425164,6.407013],[-75.425164,6.407013],[-75.424931,6.406868],[-75.424729,6.406689],[-75.424623,6.406547],[-75.424567,6.406471],[-75.424312,6.406215],[-75.424091,6.406002],[-75.424053,6.405965],[-75.423815,6.405692],[-75.42363,6.405494],[-75.423454,6.405296],[-75.423323,6.405171],[-75.423187,6.405035],[-75.423004,6.404852],[-75.422786,6.404691],[-75.422522,6.40464],[-75.422303,6.404551],[-75.421987,6.404706],[-75.421633,6.404781],[-75.421633,6.404781],[-75.421454,6.404798],[-75.421253,6.404683],[-75.421611,6.404637],[-75.421624,6.404636],[-75.421624,6.404636],[-75.421824,6.404462],[-75.42188,6.404226],[-75.421793,6.403953],[-75.421789,6.403764],[-75.421786,6.403639],[-75.421786,6.403639],[-75.421621,6.40329],[-75.421436,6.403015],[-75.421142,6.402601],[-75.420831,6.40225],[-75.420635,6.40188],[-75.4204,6.401521],[-75.420377,6.401393],[-75.420349,6.401233],[-75.420337,6.401048],[-75.420329,6.400914],[-75.420329,6.400914],[-75.420575,6.400514],[-75.420786,6.400439],[-75.420942,6.400462],[-75.421104,6.400483],[-75.421022,6.400281],[-75.420984,6.400078],[-75.421002,6.399875],[-75.421094,6.399727],[-75.421094,6.399727],[-75.421149,6.399579],[-75.421149,6.399579],[-75.421241,6.399431],[-75.421315,6.399302],[-75.421314,6.39908],[-75.421258,6.398878],[-75.421165,6.398657],[-75.421165,6.398656],[-75.421109,6.398472],[-75.421109,6.398472],[-75.421035,6.398287],[-75.420979,6.398047],[-75.42096,6.397826],[-75.420941,6.397568],[-75.420941,6.397568],[-75.420959,6.397327],[-75.420959,6.397327],[-75.421013,6.397032],[-75.421068,6.396847],[-75.421068,6.396847],[-75.421068,6.396626],[-75.421086,6.396441],[-75.421104,6.396256],[-75.421066,6.396072],[-75.421066,6.396072],[-75.420992,6.395887],[-75.420992,6.395887],[-75.420807,6.395685],[-75.420677,6.395519],[-75.420545,6.395404],[-75.420529,6.39539],[-75.420473,6.395187],[-75.420473,6.395187],[-75.420418,6.395021],[-75.42035,6.394898],[-75.420306,6.394818],[-75.420199,6.394681],[-75.420177,6.394652],[-75.420177,6.394652],[-75.420047,6.394468],[-75.419917,6.394411],[-75.419881,6.394395],[-75.419881,6.394395],[-75.419604,6.39434],[-75.41929,6.394286],[-75.41929,6.394286],[-75.419221,6.394296],[-75.419032,6.394323],[-75.418893,6.394345],[-75.418792,6.394361],[-75.418552,6.394417],[-75.418552,6.394417],[-75.418257,6.394436],[-75.418257,6.394436],[-75.418194,6.394449],[-75.417888,6.394511],[-75.417752,6.394549],[-75.417556,6.394604],[-75.417464,6.394655],[-75.41739,6.394697],[-75.416966,6.394845],[-75.416966,6.394845],[-75.416745,6.394994],[-75.416745,6.394994],[-75.416524,6.395105],[-75.416321,6.395216],[-75.4161,6.395309],[-75.4161,6.395309],[-75.415805,6.395439],[-75.415399,6.395514],[-75.414901,6.395571],[-75.414858,6.395577],[-75.414532,6.395627],[-75.414089,6.395665],[-75.414089,6.395665],[-75.41372,6.395722],[-75.413406,6.395685],[-75.413055,6.395613],[-75.41276,6.395595],[-75.412465,6.395577],[-75.412132,6.395486],[-75.411874,6.395376],[-75.41169,6.395205],[-75.411578,6.395099],[-75.411282,6.394786],[-75.411096,6.394473],[-75.410962,6.394194],[-75.410892,6.394049],[-75.410892,6.394049],[-75.41078,6.393643],[-75.410724,6.3932],[-75.410724,6.3932],[-75.41063,6.392683],[-75.4106,6.392493],[-75.410574,6.392333],[-75.410389,6.392038],[-75.410389,6.392038],[-75.410148,6.391724],[-75.409981,6.391411],[-75.409767,6.391185],[-75.409635,6.390845],[-75.409635,6.390845],[-75.409398,6.390347],[-75.409398,6.390347],[-75.409292,6.389875],[-75.40916,6.389429],[-75.409054,6.38901],[-75.408895,6.388617],[-75.408895,6.388617],[-75.408816,6.38825],[-75.408683,6.387778],[-75.408525,6.387411],[-75.408262,6.387071],[-75.408104,6.38694],[-75.408051,6.38673],[-75.40805,6.386363],[-75.40806,6.386306],[-75.408076,6.386205],[-75.408154,6.385917],[-75.408154,6.385917],[-75.408258,6.38568],[-75.408231,6.385366],[-75.408152,6.385077],[-75.4079,6.38481],[-75.407758,6.384659],[-75.40739,6.384292],[-75.407203,6.384133],[-75.407022,6.383978],[-75.406759,6.383769],[-75.40647,6.383429],[-75.40647,6.383429],[-75.406285,6.383088],[-75.406172,6.382896],[-75.406101,6.382774],[-75.406101,6.382774],[-75.406047,6.382407],[-75.406047,6.382407],[-75.405915,6.38183],[-75.405782,6.381457],[-75.405756,6.381385],[-75.405546,6.380992],[-75.40544,6.380598],[-75.40544,6.380598],[-75.405281,6.380232],[-75.405097,6.379786],[-75.405069,6.379393],[-75.405121,6.379104],[-75.405299,6.378836],[-75.40533,6.378789],[-75.405461,6.378526],[-75.40559,6.378291],[-75.405591,6.37829],[-75.405591,6.37829],[-75.405643,6.377948],[-75.405643,6.377948],[-75.405642,6.377555],[-75.405642,6.377555],[-75.40564,6.377083],[-75.40564,6.377083],[-75.405692,6.376723],[-75.405692,6.376723],[-75.405691,6.376435],[-75.40548,6.376068],[-75.40548,6.376068],[-75.40527,6.375754],[-75.405164,6.375518],[-75.405242,6.375177],[-75.4053,6.374904],[-75.40532,6.374809],[-75.405319,6.37439],[-75.405319,6.37439],[-75.405291,6.373944],[-75.405133,6.373498],[-75.405133,6.373498],[-75.405001,6.373052],[-75.404816,6.372712],[-75.404632,6.37245],[-75.404526,6.372162],[-75.404526,6.371821],[-75.404541,6.371581],[-75.404551,6.371427],[-75.40454,6.371268],[-75.404524,6.371008],[-75.404418,6.370641],[-75.404418,6.370641],[-75.404259,6.370247],[-75.404259,6.370247],[-75.404101,6.369802],[-75.404101,6.369802],[-75.40389,6.369252],[-75.403836,6.368921],[-75.403926,6.368649],[-75.403967,6.368527],[-75.404149,6.368212],[-75.404385,6.368054],[-75.404699,6.367922],[-75.404699,6.367922],[-75.404762,6.367875],[-75.404762,6.367875],[-75.404665,6.367816],[-75.404709,6.367794],[-75.40486,6.367708],[-75.404874,6.3677],[-75.404915,6.36765],[-75.404929,6.367608],[-75.404941,6.36757],[-75.404954,6.367532],[-75.404954,6.367532],[-75.404962,6.367482],[-75.404962,6.367482],[-75.404977,6.367392],[-75.405025,6.367253],[-75.405047,6.367189],[-75.405062,6.367025],[-75.405061,6.366861],[-75.405032,6.366425],[-75.405039,6.366366],[-75.405036,6.366244],[-75.405036,6.366244],[-75.405011,6.366148],[-75.404928,6.366051],[-75.404855,6.365952],[-75.404817,6.365898],[-75.404776,6.36584],[-75.404693,6.365708],[-75.404605,6.365568],[-75.404564,6.365482],[-75.404536,6.365421],[-75.404482,6.365297],[-75.404456,6.365241],[-75.404425,6.365175],[-75.404337,6.365118],[-75.4043,6.364977],[-75.404247,6.364913],[-75.404212,6.364871],[-75.404086,6.364724],[-75.404054,6.364694],[-75.403973,6.364615],[-75.403923,6.364578],[-75.403886,6.364551],[-75.403808,6.364553],[-75.403683,6.364575],[-75.403683,6.364575],[-75.403512,6.36463],[-75.403335,6.364688],[-75.40327,6.364711],[-75.40312,6.364765],[-75.40301,6.364799],[-75.402792,6.364882],[-75.402759,6.364897],[-75.402585,6.364973],[-75.402361,6.365081],[-75.40216,6.365177],[-75.401944,6.365253],[-75.401909,6.36527],[-75.401735,6.365355],[-75.401735,6.365355],[-75.401605,6.365398],[-75.401605,6.365398],[-75.401362,6.365401],[-75.401286,6.365416],[-75.401171,6.365437],[-75.400873,6.365468],[-75.400604,6.365489],[-75.400382,6.365485],[-75.400201,6.365495],[-75.400201,6.365495],[-75.399405,6.36562],[-75.398517,6.365967],[-75.39829,6.36608],[-75.398003,6.366204],[-75.397712,6.366325],[-75.397712,6.366325],[-75.397533,6.366434],[-75.397419,6.366489],[-75.397419,6.366489],[-75.397142,6.366662],[-75.396986,6.366718],[-75.396986,6.366718],[-75.39694,6.366739],[-75.396819,6.366794],[-75.396699,6.366811],[-75.396699,6.366811],[-75.396677,6.366807],[-75.396534,6.366779],[-75.396362,6.366736],[-75.396171,6.366714],[-75.396106,6.366704],[-75.396024,6.366691],[-75.395896,6.366693],[-75.395896,6.366693],[-75.395777,6.366713],[-75.395696,6.366736],[-75.395623,6.366771],[-75.395608,6.366776],[-75.394862,6.367046],[-75.394771,6.367083],[-75.394724,6.367102],[-75.394564,6.367169],[-75.394564,6.367169],[-75.394417,6.367194],[-75.394377,6.3672],[-75.394252,6.367218],[-75.394178,6.367235],[-75.394112,6.36725],[-75.393896,6.367315],[-75.393757,6.367391],[-75.393613,6.367489],[-75.393613,6.367489],[-75.393411,6.367666],[-75.393292,6.367754],[-75.393169,6.367848],[-75.393169,6.367848],[-75.393013,6.36798],[-75.393013,6.36798],[-75.392882,6.368098],[-75.392877,6.368099],[-75.3928,6.368118],[-75.392718,6.368112],[-75.392649,6.368107],[-75.392497,6.368099],[-75.392492,6.368099],[-75.392492,6.368099],[-75.392164,6.368095],[-75.391944,6.368082],[-75.391705,6.368051],[-75.391427,6.367999],[-75.391202,6.367986],[-75.391048,6.368003],[-75.391041,6.368004],[-75.390904,6.368021],[-75.390743,6.368035],[-75.39055,6.368105],[-75.39055,6.368105],[-75.390464,6.368163],[-75.390315,6.368267],[-75.390143,6.368366],[-75.390045,6.368417],[-75.390045,6.368417],[-75.389209,6.368979],[-75.389111,6.369064],[-75.389003,6.369127],[-75.389003,6.369127],[-75.388886,6.369211],[-75.388886,6.369211],[-75.388693,6.369332],[-75.388526,6.369418],[-75.388526,6.369418],[-75.388498,6.369431],[-75.388338,6.369504],[-75.388201,6.369571],[-75.388201,6.369571],[-75.388154,6.369599],[-75.388061,6.369656],[-75.387988,6.369718],[-75.38797,6.36978],[-75.387927,6.369939],[-75.387927,6.369942],[-75.387941,6.370052],[-75.387953,6.370174],[-75.38796,6.37024],[-75.387972,6.370348],[-75.38799,6.370481],[-75.38799,6.370481],[-75.387992,6.370518],[-75.387998,6.370621],[-75.387998,6.370621],[-75.387998,6.3708],[-75.388001,6.371022],[-75.387996,6.371146],[-75.387993,6.371245],[-75.387971,6.371416],[-75.387943,6.371539],[-75.387893,6.371645],[-75.387893,6.371645],[-75.387786,6.371801],[-75.387667,6.371986],[-75.387542,6.372165],[-75.387542,6.372165],[-75.387358,6.372343],[-75.387358,6.372343],[-75.387201,6.372446],[-75.387201,6.372446],[-75.386969,6.37258],[-75.386717,6.372664],[-75.386495,6.372818],[-75.386074,6.373018],[-75.385754,6.373081],[-75.385754,6.373081],[-75.385462,6.372996],[-75.385343,6.372969],[-75.385107,6.372986],[-75.385043,6.373004],[-75.385024,6.37301],[-75.385024,6.37301],[-75.384848,6.373104],[-75.384738,6.373166],[-75.384611,6.373229],[-75.384611,6.373229],[-75.384453,6.373249],[-75.384368,6.373216],[-75.384368,6.373216],[-75.384279,6.373147],[-75.384191,6.37312],[-75.384093,6.373132],[-75.384005,6.373149],[-75.383944,6.37316],[-75.383826,6.373204],[-75.383826,6.373204],[-75.383763,6.373284],[-75.38371,6.373374],[-75.383625,6.373439],[-75.383511,6.373446],[-75.383388,6.373364],[-75.383285,6.373224],[-75.383285,6.373224],[-75.383225,6.373109],[-75.383153,6.372997],[-75.383061,6.372898],[-75.382997,6.37286],[-75.382866,6.372826],[-75.382733,6.372833],[-75.382526,6.372877],[-75.3824,6.372825],[-75.38223,6.372748],[-75.382138,6.372707],[-75.382032,6.372661],[-75.381754,6.372566],[-75.381508,6.372477],[-75.381508,6.372477],[-75.381223,6.3724],[-75.381042,6.372381],[-75.379979,6.372231],[-75.379899,6.372229],[-75.379777,6.372232],[-75.379511,6.372251],[-75.379511,6.372251],[-75.37938,6.372254],[-75.37938,6.372254],[-75.379188,6.372238],[-75.379105,6.372226],[-75.378928,6.372202],[-75.378722,6.372169],[-75.378708,6.372167],[-75.378708,6.372167],[-75.378453,6.372114],[-75.378292,6.372019],[-75.378134,6.371905],[-75.378119,6.371895],[-75.378119,6.371895],[-75.377919,6.371873],[-75.37775,6.37191],[-75.377587,6.371924],[-75.377587,6.371924],[-75.377433,6.371862],[-75.377433,6.371862],[-75.377263,6.371854],[-75.377167,6.371878],[-75.377149,6.37189],[-75.377023,6.371974],[-75.376949,6.372009],[-75.376864,6.372048],[-75.376784,6.372079],[-75.376784,6.372079],[-75.376723,6.372177],[-75.376723,6.372177],[-75.376686,6.372311],[-75.376686,6.372311],[-75.376613,6.372371],[-75.376473,6.372364],[-75.376391,6.372367],[-75.376278,6.372416],[-75.376278,6.372416],[-75.376132,6.372512],[-75.375999,6.372648],[-75.375979,6.372667],[-75.375896,6.372744],[-75.375772,6.372911],[-75.375772,6.372911],[-75.375755,6.372941],[-75.375725,6.372991],[-75.375716,6.373113],[-75.375716,6.373113],[-75.37569,6.373246],[-75.37569,6.373246],[-75.375719,6.373408],[-75.375817,6.373586],[-75.375924,6.373713],[-75.376017,6.37385],[-75.376079,6.37401],[-75.376068,6.374193],[-75.376041,6.37437],[-75.376012,6.374445],[-75.375971,6.374551],[-75.375893,6.374724],[-75.375807,6.374913],[-75.37574,6.375016],[-75.375665,6.375092],[-75.375665,6.375092],[-75.375573,6.375134],[-75.375573,6.375134],[-75.37491,6.37534],[-75.374904,6.375343],[-75.374592,6.375486],[-75.374487,6.375535],[-75.374352,6.375613],[-75.374352,6.375613],[-75.374312,6.37563],[-75.374191,6.375682],[-75.374052,6.375736],[-75.374052,6.375736],[-75.373912,6.375756],[-75.373912,6.375756],[-75.373788,6.375777],[-75.373788,6.375777],[-75.373682,6.375835],[-75.373682,6.375835],[-75.373623,6.375897],[-75.373559,6.376004],[-75.37349,6.376068],[-75.373206,6.376209],[-75.373002,6.376291],[-75.372764,6.376386],[-75.372764,6.376386],[-75.372551,6.376406],[-75.372551,6.376406],[-75.372381,6.376395],[-75.372242,6.376404],[-75.372136,6.376455],[-75.372029,6.376523],[-75.372029,6.376523],[-75.371946,6.376626],[-75.371887,6.376724],[-75.371771,6.376786],[-75.371671,6.376855],[-75.371671,6.376855],[-75.371577,6.376902],[-75.371457,6.377007],[-75.371457,6.377007],[-75.371454,6.377014],[-75.371412,6.377127],[-75.371436,6.377232],[-75.371436,6.377232],[-75.371507,6.37733],[-75.371578,6.377405],[-75.371615,6.377523],[-75.371615,6.377523],[-75.371565,6.377638],[-75.371565,6.377638],[-75.371476,6.377693],[-75.371476,6.377693],[-75.371375,6.377719],[-75.371142,6.377727],[-75.370916,6.377763],[-75.370916,6.377763],[-75.370774,6.377811],[-75.370774,6.377811],[-75.370644,6.377839],[-75.370644,6.377839],[-75.370581,6.377854],[-75.37049,6.377875],[-75.370329,6.377908],[-75.370213,6.377962],[-75.370213,6.377962],[-75.370154,6.378058],[-75.370045,6.378666],[-75.370082,6.378967],[-75.370189,6.379233],[-75.370189,6.379233],[-75.37018,6.379255],[-75.370144,6.379348],[-75.370068,6.379424],[-75.370068,6.379424],[-75.369995,6.379521],[-75.370004,6.379606],[-75.369996,6.379735],[-75.369986,6.379865],[-75.369893,6.379911],[-75.369799,6.379956],[-75.369769,6.379971],[-75.369682,6.380016],[-75.369554,6.380126],[-75.369554,6.380126],[-75.369517,6.380167],[-75.369446,6.380246],[-75.369355,6.380335],[-75.369256,6.380418],[-75.369167,6.380487],[-75.36908,6.380564],[-75.36895,6.380748],[-75.368891,6.38085],[-75.368842,6.380928],[-75.368774,6.381015],[-75.368774,6.381015],[-75.368608,6.381196],[-75.368608,6.381196],[-75.368438,6.381235],[-75.368282,6.38129],[-75.368127,6.381319],[-75.368118,6.381321],[-75.368108,6.381323],[-75.367906,6.381383],[-75.367906,6.381383],[-75.367635,6.381437],[-75.367635,6.381437],[-75.367552,6.381453],[-75.367476,6.381506],[-75.367476,6.381506],[-75.367438,6.381602],[-75.367438,6.381602],[-75.367424,6.381713],[-75.367312,6.381831],[-75.367312,6.381831],[-75.367199,6.381932],[-75.367097,6.38204],[-75.366944,6.382155],[-75.366892,6.382178],[-75.366801,6.382219],[-75.36664,6.382237],[-75.366515,6.382232],[-75.366342,6.382238],[-75.366265,6.382333],[-75.366265,6.382333],[-75.365932,6.382614],[-75.365641,6.382799],[-75.365641,6.382799],[-75.365526,6.382832],[-75.365415,6.382968],[-75.365415,6.382968],[-75.365289,6.382923],[-75.365289,6.382923],[-75.365178,6.382905],[-75.365093,6.382881],[-75.36504,6.382894],[-75.364989,6.382907],[-75.364818,6.382996],[-75.364678,6.383084],[-75.364678,6.383084],[-75.364595,6.383178],[-75.364593,6.383182],[-75.364525,6.3833],[-75.364427,6.383409],[-75.364331,6.383494],[-75.364331,6.383494],[-75.364196,6.383563],[-75.364098,6.383596],[-75.364028,6.383619],[-75.363974,6.383639],[-75.363911,6.383662],[-75.363813,6.38372],[-75.363668,6.383787],[-75.36366,6.383795],[-75.363564,6.383887],[-75.363471,6.384001],[-75.363436,6.38403],[-75.363088,6.384313],[-75.362928,6.384614],[-75.362928,6.384614],[-75.362824,6.384744],[-75.362824,6.384744],[-75.362596,6.384895],[-75.362596,6.384895],[-75.362441,6.385102],[-75.362414,6.385236],[-75.362414,6.385414],[-75.362426,6.385467],[-75.362442,6.385547],[-75.362442,6.385547],[-75.362365,6.385612],[-75.362301,6.385601],[-75.362191,6.385583],[-75.362001,6.385561],[-75.361782,6.385523],[-75.361662,6.385525],[-75.361547,6.385527],[-75.361364,6.385587],[-75.36125,6.385676],[-75.361105,6.385693],[-75.360965,6.385645],[-75.360827,6.385658],[-75.360745,6.385799],[-75.360654,6.385942],[-75.360571,6.386075],[-75.360571,6.386075],[-75.360521,6.386222],[-75.360503,6.386342],[-75.360506,6.386366],[-75.360525,6.386513],[-75.360493,6.386544],[-75.360469,6.386567],[-75.360378,6.386607],[-75.360279,6.386683],[-75.360227,6.386801],[-75.360227,6.386801],[-75.360167,6.38689],[-75.360167,6.38689],[-75.360021,6.386999],[-75.360021,6.386999],[-75.359863,6.387139],[-75.359773,6.387209],[-75.359773,6.387209],[-75.359698,6.387284],[-75.359596,6.387411],[-75.359596,6.387411],[-75.359513,6.387509],[-75.359462,6.387652],[-75.359458,6.387773],[-75.359275,6.388014],[-75.35919,6.388125],[-75.358787,6.388108],[-75.358787,6.388108],[-75.358701,6.388171],[-75.35858,6.388255],[-75.35858,6.388255],[-75.358421,6.388345],[-75.35826,6.388438],[-75.35826,6.388438],[-75.358189,6.388447],[-75.358091,6.388459],[-75.357917,6.388455],[-75.357917,6.388455],[-75.3578,6.388501],[-75.357787,6.388615],[-75.357773,6.388742],[-75.357737,6.388867],[-75.357656,6.388916],[-75.357656,6.388916],[-75.357602,6.388969],[-75.357531,6.389062],[-75.357499,6.389085],[-75.357416,6.389147],[-75.357239,6.389228],[-75.357226,6.389234],[-75.357226,6.389234],[-75.357033,6.389305],[-75.356963,6.389339],[-75.356882,6.389379],[-75.35679,6.38947],[-75.356752,6.389523],[-75.356694,6.389603],[-75.35659,6.389757],[-75.35659,6.389757],[-75.35656,6.389811],[-75.356486,6.389942],[-75.356386,6.3901],[-75.356353,6.390149],[-75.356317,6.390205],[-75.356255,6.39031],[-75.356255,6.39031],[-75.356143,6.390403],[-75.356143,6.390403],[-75.356044,6.390468],[-75.356044,6.390468],[-75.355955,6.390512],[-75.355955,6.390512],[-75.355786,6.390581],[-75.35569,6.390567],[-75.35569,6.390567],[-75.355257,6.390531],[-75.355079,6.390519],[-75.354926,6.390509],[-75.354926,6.390509],[-75.354784,6.390518],[-75.354641,6.390619],[-75.354531,6.390735],[-75.354412,6.390818],[-75.354412,6.390818],[-75.354379,6.390836],[-75.354302,6.390878],[-75.354141,6.390906],[-75.354003,6.390925],[-75.353888,6.391035],[-75.353888,6.391035],[-75.353792,6.391155],[-75.353723,6.39127],[-75.353703,6.391287],[-75.353645,6.391335],[-75.353554,6.391418],[-75.353466,6.391482],[-75.353333,6.39157],[-75.353228,6.391644],[-75.353131,6.391709],[-75.353131,6.391709],[-75.352998,6.391774],[-75.352998,6.391774],[-75.352906,6.391843],[-75.352814,6.391948],[-75.352814,6.391948],[-75.352788,6.391964],[-75.352676,6.392031],[-75.352571,6.392105],[-75.352397,6.392262],[-75.352397,6.392262],[-75.351974,6.392497],[-75.35196,6.392506],[-75.351629,6.392696],[-75.351523,6.392758],[-75.351523,6.392758],[-75.351507,6.392767],[-75.351477,6.39278],[-75.351333,6.39284],[-75.351261,6.392859],[-75.35115,6.392888],[-75.350916,6.39293],[-75.350819,6.39294],[-75.35072,6.392981],[-75.35064,6.393027],[-75.35064,6.393027],[-75.350489,6.393094],[-75.350317,6.393168],[-75.350173,6.393254],[-75.350013,6.39337],[-75.349897,6.393516],[-75.349897,6.393516],[-75.349799,6.393655],[-75.349785,6.393696],[-75.349752,6.393791],[-75.349706,6.393931],[-75.349632,6.394056],[-75.349516,6.394102],[-75.349354,6.394114],[-75.349232,6.394155],[-75.349165,6.394258],[-75.34906,6.394355],[-75.348943,6.394382],[-75.348804,6.39441],[-75.348584,6.394446],[-75.34841,6.394511],[-75.34841,6.394511],[-75.348265,6.394591],[-75.348141,6.394979],[-75.348069,6.395201],[-75.347888,6.395197],[-75.347788,6.395189],[-75.347696,6.395183],[-75.347576,6.395189],[-75.347504,6.395197],[-75.347344,6.395216],[-75.347158,6.395252],[-75.347158,6.395252],[-75.347002,6.395305],[-75.346801,6.395393],[-75.346661,6.395486],[-75.34653,6.39556],[-75.34653,6.39556],[-75.346388,6.395686],[-75.346287,6.395785],[-75.346287,6.395785],[-75.346136,6.395914],[-75.346001,6.396055],[-75.345887,6.39615],[-75.345761,6.396237],[-75.345577,6.396348],[-75.345577,6.396348],[-75.345422,6.396467],[-75.34533,6.396587],[-75.345287,6.396666],[-75.345287,6.396666],[-75.345264,6.396763],[-75.345253,6.396959],[-75.345253,6.396959],[-75.345221,6.397018],[-75.345198,6.397061],[-75.345141,6.397059],[-75.345074,6.39705],[-75.345024,6.397044],[-75.344941,6.397046],[-75.344842,6.397067],[-75.34473,6.397082],[-75.344601,6.39707],[-75.3445,6.397031],[-75.344437,6.396982],[-75.344369,6.396929],[-75.344267,6.396862],[-75.344194,6.396814],[-75.344194,6.396814],[-75.344132,6.396766],[-75.344132,6.396766],[-75.343624,6.396459],[-75.343624,6.396459],[-75.343314,6.396335],[-75.343229,6.396295],[-75.34307,6.396271],[-75.342944,6.396244],[-75.342779,6.396219],[-75.342779,6.396219],[-75.342579,6.39621],[-75.342579,6.39621],[-75.342402,6.396199],[-75.342258,6.396221],[-75.342125,6.396228],[-75.341998,6.396224],[-75.341774,6.396222],[-75.341588,6.396216],[-75.341588,6.396216],[-75.341392,6.396165],[-75.341392,6.396165],[-75.341358,6.396151],[-75.34125,6.396107],[-75.341009,6.395988],[-75.340901,6.395949],[-75.340901,6.395949],[-75.340823,6.395919],[-75.340737,6.395889],[-75.340645,6.395864],[-75.340645,6.395864],[-75.340562,6.395827],[-75.340511,6.395789],[-75.340426,6.395741],[-75.340338,6.395692],[-75.340338,6.395692],[-75.340213,6.395628],[-75.34019,6.395619],[-75.34017,6.39561],[-75.340059,6.395548],[-75.33995,6.395524],[-75.339865,6.395497],[-75.339865,6.395497],[-75.339782,6.395471],[-75.339782,6.395471],[-75.3397,6.395453],[-75.339116,6.395248],[-75.339007,6.395225],[-75.339007,6.395225],[-75.338929,6.39521],[-75.338848,6.39521],[-75.338821,6.395218],[-75.338747,6.39524],[-75.33866,6.395277],[-75.33866,6.395277],[-75.338568,6.395333],[-75.338568,6.395333],[-75.338497,6.3954],[-75.338453,6.395439],[-75.338405,6.395483],[-75.338304,6.395562],[-75.338228,6.395636],[-75.338228,6.395636],[-75.338141,6.395712],[-75.338014,6.395821],[-75.337952,6.39587],[-75.337872,6.395937],[-75.337871,6.395938],[-75.337836,6.395976],[-75.337778,6.39603],[-75.337725,6.396081],[-75.337643,6.396148],[-75.337617,6.396164],[-75.337581,6.396187],[-75.337275,6.396449],[-75.337275,6.396449],[-75.337215,6.396532],[-75.337088,6.396711],[-75.336961,6.396888],[-75.336872,6.396985],[-75.336805,6.397042],[-75.336711,6.397147],[-75.336598,6.397244],[-75.336495,6.397362],[-75.336495,6.397362],[-75.336449,6.397417],[-75.336427,6.397443],[-75.336385,6.397493],[-75.336342,6.397566],[-75.336338,6.397571],[-75.336266,6.397697],[-75.336198,6.397799],[-75.336198,6.397799],[-75.336113,6.397868],[-75.336032,6.397899],[-75.336029,6.3979],[-75.335986,6.397923],[-75.335957,6.397936],[-75.335926,6.39795],[-75.335839,6.397996],[-75.335443,6.398239],[-75.334916,6.398563],[-75.334703,6.398657],[-75.334409,6.398682],[-75.334175,6.39864],[-75.334175,6.39864],[-75.333865,6.398583],[-75.333559,6.398492],[-75.333231,6.398395],[-75.333231,6.398395],[-75.332831,6.398233],[-75.332457,6.3981],[-75.332169,6.397985],[-75.332169,6.397985],[-75.332028,6.397935],[-75.331859,6.397875],[-75.331772,6.397832],[-75.331567,6.397692],[-75.331489,6.39764],[-75.331264,6.397486],[-75.331176,6.397268],[-75.331165,6.39713],[-75.331159,6.397057],[-75.331112,6.396886],[-75.331106,6.396866],[-75.3311,6.396842],[-75.331115,6.396792],[-75.331115,6.396791],[-75.331115,6.396791],[-75.331123,6.396769],[-75.331126,6.396716],[-75.331166,6.396649],[-75.331168,6.396646],[-75.331229,6.396528],[-75.331296,6.39644],[-75.331296,6.39644],[-75.331335,6.396375],[-75.331335,6.396375],[-75.331406,6.396269],[-75.331451,6.396187],[-75.33147,6.396151],[-75.331527,6.396027],[-75.331562,6.395932],[-75.331562,6.395932],[-75.331605,6.395838],[-75.331657,6.395707],[-75.331657,6.395707],[-75.331687,6.395607],[-75.331687,6.395607],[-75.3317,6.395514],[-75.3317,6.395466],[-75.331691,6.39543],[-75.331686,6.395411],[-75.331661,6.395372],[-75.331661,6.395372],[-75.331561,6.395283],[-75.331524,6.39525],[-75.331411,6.395186],[-75.331352,6.395153],[-75.331352,6.395153],[-75.331244,6.395082],[-75.331108,6.395015],[-75.330963,6.394951],[-75.330923,6.394927],[-75.330853,6.394885],[-75.330706,6.394807],[-75.33051,6.394723],[-75.330368,6.39465],[-75.330368,6.39465],[-75.330237,6.394584],[-75.330087,6.394509],[-75.330058,6.394495],[-75.329927,6.394403],[-75.329791,6.394286],[-75.329791,6.394286],[-75.329683,6.394179],[-75.329593,6.394083],[-75.329485,6.393977],[-75.329404,6.39387],[-75.329376,6.393788],[-75.329375,6.39373],[-75.329374,6.393702],[-75.329415,6.393626],[-75.329415,6.393626],[-75.329463,6.393562],[-75.329463,6.393562],[-75.329465,6.393493],[-75.329465,6.393493],[-75.329426,6.393419],[-75.329426,6.393419],[-75.329332,6.393355],[-75.329167,6.393262],[-75.329167,6.393262],[-75.329077,6.393221],[-75.329077,6.393221],[-75.329003,6.39318],[-75.32887,6.393056],[-75.328785,6.392933],[-75.328749,6.392865],[-75.328749,6.392865],[-75.328685,6.392767],[-75.327902,6.392579],[-75.327806,6.392559],[-75.327806,6.392559],[-75.327477,6.392488],[-75.327477,6.392488],[-75.327332,6.392425],[-75.327332,6.392425],[-75.327181,6.392317],[-75.327084,6.392221],[-75.326994,6.392133],[-75.326893,6.39198],[-75.326862,6.391965],[-75.326862,6.391965],[-75.326799,6.391933],[-75.326693,6.391928],[-75.326597,6.391924],[-75.326414,6.391931],[-75.326411,6.391932],[-75.326411,6.391932],[-75.326252,6.391923],[-75.326252,6.391923],[-75.32611,6.391923],[-75.32611,6.391923],[-75.326095,6.391923],[-75.325956,6.391926],[-75.325798,6.391933],[-75.325798,6.391933],[-75.325681,6.391911],[-75.325545,6.391867],[-75.325545,6.391867],[-75.325391,6.391809],[-75.325258,6.391744],[-75.32513,6.391701],[-75.325042,6.391699],[-75.324909,6.391718],[-75.324705,6.391695],[-75.32453,6.391712],[-75.324393,6.391693],[-75.32439,6.391692],[-75.324264,6.391644],[-75.324264,6.391644],[-75.324084,6.391564],[-75.324084,6.391564],[-75.323949,6.391531],[-75.32383,6.391572],[-75.323717,6.391627],[-75.323596,6.391685],[-75.323439,6.39175],[-75.323439,6.39175],[-75.32324,6.391761],[-75.323182,6.391738],[-75.323096,6.391704],[-75.322901,6.391627],[-75.322461,6.391431],[-75.322461,6.391431],[-75.322383,6.391383],[-75.322383,6.391383],[-75.322273,6.391318],[-75.32217,6.391274],[-75.322133,6.391282],[-75.322125,6.391284],[-75.32211,6.391288],[-75.32211,6.391288],[-75.32211,6.39126],[-75.32211,6.39126],[-75.322109,6.391201],[-75.322048,6.391052],[-75.322048,6.391052],[-75.322031,6.390934],[-75.322021,6.390853],[-75.322019,6.39084],[-75.321998,6.390718],[-75.321998,6.390718],[-75.321993,6.390594],[-75.321993,6.390594],[-75.321991,6.390466],[-75.322014,6.39034],[-75.322014,6.39034],[-75.322045,6.390233],[-75.322045,6.390233],[-75.322072,6.390086],[-75.322079,6.389971],[-75.322058,6.389834],[-75.322058,6.389834],[-75.32203,6.389673],[-75.321992,6.389539],[-75.321989,6.389526],[-75.321954,6.389377],[-75.321954,6.389377],[-75.321891,6.389196],[-75.321838,6.389039],[-75.321778,6.388888],[-75.321734,6.388757],[-75.321734,6.388757],[-75.321718,6.388661],[-75.321718,6.388661],[-75.321694,6.388537],[-75.321694,6.388537],[-75.321688,6.388026],[-75.321688,6.388026],[-75.321607,6.387956],[-75.321394,6.38781],[-75.321394,6.38781],[-75.321321,6.387776],[-75.32121,6.387707],[-75.321204,6.387703],[-75.321079,6.387613],[-75.320909,6.387474],[-75.320741,6.387384],[-75.320741,6.387384],[-75.320511,6.387264],[-75.320344,6.38714],[-75.320196,6.387051],[-75.320075,6.387014],[-75.320075,6.387014],[-75.319861,6.386914],[-75.319677,6.386921],[-75.319677,6.386921],[-75.319544,6.386915],[-75.319411,6.386879],[-75.319411,6.386879],[-75.319296,6.386819],[-75.319167,6.386744],[-75.319167,6.386744],[-75.319045,6.386613],[-75.319045,6.386613],[-75.318983,6.386517],[-75.31893,6.386424],[-75.318907,6.386382],[-75.318862,6.386321],[-75.318847,6.386299],[-75.318806,6.386246],[-75.318774,6.386192],[-75.318774,6.386192],[-75.318739,6.386123],[-75.318739,6.386123],[-75.318624,6.386066],[-75.318493,6.386066],[-75.317822,6.386228],[-75.317822,6.386228],[-75.317757,6.386257],[-75.317555,6.386344],[-75.317516,6.38636],[-75.317482,6.386373],[-75.317344,6.386413],[-75.317156,6.38648],[-75.317034,6.386521],[-75.317034,6.386521],[-75.316915,6.386565],[-75.316828,6.386607],[-75.316828,6.386607],[-75.316736,6.386666],[-75.316693,6.386731],[-75.316693,6.386731],[-75.316666,6.386844],[-75.316666,6.386844],[-75.316645,6.386979],[-75.316645,6.386979],[-75.316625,6.387062],[-75.316554,6.387228],[-75.316554,6.387228],[-75.316465,6.387338],[-75.316396,6.3874],[-75.316358,6.387427],[-75.316309,6.387463],[-75.31621,6.38755],[-75.31621,6.38755],[-75.316184,6.387577],[-75.316142,6.387619],[-75.316096,6.387675],[-75.316096,6.387675],[-75.316034,6.387746],[-75.315959,6.387834],[-75.315842,6.38794],[-75.315741,6.388044],[-75.315613,6.388076],[-75.315575,6.388068],[-75.315486,6.388051],[-75.315486,6.388051],[-75.315353,6.387985],[-75.315353,6.387985],[-75.315218,6.387889],[-75.31511,6.387783],[-75.315062,6.387726],[-75.315033,6.387692],[-75.315003,6.38755],[-75.315003,6.38755],[-75.314994,6.387432],[-75.314994,6.387432],[-75.314966,6.387307],[-75.314928,6.387234],[-75.314924,6.387227],[-75.314887,6.387178],[-75.314678,6.387145],[-75.31449,6.387269],[-75.31449,6.387269],[-75.314046,6.387622],[-75.313873,6.388012],[-75.313873,6.3881],[-75.313873,6.3881],[-75.313901,6.388201],[-75.313975,6.388327],[-75.313975,6.388327],[-75.314032,6.38841],[-75.314083,6.388531],[-75.314083,6.388531],[-75.314089,6.388547],[-75.314148,6.388683],[-75.314189,6.388767],[-75.314189,6.388767],[-75.314219,6.38893],[-75.314261,6.38907],[-75.314261,6.38907],[-75.31425,6.38917],[-75.314218,6.389277],[-75.314218,6.389277],[-75.31417,6.389392],[-75.314115,6.389512],[-75.314074,6.389611],[-75.314074,6.389611],[-75.31404,6.389698],[-75.31404,6.389698],[-75.314001,6.389795],[-75.313979,6.389837],[-75.313944,6.389905],[-75.313903,6.389976],[-75.313832,6.390094],[-75.313784,6.390216],[-75.313784,6.390216],[-75.313776,6.390235],[-75.313727,6.390347],[-75.313666,6.390483],[-75.313666,6.390483],[-75.313592,6.390604],[-75.313592,6.390604],[-75.313489,6.390707],[-75.31337,6.390762],[-75.313341,6.39077],[-75.313269,6.390791],[-75.313161,6.390824],[-75.313115,6.390839],[-75.313033,6.390865],[-75.312861,6.390917],[-75.312807,6.39094],[-75.312737,6.39097],[-75.312692,6.391007],[-75.312613,6.391072],[-75.312421,6.391246],[-75.312335,6.391294],[-75.31221,6.391362],[-75.312068,6.391438],[-75.311752,6.39149],[-75.311306,6.391373],[-75.311306,6.391373],[-75.310986,6.391137],[-75.310986,6.391137],[-75.310859,6.39108],[-75.310859,6.39108],[-75.310749,6.391034],[-75.310749,6.391034],[-75.310653,6.391007],[-75.310552,6.390949],[-75.310442,6.390918],[-75.310371,6.390907],[-75.310299,6.390896],[-75.310173,6.390879],[-75.310173,6.390879],[-75.309987,6.390864],[-75.309806,6.390848],[-75.309707,6.390839],[-75.309644,6.390833],[-75.309516,6.39081],[-75.309461,6.390791],[-75.309429,6.39078],[-75.309429,6.39078],[-75.309321,6.390705],[-75.309261,6.390644],[-75.309217,6.3906],[-75.309141,6.390504],[-75.309082,6.390431],[-75.308998,6.390343],[-75.308929,6.390247],[-75.30884,6.390125],[-75.30884,6.390125],[-75.308784,6.39004],[-75.308738,6.389971],[-75.308734,6.389965],[-75.308734,6.389965],[-75.308662,6.389841],[-75.3086,6.389704],[-75.30856,6.389679],[-75.308503,6.389642],[-75.308377,6.389647],[-75.308269,6.389691],[-75.308269,6.389691],[-75.308095,6.389799],[-75.307958,6.389926],[-75.307887,6.39],[-75.307887,6.39],[-75.307868,6.390023],[-75.307759,6.390159],[-75.307662,6.390294],[-75.307589,6.390366],[-75.307507,6.39041],[-75.307365,6.390481],[-75.307227,6.39053],[-75.30708,6.390588],[-75.30708,6.390588],[-75.306947,6.390659],[-75.306816,6.390752],[-75.306674,6.390867],[-75.306674,6.390867],[-75.30651,6.390994],[-75.30651,6.390994],[-75.306354,6.391262],[-75.306354,6.391262],[-75.306259,6.391609],[-75.306375,6.391839],[-75.306425,6.391864],[-75.306518,6.39191],[-75.306733,6.39191],[-75.307056,6.391873],[-75.307487,6.391908],[-75.307666,6.392051],[-75.307846,6.392266],[-75.308134,6.392552],[-75.308278,6.392875],[-75.30853,6.393376],[-75.308639,6.393735],[-75.308747,6.394129],[-75.308776,6.394271],[-75.30882,6.394488],[-75.309033,6.394726],[-75.309107,6.39481],[-75.309323,6.395097],[-75.309467,6.395312],[-75.309611,6.395563],[-75.30972,6.395885],[-75.309792,6.396244],[-75.309794,6.396782],[-75.309773,6.397015],[-75.309759,6.397177],[-75.309687,6.397356],[-75.309473,6.397644],[-75.309151,6.398003],[-75.309009,6.398434],[-75.308938,6.398757],[-75.308866,6.398865],[-75.308808,6.398923],[-75.308651,6.399081],[-75.308401,6.399333],[-75.308043,6.399513],[-75.307756,6.399621],[-75.307218,6.399694],[-75.306752,6.399767],[-75.306394,6.399804],[-75.306071,6.399841],[-75.305676,6.399877],[-75.305461,6.39995],[-75.305388,6.39995],[-75.305103,6.399951],[-75.30478,6.399987],[-75.304494,6.400239],[-75.304484,6.400251],[-75.304243,6.400563],[-75.303886,6.400958],[-75.30369,6.401048],[-75.303492,6.401138],[-75.303241,6.401283],[-75.30321,6.401423],[-75.30317,6.401606],[-75.303135,6.401965],[-75.30317,6.402155],[-75.303208,6.402359],[-75.303211,6.402368],[-75.303352,6.402753],[-75.303353,6.403105],[-75.303353,6.403112],[-75.303246,6.403399],[-75.303308,6.403707],[-75.303355,6.403937],[-75.303427,6.404188],[-75.303428,6.404475],[-75.303321,6.404763],[-75.303168,6.404873],[-75.30307,6.404943],[-75.30282,6.405087],[-75.302497,6.405267],[-75.302318,6.405339],[-75.301816,6.40534],[-75.301493,6.405341],[-75.301206,6.405414],[-75.301197,6.405421],[-75.300992,6.405593],[-75.300741,6.405809],[-75.300454,6.40581],[-75.300019,6.405556],[-75.299844,6.405453],[-75.299233,6.405095],[-75.298808,6.404835],[-75.298766,6.404809],[-75.298617,6.404677],[-75.298443,6.404523],[-75.298083,6.404201],[-75.297687,6.403664],[-75.297543,6.403341],[-75.297184,6.402983],[-75.296537,6.402662],[-75.295712,6.402449],[-75.295496,6.402377],[-75.294851,6.402307],[-75.294528,6.402236],[-75.294169,6.402165],[-75.293702,6.402023],[-75.292913,6.401809],[-75.292231,6.401596],[-75.291764,6.401561],[-75.291226,6.401562],[-75.290761,6.401922],[-75.29026,6.402246],[-75.290009,6.402606],[-75.289723,6.402965],[-75.289473,6.403324],[-75.289451,6.403363],[-75.289223,6.403756],[-75.289098,6.403918],[-75.288973,6.404079],[-75.288651,6.404403],[-75.288257,6.404763],[-75.288043,6.40505],[-75.288008,6.405552],[-75.288152,6.405983],[-75.288261,6.406341],[-75.288226,6.406664],[-75.288119,6.40688],[-75.287797,6.407203],[-75.287617,6.407311],[-75.287474,6.407455],[-75.28726,6.407671],[-75.286973,6.407887],[-75.286758,6.408103],[-75.286544,6.408355],[-75.286401,6.408606],[-75.286222,6.408822],[-75.285828,6.409181],[-75.285256,6.409649],[-75.284755,6.410081],[-75.284325,6.410369],[-75.283751,6.410299],[-75.283464,6.410479],[-75.283107,6.411089],[-75.283,6.411377],[-75.282857,6.411592],[-75.282607,6.41188],[-75.282213,6.412347],[-75.281999,6.412563],[-75.281784,6.412815],[-75.281498,6.413067],[-75.281247,6.413283],[-75.280781,6.413391],[-75.280387,6.413428],[-75.280064,6.413501],[-75.279706,6.413717],[-75.279348,6.413933],[-75.279026,6.414221],[-75.278847,6.414544],[-75.278802,6.414751],[-75.278776,6.414867],[-75.278741,6.415046],[-75.278598,6.41537],[-75.27848,6.415414],[-75.278311,6.415478],[-75.278061,6.41573],[-75.277774,6.415982],[-75.277703,6.416197],[-75.277704,6.416592],[-75.277705,6.416951],[-75.277562,6.417238],[-75.277455,6.417418],[-75.277205,6.417956],[-75.277134,6.4181],[-75.276741,6.418819],[-75.276598,6.419178],[-75.276312,6.419501],[-75.276026,6.419968],[-75.275955,6.42022],[-75.275848,6.420543],[-75.27567,6.421225],[-75.275564,6.421656],[-75.275457,6.421871],[-75.275242,6.422123],[-75.275171,6.422267],[-75.274884,6.422554],[-75.274634,6.42277],[-75.274436,6.422856],[-75.274383,6.422879],[-75.274096,6.422951],[-75.273848,6.422902],[-75.273737,6.42288],[-75.27345,6.422737],[-75.273271,6.422702],[-75.272984,6.422774],[-75.272554,6.42299],[-75.272089,6.423494],[-75.271731,6.423818],[-75.271445,6.424141],[-75.271122,6.424321],[-75.270692,6.424502],[-75.270334,6.424574],[-75.269939,6.424575],[-75.269852,6.424535],[-75.269472,6.424361],[-75.269221,6.424218],[-75.26897,6.424039],[-75.268683,6.424004],[-75.268216,6.423969],[-75.267965,6.423862],[-75.267534,6.423791],[-75.267319,6.423684],[-75.267103,6.423577],[-75.266709,6.42347],[-75.266271,6.42342],[-75.266099,6.4234],[-75.26574,6.423437],[-75.265561,6.423581],[-75.265311,6.42394],[-75.265204,6.424407],[-75.265205,6.424873],[-75.265418,6.425165],[-75.265493,6.425267],[-75.265601,6.425446],[-75.265746,6.425877],[-75.265746,6.426056],[-75.265818,6.426307],[-75.265819,6.426738],[-75.265785,6.426795],[-75.265712,6.426917],[-75.265354,6.426918],[-75.265031,6.426883],[-75.264528,6.426669],[-75.264169,6.42649],[-75.26381,6.426348],[-75.263487,6.426312],[-75.262913,6.426421],[-75.262555,6.426745],[-75.262233,6.427033],[-75.261947,6.427285],[-75.261661,6.427537],[-75.261374,6.427788],[-75.261052,6.428112],[-75.260658,6.428436],[-75.260336,6.428616],[-75.25987,6.428797],[-75.259547,6.428905],[-75.259225,6.428942],[-75.258759,6.429122],[-75.258472,6.42923],[-75.258078,6.429411],[-75.257756,6.42977],[-75.257542,6.430237],[-75.257184,6.43074],[-75.257114,6.431207],[-75.257043,6.431673],[-75.256972,6.431889],[-75.256793,6.432176],[-75.256543,6.432464],[-75.256364,6.432608],[-75.255898,6.432681],[-75.255575,6.432681],[-75.255288,6.43261],[-75.254928,6.43236],[-75.254569,6.432002],[-75.254317,6.431823],[-75.25403,6.43168],[-75.253743,6.431645],[-75.2536,6.431645],[-75.253313,6.431754],[-75.253062,6.431934],[-75.252778,6.432286],[-75.252597,6.432509],[-75.252311,6.432761],[-75.251881,6.432941],[-75.251522,6.43305],[-75.251442,6.43305],[-75.2512,6.43305],[-75.250913,6.433051],[-75.250554,6.433016],[-75.250195,6.432981],[-75.249765,6.432946],[-75.249227,6.433055],[-75.248725,6.433271],[-75.248259,6.433488],[-75.24808,6.433703],[-75.24783,6.433955],[-75.247723,6.434206],[-75.247508,6.434458],[-75.247365,6.43471],[-75.247187,6.434925],[-75.246936,6.435177],[-75.24665,6.435393],[-75.246363,6.435537],[-75.246004,6.435646],[-75.245574,6.435826],[-75.245288,6.435898],[-75.245073,6.436006],[-75.244907,6.436146],[-75.244392,6.436582],[-75.243891,6.43687],[-75.243544,6.437306],[-75.243462,6.437409],[-75.243283,6.437589],[-75.243068,6.437949],[-75.243032,6.438171],[-75.242998,6.438379],[-75.242999,6.438846],[-75.243143,6.439312],[-75.243252,6.439814],[-75.243397,6.440316],[-75.243433,6.440746],[-75.243364,6.441644],[-75.243293,6.441895],[-75.243079,6.442398],[-75.242829,6.442865],[-75.242542,6.443188],[-75.242364,6.443655],[-75.242364,6.44366],[-75.242365,6.444086],[-75.242363,6.444094],[-75.242349,6.444156],[-75.242258,6.444552],[-75.242188,6.445198],[-75.242082,6.445845],[-75.241832,6.446312],[-75.24151,6.446671],[-75.241116,6.446995],[-75.240651,6.447355],[-75.240329,6.447822],[-75.240115,6.448181],[-75.239865,6.448792],[-75.239687,6.449295],[-75.239652,6.449797],[-75.239581,6.450192],[-75.239546,6.450515],[-75.239439,6.450874],[-75.239296,6.451197],[-75.239046,6.451556],[-75.23876,6.451916],[-75.238331,6.452455],[-75.238044,6.452743],[-75.237794,6.45303],[-75.237508,6.453497],[-75.237329,6.453713],[-75.237078,6.453857],[-75.236792,6.454073],[-75.23647,6.45454],[-75.236363,6.454792],[-75.23622,6.455151],[-75.236114,6.455582],[-75.236115,6.456012],[-75.236223,6.456478],[-75.236439,6.456837],[-75.236691,6.457159],[-75.237015,6.457625],[-75.237135,6.457823],[-75.237339,6.458162],[-75.237555,6.458521],[-75.237736,6.458951],[-75.237809,6.459489],[-75.23781,6.459919],[-75.237787,6.460244],[-75.237775,6.460422],[-75.23749,6.461212],[-75.237455,6.461535],[-75.237563,6.461929],[-75.237692,6.462217],[-75.237707,6.462252],[-75.237816,6.462539],[-75.237709,6.462934],[-75.237664,6.462979],[-75.237423,6.463221],[-75.237137,6.463688],[-75.237098,6.463766],[-75.236922,6.464119],[-75.236745,6.464909],[-75.236495,6.465412],[-75.236316,6.465664],[-75.235958,6.46588],[-75.235528,6.466096],[-75.235512,6.466098],[-75.23499,6.466169],[-75.234841,6.466237],[-75.234596,6.466349],[-75.234202,6.466601],[-75.233951,6.466781],[-75.233701,6.467033],[-75.233342,6.467249],[-75.233161,6.467318],[-75.233056,6.467357],[-75.232841,6.467573],[-75.232518,6.467789],[-75.232161,6.468113],[-75.231946,6.468257],[-75.231695,6.468616],[-75.231554,6.469585],[-75.231412,6.470267],[-75.231413,6.470734],[-75.231235,6.471165],[-75.231021,6.471632],[-75.231057,6.472026],[-75.231238,6.472385],[-75.231489,6.472635],[-75.231849,6.472958],[-75.232044,6.473074],[-75.232208,6.473172],[-75.23246,6.473566],[-75.232783,6.473852],[-75.232999,6.474211],[-75.233179,6.474426],[-75.233252,6.474748],[-75.233253,6.475107],[-75.233182,6.475466],[-75.233003,6.475789],[-75.232914,6.475909],[-75.232788,6.476077],[-75.232466,6.476293],[-75.232191,6.476431],[-75.231964,6.476545],[-75.231463,6.476726],[-75.231104,6.476906],[-75.230963,6.477009],[-75.23071,6.477194],[-75.230388,6.477446],[-75.229887,6.477806],[-75.2296,6.478022],[-75.229278,6.478202],[-75.228987,6.478319],[-75.228919,6.478346],[-75.228453,6.478527],[-75.228023,6.478599],[-75.227664,6.4786],[-75.227234,6.478565],[-75.226983,6.478566],[-75.226588,6.478459],[-75.226301,6.478424],[-75.226086,6.478424],[-75.225835,6.478569],[-75.225692,6.47882],[-75.225426,6.479054],[-75.225405,6.479072],[-75.22519,6.47918],[-75.224868,6.479181],[-75.22458,6.47911],[-75.224384,6.479026],[-75.224329,6.479002],[-75.224187,6.479003],[-75.224042,6.479003],[-75.223719,6.47904],[-75.223519,6.47904],[-75.223517,6.479041],[-75.223496,6.479141],[-75.223456,6.479227],[-75.223432,6.479281],[-75.223422,6.479359],[-75.223382,6.479475],[-75.223357,6.479584],[-75.22332,6.479686],[-75.22331,6.479723],[-75.223283,6.479813],[-75.223262,6.479899],[-75.22315,6.480266],[-75.222972,6.480455],[-75.222797,6.480645],[-75.222744,6.480724],[-75.222694,6.480788],[-75.222628,6.480944],[-75.222597,6.481008],[-75.222571,6.481092],[-75.222516,6.481151],[-75.222491,6.481275],[-75.222456,6.481348],[-75.222441,6.481417],[-75.22241,6.481489],[-75.222386,6.481575],[-75.222365,6.481672],[-75.22235,6.481723],[-75.222295,6.481987],[-75.222278,6.48207],[-75.222264,6.482294],[-75.222257,6.482374],[-75.222248,6.482511],[-75.222245,6.482609],[-75.222251,6.4827],[-75.222249,6.482808],[-75.222236,6.482955],[-75.222226,6.483067],[-75.222057,6.483503],[-75.222081,6.483775],[-75.222201,6.484163],[-75.222263,6.484275],[-75.222297,6.484355],[-75.222333,6.484408],[-75.2224,6.48452],[-75.22246,6.48457],[-75.222495,6.484603],[-75.222562,6.48462],[-75.222632,6.484628],[-75.222716,6.484671],[-75.222787,6.484699],[-75.222864,6.484727],[-75.222986,6.484753],[-75.223061,6.484778],[-75.223143,6.484839],[-75.223209,6.484911],[-75.223227,6.485009],[-75.223201,6.485108],[-75.22318,6.485223],[-75.223165,6.4853],[-75.223158,6.485396],[-75.223173,6.485452],[-75.223172,6.485556],[-75.223175,6.485664],[-75.223241,6.485761],[-75.223307,6.485829],[-75.223324,6.485896],[-75.223365,6.485987],[-75.223371,6.486033],[-75.223343,6.486159],[-75.223301,6.486245],[-75.223129,6.486453],[-75.223035,6.486702],[-75.223058,6.487027],[-75.223052,6.487086],[-75.223042,6.487142],[-75.223022,6.487195],[-75.223014,6.48727],[-75.222976,6.487316],[-75.222934,6.487418],[-75.222911,6.487508],[-75.222896,6.487586],[-75.222868,6.487672],[-75.222837,6.487769],[-75.222809,6.487848],[-75.222789,6.487902],[-75.222761,6.487996],[-75.222723,6.488069],[-75.222663,6.488155],[-75.222593,6.488253],[-75.222562,6.488309],[-75.22251,6.488385],[-75.222464,6.488462],[-75.222423,6.488528],[-75.222356,6.488627],[-75.222309,6.488686],[-75.222253,6.488744],[-75.222228,6.48888],[-75.222334,6.488889],[-75.222501,6.488934],[-75.222584,6.488978],[-75.222648,6.489035],[-75.222692,6.489084],[-75.222908,6.489277],[-75.22339,6.489594],[-75.223417,6.489612],[-75.223523,6.489654],[-75.223603,6.489685],[-75.223669,6.489711],[-75.223755,6.489738],[-75.223828,6.489758],[-75.223908,6.489784],[-75.223951,6.489797],[-75.224068,6.489833],[-75.22414,6.489857],[-75.224312,6.489919],[-75.224383,6.489964],[-75.224447,6.489983],[-75.224532,6.490021],[-75.224702,6.490136],[-75.224764,6.490236],[-75.224794,6.490336],[-75.224815,6.490496],[-75.224813,6.490601],[-75.224797,6.490703],[-75.224768,6.490783],[-75.224727,6.49087],[-75.224692,6.490942],[-75.224684,6.49105],[-75.224684,6.491308],[-75.224807,6.491844],[-75.224817,6.491922],[-75.224821,6.49201],[-75.224833,6.492097],[-75.224844,6.492196],[-75.224854,6.492311],[-75.224852,6.492394],[-75.224861,6.492531],[-75.224868,6.492578],[-75.224873,6.492696],[-75.224873,6.492789],[-75.224871,6.492887],[-75.224876,6.492943],[-75.224872,6.49309],[-75.224879,6.493174],[-75.224895,6.493241],[-75.224909,6.493287],[-75.224932,6.493361],[-75.224962,6.493436],[-75.224981,6.493479],[-75.225015,6.493565],[-75.225041,6.493647],[-75.225075,6.493703],[-75.22516,6.493803],[-75.225227,6.493921],[-75.225262,6.493955],[-75.225278,6.494047],[-75.225316,6.494138],[-75.225339,6.494185],[-75.225396,6.494242],[-75.225477,6.494335],[-75.225535,6.49443],[-75.225628,6.494532],[-75.225718,6.494636],[-75.225774,6.494657],[-75.225871,6.494675],[-75.225926,6.494689],[-75.225974,6.494697],[-75.226032,6.49471],[-75.226127,6.494712],[-75.226214,6.494716],[-75.226291,6.494721],[-75.226366,6.494718],[-75.226422,6.494741],[-75.226464,6.494778],[-75.226503,6.494833],[-75.226538,6.494886],[-75.226561,6.494935],[-75.226591,6.494994],[-75.226633,6.495101],[-75.226658,6.495149],[-75.226686,6.495241],[-75.226703,6.495308],[-75.226719,6.495364],[-75.226761,6.495413],[-75.22683,6.495462],[-75.226904,6.495479],[-75.226975,6.495476],[-75.227026,6.495468],[-75.227097,6.495454],[-75.227166,6.495438],[-75.227344,6.495446],[-75.227518,6.495473],[-75.227755,6.495644],[-75.22797,6.495968],[-75.227999,6.496015],[-75.228035,6.49607],[-75.228068,6.49611],[-75.228125,6.496136],[-75.228202,6.496156],[-75.22825,6.496158],[-75.228301,6.496156],[-75.228358,6.496135],[-75.228411,6.496111],[-75.228499,6.496107],[-75.228571,6.496125],[-75.228619,6.496137],[-75.228688,6.496155],[-75.228769,6.49619],[-75.228829,6.496232],[-75.228873,6.496261],[-75.228912,6.49629],[-75.228956,6.496316],[-75.229,6.496345],[-75.229076,6.496394],[-75.22915,6.496435],[-75.22924,6.49649],[-75.229321,6.496543],[-75.229434,6.496601],[-75.229515,6.496625],[-75.229624,6.496644],[-75.229686,6.496658],[-75.229743,6.49666],[-75.22982,6.496651],[-75.229884,6.496615],[-75.229935,6.496584],[-75.229979,6.496546],[-75.23002,6.4965],[-75.230066,6.496466],[-75.230126,6.496435],[-75.230233,6.496355],[-75.230299,6.496348],[-75.230382,6.496319],[-75.230469,6.496317],[-75.230597,6.496302],[-75.230671,6.496288],[-75.230781,6.49629],[-75.230926,6.496335],[-75.231045,6.496401],[-75.231185,6.496458],[-75.231316,6.496457],[-75.231477,6.496437],[-75.231621,6.496446],[-75.231736,6.496474],[-75.231909,6.496595],[-75.231957,6.496624],[-75.232033,6.496666],[-75.232123,6.496697],[-75.23222,6.496731],[-75.232337,6.496733],[-75.232435,6.496677],[-75.23254,6.496595],[-75.232602,6.49653],[-75.232691,6.496486],[-75.232774,6.496533],[-75.232832,6.4966],[-75.232873,6.49668],[-75.232909,6.496795],[-75.232952,6.496911],[-75.232985,6.497036],[-75.233027,6.497178],[-75.233088,6.497327],[-75.233212,6.497411],[-75.233313,6.49741],[-75.233464,6.497357],[-75.233641,6.497269],[-75.233853,6.497196],[-75.23406,6.49715],[-75.234189,6.49722],[-75.234265,6.497303],[-75.234353,6.497483],[-75.234404,6.497612],[-75.234506,6.497786],[-75.234569,6.49793],[-75.234592,6.498066],[-75.234622,6.498195],[-75.234658,6.498329],[-75.234669,6.498456],[-75.234707,6.49852],[-75.23484,6.498616],[-75.234932,6.498652],[-75.23507,6.498605],[-75.235193,6.498502],[-75.235291,6.498393],[-75.235357,6.498242],[-75.235416,6.498126],[-75.235496,6.498039],[-75.235638,6.497946],[-75.235716,6.497937],[-75.235824,6.497946],[-75.236008,6.497999],[-75.236111,6.498059],[-75.236227,6.49815],[-75.236358,6.498288],[-75.236444,6.498365],[-75.236498,6.498422],[-75.236552,6.498458],[-75.236602,6.498486],[-75.236694,6.498518],[-75.236834,6.498558],[-75.237055,6.498576],[-75.237346,6.498589],[-75.237534,6.498564],[-75.237692,6.498548],[-75.237865,6.498553],[-75.237991,6.498571],[-75.238067,6.498602],[-75.238136,6.498548],[-75.238273,6.498451],[-75.238507,6.498337],[-75.238635,6.498297],[-75.238752,6.498293],[-75.238894,6.498319],[-75.239046,6.498357],[-75.239273,6.498417],[-75.239458,6.498484],[-75.239729,6.498649],[-75.239918,6.498765],[-75.240125,6.498906],[-75.240275,6.499036],[-75.240432,6.499156],[-75.240682,6.499276],[-75.24134,6.499479],[-75.241424,6.499506],[-75.241599,6.49954],[-75.241714,6.499544],[-75.241905,6.499561],[-75.242054,6.499584],[-75.242199,6.499632],[-75.242307,6.499719],[-75.242388,6.499761],[-75.242498,6.499793],[-75.242624,6.49983],[-75.242686,6.499819],[-75.242736,6.499753],[-75.24286,6.499635],[-75.242942,6.499601],[-75.24299,6.499581],[-75.24305,6.499579],[-75.243108,6.499595],[-75.243192,6.499648],[-75.243253,6.499741],[-75.243267,6.499861],[-75.243215,6.500008],[-75.243091,6.500157],[-75.242971,6.500314],[-75.24291,6.500449],[-75.242932,6.500498],[-75.242977,6.50058],[-75.243,6.50062],[-75.243124,6.500773],[-75.243656,6.501119],[-75.243799,6.501183],[-75.243916,6.501251],[-75.244027,6.501354],[-75.244066,6.501411],[-75.244094,6.501473],[-75.244124,6.501537],[-75.244179,6.501564],[-75.244262,6.501597],[-75.244379,6.501621],[-75.244482,6.501651],[-75.244558,6.501648],[-75.244682,6.501629],[-75.244824,6.501624],[-75.244912,6.501602],[-75.245132,6.501548],[-75.245267,6.501511],[-75.245422,6.501479],[-75.245533,6.501512]]]]}},{"type":"Feature","properties":{"name":"Girardota","source":"https://siata.gov.co/kml/Pronostico%20%28Experimental%29/Meteorologico.kml","municipality":"Girardota"},"geometry":{"type":"MultiPolygon","coordinates":[[[[-75.45107,6.436678],[-75.451265,6.436722],[-75.451659,6.436506],[-75.451899,6.436385],[-75.451946,6.436362],[-75.451946,6.436362],[-75.452054,6.436268],[-75.452054,6.436268],[-75.452196,6.436146],[-75.45232,6.436068],[-75.452483,6.435966],[-75.452662,6.435965],[-75.452793,6.43595],[-75.452871,6.435941],[-75.452985,6.435928],[-75.453451,6.435999],[-75.453451,6.435999],[-75.453738,6.435998],[-75.453738,6.435998],[-75.454025,6.436069],[-75.454025,6.436069],[-75.454527,6.436068],[-75.45485,6.435995],[-75.45485,6.435995],[-75.455208,6.435886],[-75.455443,6.435827],[-75.455495,6.435814],[-75.455818,6.435813],[-75.455884,6.435828],[-75.456141,6.435884],[-75.456387,6.435924],[-75.456571,6.435955],[-75.457038,6.435953],[-75.457159,6.435926],[-75.45736,6.435881],[-75.457825,6.435413],[-75.458362,6.434945],[-75.458884,6.43449],[-75.458884,6.43449],[-75.458899,6.434477],[-75.459149,6.434169],[-75.45922,6.434082],[-75.45922,6.434082],[-75.459614,6.433937],[-75.459829,6.433865],[-75.460476,6.434078],[-75.460476,6.434078],[-75.460871,6.434328],[-75.460974,6.434362],[-75.461194,6.434435],[-75.461661,6.434613],[-75.461661,6.434613],[-75.462163,6.434756],[-75.462163,6.434756],[-75.46263,6.43497],[-75.463348,6.435183],[-75.463779,6.435433],[-75.464533,6.435718],[-75.46498,6.435866],[-75.465395,6.436002],[-75.465481,6.436006],[-75.465571,6.43601],[-75.466184,6.436036],[-75.466614,6.436143],[-75.466973,6.436285],[-75.466993,6.43629],[-75.467512,6.436427],[-75.467942,6.436426],[-75.468444,6.436317],[-75.468444,6.436317],[-75.46891,6.436065],[-75.46916,6.435777],[-75.46905,6.434988],[-75.469049,6.434737],[-75.468916,6.434439],[-75.468905,6.434414],[-75.468905,6.434414],[-75.468725,6.434164],[-75.468725,6.434164],[-75.468617,6.433913],[-75.46858,6.433698],[-75.468723,6.433446],[-75.468732,6.433441],[-75.468734,6.433439],[-75.468734,6.433439],[-75.469045,6.43323],[-75.469282,6.433026],[-75.469296,6.433014],[-75.469296,6.433014],[-75.469546,6.432834],[-75.46994,6.432546],[-75.46994,6.432546],[-75.4701,6.432445],[-75.470227,6.432366],[-75.470441,6.432114],[-75.470727,6.43179],[-75.470922,6.43151],[-75.470977,6.431431],[-75.471156,6.431143],[-75.471263,6.430928],[-75.471442,6.43082],[-75.471475,6.430796],[-75.471502,6.430776],[-75.471692,6.43064],[-75.471793,6.430555],[-75.471907,6.43046],[-75.472158,6.430244],[-75.47242,6.430243],[-75.472444,6.430243],[-75.472538,6.430293],[-75.472586,6.43032],[-75.47284,6.430457],[-75.473163,6.430636],[-75.47345,6.430743],[-75.473665,6.430814],[-75.473952,6.430741],[-75.474203,6.430776],[-75.474419,6.430883],[-75.474599,6.431062],[-75.474887,6.43142],[-75.475317,6.431455],[-75.475747,6.431418],[-75.476142,6.431453],[-75.476465,6.431524],[-75.47686,6.431666],[-75.47693,6.431686],[-75.477111,6.431737],[-75.477577,6.4317],[-75.47815,6.431411],[-75.478401,6.431267],[-75.478652,6.431195],[-75.479046,6.431158],[-75.479476,6.431085],[-75.480085,6.430796],[-75.480479,6.430508],[-75.481124,6.430183],[-75.481518,6.429895],[-75.481883,6.429753],[-75.481983,6.429715],[-75.482014,6.429728],[-75.482075,6.429715],[-75.482428,6.428302],[-75.482256,6.428113],[-75.482206,6.427858],[-75.48223,6.427571],[-75.48223,6.426402],[-75.48224,6.425867],[-75.482272,6.425739],[-75.482474,6.425421],[-75.482506,6.425279],[-75.482592,6.424928],[-75.482665,6.424644],[-75.482815,6.424449],[-75.482929,6.424261],[-75.483185,6.423962],[-75.483388,6.423787],[-75.483603,6.423626],[-75.483629,6.423614],[-75.483629,6.423614],[-75.483685,6.423588],[-75.48378,6.423544],[-75.483882,6.423491],[-75.48396,6.423441],[-75.484047,6.423375],[-75.484102,6.423324],[-75.484153,6.423277],[-75.484266,6.423198],[-75.484421,6.423098],[-75.484587,6.422965],[-75.484706,6.422852],[-75.484776,6.422796],[-75.484885,6.422597],[-75.484927,6.422483],[-75.484932,6.42238],[-75.484948,6.422275],[-75.484957,6.422267],[-75.484976,6.422113],[-75.485024,6.421847],[-75.485085,6.421493],[-75.485151,6.421229],[-75.48519,6.420977],[-75.485212,6.420694],[-75.485213,6.420422],[-75.485271,6.420159],[-75.485418,6.419834],[-75.485551,6.4195],[-75.485617,6.419044],[-75.485641,6.418696],[-75.485636,6.4185],[-75.485527,6.418256],[-75.485427,6.418009],[-75.485388,6.417929],[-75.485394,6.41766],[-75.485409,6.417299],[-75.485451,6.416942],[-75.485508,6.416587],[-75.485664,6.416042],[-75.485847,6.415754],[-75.485974,6.415463],[-75.486179,6.415341],[-75.48632,6.415168],[-75.48642,6.414966],[-75.486521,6.414716],[-75.48656,6.414449],[-75.486567,6.41413],[-75.486558,6.413911],[-75.486625,6.413652],[-75.486754,6.413413],[-75.486932,6.413054],[-75.486989,6.412881],[-75.487133,6.412804],[-75.487251,6.412565],[-75.487415,6.412349],[-75.487639,6.411961],[-75.487812,6.411644],[-75.487991,6.411443],[-75.488231,6.411193],[-75.488456,6.410858],[-75.488568,6.410467],[-75.48862,6.410294],[-75.488739,6.41005],[-75.488929,6.409716],[-75.488985,6.409572],[-75.488894,6.409287],[-75.48889,6.409052],[-75.488877,6.408854],[-75.489016,6.408624],[-75.489109,6.40828],[-75.489073,6.408013],[-75.488924,6.407685],[-75.488838,6.407428],[-75.488745,6.407173],[-75.488673,6.406966],[-75.48865,6.406836],[-75.488644,6.406656],[-75.488646,6.406475],[-75.488646,6.406294],[-75.488615,6.40614],[-75.488528,6.406052],[-75.488437,6.406028],[-75.488361,6.405945],[-75.488343,6.405818],[-75.488356,6.405683],[-75.488408,6.405542],[-75.488419,6.405418],[-75.488379,6.405297],[-75.488276,6.405147],[-75.488169,6.405069],[-75.48809,6.404965],[-75.488061,6.404845],[-75.488031,6.404722],[-75.488114,6.404393],[-75.488179,6.404204],[-75.48823,6.404006],[-75.488295,6.403822],[-75.488362,6.403653],[-75.488419,6.403527],[-75.488453,6.403366],[-75.488486,6.403171],[-75.488521,6.402994],[-75.488592,6.40286],[-75.488688,6.402681],[-75.488795,6.402463],[-75.488885,6.402271],[-75.488969,6.402056],[-75.489032,6.401864],[-75.489079,6.401653],[-75.489122,6.401398],[-75.489146,6.40123],[-75.489169,6.401071],[-75.489231,6.400883],[-75.489289,6.400707],[-75.48934,6.400551],[-75.489379,6.40039],[-75.489401,6.40006],[-75.489383,6.399689],[-75.489349,6.399349],[-75.489311,6.39904],[-75.489268,6.39876],[-75.489226,6.398492],[-75.489202,6.398287],[-75.489188,6.398058],[-75.489172,6.397792],[-75.489152,6.397516],[-75.489101,6.397217],[-75.489055,6.396942],[-75.488948,6.396551],[-75.488856,6.396278],[-75.488706,6.396019],[-75.488551,6.395874],[-75.488423,6.395779],[-75.488312,6.395638],[-75.488245,6.39549],[-75.488249,6.395344],[-75.488327,6.395207],[-75.48843,6.395055],[-75.488484,6.394854],[-75.488527,6.394617],[-75.488565,6.394402],[-75.488605,6.394224],[-75.488594,6.394001],[-75.488469,6.39384],[-75.48836,6.393747],[-75.488265,6.39369],[-75.488332,6.393537],[-75.488397,6.393389],[-75.488415,6.393268],[-75.48835,6.393093],[-75.488194,6.392805],[-75.488065,6.392649],[-75.487928,6.392485],[-75.48779,6.392278],[-75.487655,6.391996],[-75.487551,6.391777],[-75.487411,6.391485],[-75.487319,6.391293],[-75.487221,6.39107],[-75.487147,6.390912],[-75.486995,6.390715],[-75.486799,6.390541],[-75.486554,6.390428],[-75.486243,6.390335],[-75.485982,6.390243],[-75.485745,6.390189],[-75.485512,6.39009],[-75.48527,6.389947],[-75.485066,6.389835],[-75.484944,6.389705],[-75.484804,6.389527],[-75.484664,6.389317],[-75.484552,6.389135],[-75.48444,6.388911],[-75.484334,6.388648],[-75.484239,6.388463],[-75.484171,6.388174],[-75.48406,6.387862],[-75.483962,6.387646],[-75.483866,6.387491],[-75.483754,6.387378],[-75.483629,6.387339],[-75.483514,6.387323],[-75.483378,6.387322],[-75.483238,6.387303],[-75.483059,6.387258],[-75.482946,6.38719],[-75.482877,6.387054],[-75.482823,6.3869],[-75.482843,6.386643],[-75.48287,6.38646],[-75.482868,6.386305],[-75.482866,6.386177],[-75.482831,6.38605],[-75.482799,6.385848],[-75.48271,6.385541],[-75.482645,6.38524],[-75.482558,6.384839],[-75.482455,6.384507],[-75.482416,6.384314],[-75.482385,6.384225],[-75.482275,6.384161],[-75.482066,6.384095],[-75.481861,6.383995],[-75.481722,6.383892],[-75.48169,6.383843],[-75.481702,6.38375],[-75.481755,6.383645],[-75.481801,6.383426],[-75.481741,6.38327],[-75.48163,6.383097],[-75.481538,6.383013],[-75.481393,6.382904],[-75.481261,6.382799],[-75.481159,6.38267],[-75.481069,6.382487],[-75.481004,6.382333],[-75.480974,6.382206],[-75.480987,6.381984],[-75.481029,6.381744],[-75.481096,6.381598],[-75.481226,6.381439],[-75.481385,6.381256],[-75.481416,6.381089],[-75.481405,6.38094],[-75.48141,6.380746],[-75.481351,6.380548],[-75.481219,6.380337],[-75.481157,6.380183],[-75.481056,6.380104],[-75.481011,6.380003],[-75.481032,6.379899],[-75.481022,6.379804],[-75.480925,6.379746],[-75.480722,6.379668],[-75.480453,6.379645],[-75.480223,6.379612],[-75.480052,6.379604],[-75.479896,6.379548],[-75.479688,6.379417],[-75.479507,6.379269],[-75.479352,6.379173],[-75.47917,6.379081],[-75.478984,6.378997],[-75.478792,6.379001],[-75.478581,6.378999],[-75.478389,6.378977],[-75.4782,6.379015],[-75.477955,6.378943],[-75.47773,6.378826],[-75.477475,6.378639],[-75.47727,6.378461],[-75.477145,6.378365],[-75.476913,6.378202],[-75.476696,6.378073],[-75.476506,6.377976],[-75.476271,6.377919],[-75.476007,6.377898],[-75.4757,6.377888],[-75.475488,6.377868],[-75.475295,6.377822],[-75.475059,6.377633],[-75.474947,6.377517],[-75.474852,6.377352],[-75.474724,6.377168],[-75.474563,6.376959],[-75.474432,6.376817],[-75.474193,6.37662],[-75.474066,6.376567],[-75.473998,6.376547],[-75.473747,6.376446],[-75.47365,6.376413],[-75.473647,6.376406],[-75.473497,6.376345],[-75.473228,6.376318],[-75.473068,6.376246],[-75.472981,6.376175],[-75.47292,6.376086],[-75.472757,6.375827],[-75.472945,6.375837],[-75.473183,6.375823],[-75.473323,6.375809],[-75.473376,6.375793],[-75.473374,6.37579],[-75.473382,6.375791],[-75.473531,6.375746],[-75.473652,6.375724],[-75.473786,6.375668],[-75.473896,6.375634],[-75.474005,6.375606],[-75.474065,6.3756],[-75.47418,6.37559],[-75.474301,6.37558],[-75.474516,6.375561],[-75.474698,6.375545],[-75.474831,6.375554],[-75.475013,6.375567],[-75.475217,6.375583],[-75.475443,6.375601],[-75.475625,6.375609],[-75.475752,6.375634],[-75.475873,6.375647],[-75.476125,6.37558],[-75.476294,6.375529],[-75.476468,6.375397],[-75.476598,6.3753],[-75.476715,6.37518],[-75.476827,6.375061],[-75.476934,6.374948],[-75.477025,6.374851],[-75.477168,6.374797],[-75.477472,6.374708],[-75.47772,6.374783],[-75.477954,6.374855],[-75.478075,6.374898],[-75.478197,6.374965],[-75.478412,6.375086],[-75.478512,6.375218],[-75.478638,6.375385],[-75.478839,6.375738],[-75.479002,6.375911],[-75.47918,6.376064],[-75.4793,6.376189],[-75.479563,6.376352],[-75.479695,6.376433],[-75.479992,6.37651],[-75.480161,6.376549],[-75.480527,6.37654],[-75.480891,6.376405],[-75.481015,6.376276],[-75.481148,6.376158],[-75.481274,6.376045],[-75.481403,6.375928],[-75.481566,6.375859],[-75.481669,6.375819],[-75.481855,6.375885],[-75.482035,6.37596],[-75.482209,6.376032],[-75.482398,6.376079],[-75.482568,6.376045],[-75.482609,6.37596],[-75.48264,6.37579],[-75.482628,6.375617],[-75.482603,6.375427],[-75.482569,6.375244],[-75.482559,6.375133],[-75.482561,6.374994],[-75.482604,6.374868],[-75.482657,6.374747],[-75.482763,6.374662],[-75.482902,6.37459],[-75.482968,6.374463],[-75.483047,6.374343],[-75.483113,6.374137],[-75.483185,6.373951],[-75.483264,6.373805],[-75.48338,6.37355],[-75.483582,6.373246],[-75.483757,6.37279],[-75.483933,6.37241],[-75.484033,6.372055],[-75.484134,6.37165],[-75.484284,6.371119],[-75.484282,6.370613],[-75.483952,6.370108],[-75.483597,6.369628],[-75.483267,6.369325],[-75.48314,6.368997],[-75.48281,6.36832],[-75.482707,6.367763],[-75.482554,6.367156],[-75.482426,6.3666],[-75.482348,6.36612],[-75.482221,6.365589],[-75.482067,6.365058],[-75.48194,6.364578],[-75.481812,6.364123],[-75.481659,6.363668],[-75.481506,6.363036],[-75.481378,6.362631],[-75.481301,6.36205],[-75.481223,6.361493],[-75.481121,6.361038],[-75.480917,6.360634],[-75.480663,6.36023],[-75.48046,6.359656],[-75.480408,6.359125],[-75.480432,6.358695],[-75.480531,6.358163],[-75.480555,6.357682],[-75.480579,6.357176],[-75.480629,6.356721],[-75.480627,6.356164],[-75.480626,6.355795],[-75.4806,6.355365],[-75.480573,6.354834],[-75.480546,6.354303],[-75.48057,6.353771],[-75.48067,6.353391],[-75.480744,6.352708],[-75.480592,6.352329],[-75.480237,6.352128],[-75.479782,6.352028],[-75.4792,6.351928],[-75.478629,6.352056],[-75.477895,6.352109],[-75.477112,6.352212],[-75.476506,6.352543],[-75.476076,6.35267],[-75.47557,6.352444],[-75.475241,6.352217],[-75.474911,6.351864],[-75.474758,6.35151],[-75.474681,6.351131],[-75.474554,6.35065],[-75.474426,6.350119],[-75.474273,6.34974],[-75.473968,6.349336],[-75.473462,6.348908],[-75.473107,6.348529],[-75.472727,6.348303],[-75.472296,6.348],[-75.47184,6.347622],[-75.471485,6.347269],[-75.47113,6.34689],[-75.470851,6.346764],[-75.47027,6.346791],[-75.46984,6.346818],[-75.469359,6.346617],[-75.468852,6.346314],[-75.468472,6.346037],[-75.467737,6.345381],[-75.467458,6.344952],[-75.467169,6.344535],[-75.466712,6.344056],[-75.466332,6.343829],[-75.465699,6.343578],[-75.465193,6.343402],[-75.464687,6.343328],[-75.464257,6.343152],[-75.463877,6.342748],[-75.463572,6.342319],[-75.463293,6.341839],[-75.463089,6.341283],[-75.46286,6.340727],[-75.462605,6.340145],[-75.462402,6.339691],[-75.462249,6.339134],[-75.462045,6.338604],[-75.461664,6.337922],[-75.461258,6.337467],[-75.460878,6.337114],[-75.460371,6.336787],[-75.459574,6.336389],[-75.458916,6.336112],[-75.458055,6.335938],[-75.457347,6.33594],[-75.456639,6.335967],[-75.456058,6.336069],[-75.455578,6.336172],[-75.455022,6.336148],[-75.453934,6.336075],[-75.453479,6.336051],[-75.452847,6.336002],[-75.452239,6.335776],[-75.451733,6.335448],[-75.451623,6.335326],[-75.45161,6.33534],[-75.451605,6.335323],[-75.451597,6.335297],[-75.451497,6.334964],[-75.451428,6.334737],[-75.451414,6.334691],[-75.451337,6.334699],[-75.451187,6.334715],[-75.450828,6.334572],[-75.450608,6.334573],[-75.450469,6.334573],[-75.450279,6.334489],[-75.450146,6.33443],[-75.45008,6.334331],[-75.450002,6.334216],[-75.44993,6.333929],[-75.449929,6.333642],[-75.449892,6.333068],[-75.449891,6.332817],[-75.449855,6.332566],[-75.449746,6.332207],[-75.449638,6.33192],[-75.449493,6.331526],[-75.449349,6.331275],[-75.449276,6.330881],[-75.449275,6.330522],[-75.449346,6.330127],[-75.449381,6.329732],[-75.449308,6.329446],[-75.448949,6.329124],[-75.448483,6.329125],[-75.448053,6.329234],[-75.447898,6.329234],[-75.447893,6.329234],[-75.447838,6.329234],[-75.447622,6.329127],[-75.447559,6.329038],[-75.447442,6.328877],[-75.447274,6.328661],[-75.44719,6.328554],[-75.447186,6.328551],[-75.446903,6.328304],[-75.446733,6.328191],[-75.446687,6.328161],[-75.446583,6.328096],[-75.4464,6.327982],[-75.446148,6.327732],[-75.446114,6.327681],[-75.446004,6.327517],[-75.445859,6.327086],[-75.445854,6.327069],[-75.445824,6.326979],[-75.445743,6.326866],[-75.445719,6.326833],[-75.445464,6.326478],[-75.445447,6.326441],[-75.445402,6.326346],[-75.445374,6.326284],[-75.445247,6.326012],[-75.444959,6.325546],[-75.444743,6.325296],[-75.444456,6.324974],[-75.444311,6.324615],[-75.444203,6.324257],[-75.444058,6.323898],[-75.44377,6.323289],[-75.443446,6.322967],[-75.443088,6.322968],[-75.442812,6.322969],[-75.442765,6.322969],[-75.44269,6.322953],[-75.442263,6.322863],[-75.441796,6.322792],[-75.441623,6.322782],[-75.441187,6.322758],[-75.440864,6.322866],[-75.440754,6.322911],[-75.440506,6.323011],[-75.440278,6.323011],[-75.440112,6.323012],[-75.439789,6.322941],[-75.439537,6.322762],[-75.439396,6.322565],[-75.439357,6.322511],[-75.439225,6.322353],[-75.439178,6.322297],[-75.438639,6.321939],[-75.43828,6.321761],[-75.437885,6.32169],[-75.437813,6.32169],[-75.437526,6.321691],[-75.437382,6.321703],[-75.43706,6.321728],[-75.436889,6.32176],[-75.436666,6.321801],[-75.436379,6.321838],[-75.436366,6.321832],[-75.436207,6.321769],[-75.43602,6.321695],[-75.435733,6.321445],[-75.435446,6.321266],[-75.43505,6.321016],[-75.43462,6.320802],[-75.434117,6.320444],[-75.433757,6.320194],[-75.433398,6.319836],[-75.43311,6.319478],[-75.432905,6.319157],[-75.432858,6.319084],[-75.432641,6.318367],[-75.432643,6.318348],[-75.432676,6.317972],[-75.432531,6.317542],[-75.432243,6.317184],[-75.431992,6.316862],[-75.431902,6.316792],[-75.431738,6.316665],[-75.431668,6.316612],[-75.43131,6.316577],[-75.43111,6.31659],[-75.430736,6.316614],[-75.43049,6.31669],[-75.43027,6.316759],[-75.429912,6.316831],[-75.429374,6.316725],[-75.429108,6.316567],[-75.429014,6.316511],[-75.428655,6.316261],[-75.428332,6.31619],[-75.427818,6.316127],[-75.427758,6.316119],[-75.427149,6.316049],[-75.426465,6.315856],[-75.42643,6.315846],[-75.426395,6.315836],[-75.425856,6.31555],[-75.425318,6.315193],[-75.425295,6.315174],[-75.425244,6.31513],[-75.42494,6.315133],[-75.424579,6.315101],[-75.424426,6.315087],[-75.424405,6.315177],[-75.424387,6.31533],[-75.424328,6.315526],[-75.424241,6.315736],[-75.424203,6.315919],[-75.424201,6.316051],[-75.424214,6.316224],[-75.424214,6.316306],[-75.424217,6.31654],[-75.424245,6.316726],[-75.424229,6.316832],[-75.424199,6.316913],[-75.424147,6.317042],[-75.424132,6.317372],[-75.424091,6.317629],[-75.424094,6.317795],[-75.42406,6.317906],[-75.424018,6.318049],[-75.424005,6.31815],[-75.42396,6.318246],[-75.423929,6.318455],[-75.423859,6.318576],[-75.423784,6.318638],[-75.42366,6.318705],[-75.423474,6.318777],[-75.423078,6.319225],[-75.422479,6.31997],[-75.422068,6.320844],[-75.421813,6.321347],[-75.421523,6.322067],[-75.421379,6.322577],[-75.421121,6.323092],[-75.420875,6.323815],[-75.420852,6.324418],[-75.421008,6.325336],[-75.42107,6.325897],[-75.421677,6.326331],[-75.422318,6.326654],[-75.422396,6.32675],[-75.422705,6.327131],[-75.422921,6.327714],[-75.423125,6.328255],[-75.423214,6.328536],[-75.423277,6.328675],[-75.423316,6.328894],[-75.423311,6.32902],[-75.423304,6.329252],[-75.423282,6.329598],[-75.423266,6.32982],[-75.423277,6.329945],[-75.423288,6.330102],[-75.423304,6.330187],[-75.423316,6.330287],[-75.423309,6.330373],[-75.423306,6.330462],[-75.423298,6.330556],[-75.423296,6.330645],[-75.423294,6.330719],[-75.422985,6.33186],[-75.422842,6.332388],[-75.422648,6.332432],[-75.421896,6.332546],[-75.421356,6.332667],[-75.420989,6.332824],[-75.420623,6.333119],[-75.420275,6.333471],[-75.420116,6.333599],[-75.420065,6.333641],[-75.419833,6.333828],[-75.419803,6.333853],[-75.419632,6.333995],[-75.419556,6.33416],[-75.419457,6.33426],[-75.419174,6.334357],[-75.418943,6.334435],[-75.418633,6.334614],[-75.418418,6.334805],[-75.418223,6.335107],[-75.418181,6.335224],[-75.418013,6.335693],[-75.418005,6.335712],[-75.417796,6.336185],[-75.41751,6.336747],[-75.417481,6.336805],[-75.41728,6.337145],[-75.417065,6.337324],[-75.41676,6.337437],[-75.416454,6.337487],[-75.416286,6.337502],[-75.416229,6.337518],[-75.416161,6.337578],[-75.416015,6.33764],[-75.415894,6.337716],[-75.415773,6.3378],[-75.415644,6.33793],[-75.415547,6.338073],[-75.41549,6.338209],[-75.415418,6.338244],[-75.415306,6.338279],[-75.415194,6.338342],[-75.415108,6.338475],[-75.415105,6.3386],[-75.415137,6.338712],[-75.415166,6.338824],[-75.415171,6.339011],[-75.415152,6.33928],[-75.415141,6.33951],[-75.41511,6.339765],[-75.415011,6.340239],[-75.414954,6.340506],[-75.41501,6.340693],[-75.415125,6.340807],[-75.415294,6.340881],[-75.415466,6.34096],[-75.415573,6.341122],[-75.415754,6.341311],[-75.415884,6.3415],[-75.415994,6.341758],[-75.41612,6.342092],[-75.416262,6.342407],[-75.41635,6.342631],[-75.416404,6.342874],[-75.416503,6.343102],[-75.416578,6.343254],[-75.416614,6.343328],[-75.416673,6.343398],[-75.416444,6.343651],[-75.416181,6.343967],[-75.416028,6.34415],[-75.415895,6.344321],[-75.415813,6.344468],[-75.415726,6.344675],[-75.415673,6.344851],[-75.415634,6.345022],[-75.415637,6.345232],[-75.415649,6.345363],[-75.415695,6.345502],[-75.415755,6.345616],[-75.415798,6.345683],[-75.415822,6.345763],[-75.415826,6.345828],[-75.415832,6.345848],[-75.41585,6.345903],[-75.415899,6.345976],[-75.41591,6.34605],[-75.415932,6.346164],[-75.415997,6.346343],[-75.416057,6.346744],[-75.416048,6.34704],[-75.416011,6.347336],[-75.415991,6.347465],[-75.415922,6.347711],[-75.41585,6.3478],[-75.415706,6.34777],[-75.415662,6.347962],[-75.415641,6.348056],[-75.415621,6.348133],[-75.415599,6.348211],[-75.415581,6.348254],[-75.415536,6.348303],[-75.415472,6.348264],[-75.415381,6.348212],[-75.415299,6.34816],[-75.415161,6.348119],[-75.415116,6.34808],[-75.415016,6.34802],[-75.41491,6.347975],[-75.414838,6.347951],[-75.414788,6.347934],[-75.41468,6.347874],[-75.414559,6.347818],[-75.414475,6.347774],[-75.41442,6.347733],[-75.41426,6.347658],[-75.414158,6.347612],[-75.414063,6.347573],[-75.413987,6.347555],[-75.413938,6.347542],[-75.413862,6.347542],[-75.413754,6.347559],[-75.413681,6.347575],[-75.413582,6.347626],[-75.413498,6.347664],[-75.413382,6.3477],[-75.413297,6.347747],[-75.413242,6.347773],[-75.413172,6.347812],[-75.413106,6.347849],[-75.413006,6.347883],[-75.412924,6.347929],[-75.412594,6.348068],[-75.412514,6.348122],[-75.412422,6.348139],[-75.412347,6.34818],[-75.412269,6.348214],[-75.412188,6.34825],[-75.412146,6.348274],[-75.412115,6.348291],[-75.412023,6.348339],[-75.411939,6.34838],[-75.411859,6.348452],[-75.411808,6.348535],[-75.411782,6.348594],[-75.41176,6.348662],[-75.411748,6.348735],[-75.41172,6.348814],[-75.411672,6.34895],[-75.411663,6.348977],[-75.411599,6.349012],[-75.411517,6.349063],[-75.411384,6.34911],[-75.411126,6.349154],[-75.410978,6.349163],[-75.410904,6.349168],[-75.410696,6.349178],[-75.410591,6.349172],[-75.410525,6.349169],[-75.410272,6.349125],[-75.41005,6.349047],[-75.409937,6.349019],[-75.40977,6.348945],[-75.409661,6.348917],[-75.409566,6.348909],[-75.409478,6.348901],[-75.409387,6.348902],[-75.409269,6.348887],[-75.409164,6.348869],[-75.408899,6.348833],[-75.408815,6.348821],[-75.408683,6.348815],[-75.408583,6.348829],[-75.408529,6.348841],[-75.408492,6.348849],[-75.408404,6.348885],[-75.40798,6.349086],[-75.407838,6.349161],[-75.407663,6.34928],[-75.407573,6.349382],[-75.407513,6.349477],[-75.407424,6.34961],[-75.407315,6.349745],[-75.407228,6.349893],[-75.407181,6.349968],[-75.407153,6.350015],[-75.406926,6.350161],[-75.40678,6.350237],[-75.406611,6.350286],[-75.406518,6.350318],[-75.406448,6.350348],[-75.406395,6.350401],[-75.406333,6.350449],[-75.406092,6.350681],[-75.405908,6.350968],[-75.405878,6.351016],[-75.405823,6.351053],[-75.405604,6.351204],[-75.405346,6.35136],[-75.40528,6.351399],[-75.405219,6.351345],[-75.405154,6.351284],[-75.405108,6.351252],[-75.405034,6.35122],[-75.404952,6.351204],[-75.40486,6.351206],[-75.404764,6.351215],[-75.404682,6.351246],[-75.404589,6.351293],[-75.404526,6.351345],[-75.404476,6.351425],[-75.404429,6.351494],[-75.404376,6.351553],[-75.404293,6.351637],[-75.404174,6.351748],[-75.404075,6.351889],[-75.403961,6.351989],[-75.403893,6.352046],[-75.403841,6.352073],[-75.403784,6.352083],[-75.403703,6.35208],[-75.40363,6.352069],[-75.403513,6.352059],[-75.403361,6.352043],[-75.403181,6.352049],[-75.403075,6.352082],[-75.402938,6.352124],[-75.402825,6.352195],[-75.402756,6.352242],[-75.402666,6.35232],[-75.402599,6.352416],[-75.402482,6.352635],[-75.402447,6.352711],[-75.40242,6.352763],[-75.402387,6.35282],[-75.402357,6.352857],[-75.402332,6.352886],[-75.402272,6.352952],[-75.402222,6.35301],[-75.402066,6.353178],[-75.401951,6.353346],[-75.401881,6.353522],[-75.401847,6.353666],[-75.401843,6.35373],[-75.401841,6.353772],[-75.401885,6.353986],[-75.401945,6.354279],[-75.401956,6.354362],[-75.402022,6.354658],[-75.402062,6.354834],[-75.402082,6.354958],[-75.402077,6.355034],[-75.402061,6.355102],[-75.402043,6.355184],[-75.402019,6.355287],[-75.401989,6.355537],[-75.401982,6.355744],[-75.401981,6.355778],[-75.401957,6.355859],[-75.401878,6.355911],[-75.401838,6.355945],[-75.401743,6.356074],[-75.401711,6.35616],[-75.401687,6.356242],[-75.401664,6.356311],[-75.401612,6.356433],[-75.401578,6.356506],[-75.401518,6.356618],[-75.401472,6.356711],[-75.401402,6.356812],[-75.401344,6.356899],[-75.401275,6.357002],[-75.401239,6.357052],[-75.40121,6.357093],[-75.401162,6.357158],[-75.401094,6.357218],[-75.400961,6.357326],[-75.40068,6.35756],[-75.400312,6.35787],[-75.400101,6.358236],[-75.400105,6.358374],[-75.400133,6.35849],[-75.400136,6.358584],[-75.400147,6.358664],[-75.400143,6.358776],[-75.400178,6.358871],[-75.400209,6.358925],[-75.400292,6.359006],[-75.40035,6.359069],[-75.400414,6.359113],[-75.400486,6.359175],[-75.400577,6.359215],[-75.400624,6.359234],[-75.400729,6.359276],[-75.400802,6.359303],[-75.40085,6.359349],[-75.400967,6.359423],[-75.401077,6.359483],[-75.401159,6.359514],[-75.401229,6.359558],[-75.401277,6.359585],[-75.401333,6.359603],[-75.401409,6.359632],[-75.401502,6.359673],[-75.401558,6.359693],[-75.401644,6.359744],[-75.401738,6.359809],[-75.401834,6.359858],[-75.401976,6.35996],[-75.402066,6.360039],[-75.402243,6.360324],[-75.402279,6.360416],[-75.402326,6.36055],[-75.402362,6.36068],[-75.402369,6.360796],[-75.402393,6.360885],[-75.402484,6.361072],[-75.402523,6.361127],[-75.402553,6.361176],[-75.402563,6.361192],[-75.402591,6.361244],[-75.402623,6.361303],[-75.402668,6.361369],[-75.402713,6.361435],[-75.402774,6.361523],[-75.402833,6.361601],[-75.40289,6.361693],[-75.402939,6.361741],[-75.403018,6.361801],[-75.403088,6.361845],[-75.403166,6.361914],[-75.403259,6.361951],[-75.403324,6.361976],[-75.403418,6.362011],[-75.403481,6.362035],[-75.403571,6.362043],[-75.403638,6.362057],[-75.403713,6.362076],[-75.403793,6.362103],[-75.403893,6.362096],[-75.403984,6.362097],[-75.404041,6.362103],[-75.40425,6.362141],[-75.404335,6.362177],[-75.404464,6.362246],[-75.404571,6.36227],[-75.40466,6.362317],[-75.404779,6.362379],[-75.404802,6.362395],[-75.404917,6.362474],[-75.405005,6.362552],[-75.405038,6.362608],[-75.40508,6.362653],[-75.405123,6.36274],[-75.405138,6.362817],[-75.405136,6.362891],[-75.405152,6.362938],[-75.405173,6.362985],[-75.405356,6.363119],[-75.405404,6.363148],[-75.405434,6.363195],[-75.405486,6.363252],[-75.405517,6.363314],[-75.405565,6.363418],[-75.405601,6.363466],[-75.405677,6.363557],[-75.405731,6.363598],[-75.405786,6.363624],[-75.405853,6.363664],[-75.40591,6.363732],[-75.405958,6.363849],[-75.405958,6.363907],[-75.405952,6.363993],[-75.40594,6.364064],[-75.40594,6.364116],[-75.405943,6.364178],[-75.405961,6.364266],[-75.405974,6.364354],[-75.406032,6.36441],[-75.406032,6.364492],[-75.406032,6.364583],[-75.406079,6.364629],[-75.406134,6.3647],[-75.406303,6.364933],[-75.406346,6.365011],[-75.406384,6.365057],[-75.40641,6.365105],[-75.406447,6.365157],[-75.406454,6.365232],[-75.406424,6.365279],[-75.406309,6.365336],[-75.406247,6.365362],[-75.406197,6.365389],[-75.406076,6.36541],[-75.406006,6.365407],[-75.405934,6.365384],[-75.405852,6.365312],[-75.405792,6.365269],[-75.405714,6.365205],[-75.405609,6.365146],[-75.405558,6.365099],[-75.405491,6.365063],[-75.405403,6.365044],[-75.40529,6.365013],[-75.40519,6.364978],[-75.405067,6.364949],[-75.40497,6.364931],[-75.40489,6.364936],[-75.404798,6.364943],[-75.40471,6.364963],[-75.404626,6.364976],[-75.404561,6.36501],[-75.404483,6.365005],[-75.404434,6.365019],[-75.404337,6.365118],[-75.404425,6.365175],[-75.404456,6.365241],[-75.404482,6.365297],[-75.404536,6.365421],[-75.404564,6.365482],[-75.404605,6.365568],[-75.404693,6.365708],[-75.404776,6.36584],[-75.404817,6.365898],[-75.404855,6.365952],[-75.404928,6.366051],[-75.405011,6.366148],[-75.405036,6.366244],[-75.405036,6.366244],[-75.405039,6.366366],[-75.405032,6.366425],[-75.405061,6.366861],[-75.405062,6.367025],[-75.405047,6.367189],[-75.405025,6.367253],[-75.404977,6.367392],[-75.404962,6.367482],[-75.404962,6.367482],[-75.404954,6.367532],[-75.404954,6.367532],[-75.404941,6.36757],[-75.404929,6.367608],[-75.404915,6.36765],[-75.404874,6.3677],[-75.40486,6.367708],[-75.404709,6.367794],[-75.404665,6.367816],[-75.404762,6.367875],[-75.404762,6.367875],[-75.404699,6.367922],[-75.404699,6.367922],[-75.404385,6.368054],[-75.404149,6.368212],[-75.403967,6.368527],[-75.403926,6.368649],[-75.403836,6.368921],[-75.40389,6.369252],[-75.404101,6.369802],[-75.404101,6.369802],[-75.404259,6.370247],[-75.404259,6.370247],[-75.404418,6.370641],[-75.404418,6.370641],[-75.404524,6.371008],[-75.40454,6.371268],[-75.404551,6.371427],[-75.404541,6.371581],[-75.404526,6.371821],[-75.404526,6.372162],[-75.404632,6.37245],[-75.404816,6.372712],[-75.405001,6.373052],[-75.405133,6.373498],[-75.405133,6.373498],[-75.405291,6.373944],[-75.405319,6.37439],[-75.405319,6.37439],[-75.40532,6.374809],[-75.4053,6.374904],[-75.405242,6.375177],[-75.405164,6.375518],[-75.40527,6.375754],[-75.40548,6.376068],[-75.40548,6.376068],[-75.405691,6.376435],[-75.405692,6.376723],[-75.405692,6.376723],[-75.40564,6.377083],[-75.40564,6.377083],[-75.405642,6.377555],[-75.405642,6.377555],[-75.405643,6.377948],[-75.405643,6.377948],[-75.405591,6.37829],[-75.405591,6.37829],[-75.40559,6.378291],[-75.405461,6.378526],[-75.40533,6.378789],[-75.405299,6.378836],[-75.405121,6.379104],[-75.405069,6.379393],[-75.405097,6.379786],[-75.405281,6.380232],[-75.40544,6.380598],[-75.40544,6.380598],[-75.405546,6.380992],[-75.405756,6.381385],[-75.405782,6.381457],[-75.405915,6.38183],[-75.406047,6.382407],[-75.406047,6.382407],[-75.406101,6.382774],[-75.406101,6.382774],[-75.406172,6.382896],[-75.406285,6.383088],[-75.40647,6.383429],[-75.40647,6.383429],[-75.406759,6.383769],[-75.407022,6.383978],[-75.407203,6.384133],[-75.40739,6.384292],[-75.407758,6.384659],[-75.4079,6.38481],[-75.408152,6.385077],[-75.408231,6.385366],[-75.408258,6.38568],[-75.408154,6.385917],[-75.408154,6.385917],[-75.408076,6.386205],[-75.40806,6.386306],[-75.40805,6.386363],[-75.408051,6.38673],[-75.408104,6.38694],[-75.408262,6.387071],[-75.408525,6.387411],[-75.408683,6.387778],[-75.408816,6.38825],[-75.408895,6.388617],[-75.408895,6.388617],[-75.409054,6.38901],[-75.40916,6.389429],[-75.409292,6.389875],[-75.409398,6.390347],[-75.409398,6.390347],[-75.409635,6.390845],[-75.409635,6.390845],[-75.409767,6.391185],[-75.409981,6.391411],[-75.410148,6.391724],[-75.410389,6.392038],[-75.410389,6.392038],[-75.410574,6.392333],[-75.4106,6.392493],[-75.41063,6.392683],[-75.410724,6.3932],[-75.410724,6.3932],[-75.41078,6.393643],[-75.410892,6.394049],[-75.410892,6.394049],[-75.410962,6.394194],[-75.411096,6.394473],[-75.411282,6.394786],[-75.411578,6.395099],[-75.41169,6.395205],[-75.411874,6.395376],[-75.412132,6.395486],[-75.412465,6.395577],[-75.41276,6.395595],[-75.413055,6.395613],[-75.413406,6.395685],[-75.41372,6.395722],[-75.414089,6.395665],[-75.414089,6.395665],[-75.414532,6.395627],[-75.414858,6.395577],[-75.414901,6.395571],[-75.415399,6.395514],[-75.415805,6.395439],[-75.4161,6.395309],[-75.4161,6.395309],[-75.416321,6.395216],[-75.416524,6.395105],[-75.416745,6.394994],[-75.416745,6.394994],[-75.416966,6.394845],[-75.416966,6.394845],[-75.41739,6.394697],[-75.417464,6.394655],[-75.417556,6.394604],[-75.417752,6.394549],[-75.417888,6.394511],[-75.418194,6.394449],[-75.418257,6.394436],[-75.418257,6.394436],[-75.418552,6.394417],[-75.418552,6.394417],[-75.418792,6.394361],[-75.418893,6.394345],[-75.419032,6.394323],[-75.419221,6.394296],[-75.41929,6.394286],[-75.41929,6.394286],[-75.419604,6.39434],[-75.419881,6.394395],[-75.419881,6.394395],[-75.419917,6.394411],[-75.420047,6.394468],[-75.420177,6.394652],[-75.420177,6.394652],[-75.420199,6.394681],[-75.420306,6.394818],[-75.42035,6.394898],[-75.420418,6.395021],[-75.420473,6.395187],[-75.420473,6.395187],[-75.420529,6.39539],[-75.420545,6.395404],[-75.420677,6.395519],[-75.420807,6.395685],[-75.420992,6.395887],[-75.420992,6.395887],[-75.421066,6.396072],[-75.421066,6.396072],[-75.421104,6.396256],[-75.421086,6.396441],[-75.421068,6.396626],[-75.421068,6.396847],[-75.421068,6.396847],[-75.421013,6.397032],[-75.420959,6.397327],[-75.420959,6.397327],[-75.420941,6.397568],[-75.420941,6.397568],[-75.42096,6.397826],[-75.420979,6.398047],[-75.421035,6.398287],[-75.421109,6.398472],[-75.421109,6.398472],[-75.421165,6.398656],[-75.421165,6.398657],[-75.421258,6.398878],[-75.421314,6.39908],[-75.421315,6.399302],[-75.421241,6.399431],[-75.421149,6.399579],[-75.421149,6.399579],[-75.421094,6.399727],[-75.421094,6.399727],[-75.421002,6.399875],[-75.420984,6.400078],[-75.421022,6.400281],[-75.421104,6.400483],[-75.420942,6.400462],[-75.420786,6.400439],[-75.420575,6.400514],[-75.420329,6.400914],[-75.420329,6.400914],[-75.420337,6.401048],[-75.420349,6.401233],[-75.420377,6.401393],[-75.4204,6.401521],[-75.420635,6.40188],[-75.420831,6.40225],[-75.421142,6.402601],[-75.421436,6.403015],[-75.421621,6.40329],[-75.421786,6.403639],[-75.421786,6.403639],[-75.421789,6.403764],[-75.421793,6.403953],[-75.42188,6.404226],[-75.421824,6.404462],[-75.421624,6.404636],[-75.421624,6.404636],[-75.421611,6.404637],[-75.421253,6.404683],[-75.421454,6.404798],[-75.421633,6.404781],[-75.421633,6.404781],[-75.421987,6.404706],[-75.422303,6.404551],[-75.422522,6.40464],[-75.422786,6.404691],[-75.423004,6.404852],[-75.423187,6.405035],[-75.423323,6.405171],[-75.423454,6.405296],[-75.42363,6.405494],[-75.423815,6.405692],[-75.424053,6.405965],[-75.424091,6.406002],[-75.424312,6.406215],[-75.424567,6.406471],[-75.424623,6.406547],[-75.424729,6.406689],[-75.424931,6.406868],[-75.425164,6.407013],[-75.425164,6.407013],[-75.425182,6.407045],[-75.425272,6.407207],[-75.425302,6.407464],[-75.425259,6.407543],[-75.425147,6.407685],[-75.425133,6.407774],[-75.425303,6.407887],[-75.425334,6.407891],[-75.425692,6.407935],[-75.425751,6.408005],[-75.425922,6.408208],[-75.426168,6.408469],[-75.426174,6.408471],[-75.42642,6.408567],[-75.426676,6.408647],[-75.426923,6.408908],[-75.426923,6.408908],[-75.427237,6.409129],[-75.42749,6.409345],[-75.42749,6.409345],[-75.427785,6.409548],[-75.427912,6.40973],[-75.427912,6.40973],[-75.42806,6.41007],[-75.428197,6.410542],[-75.428339,6.410968],[-75.428339,6.410968],[-75.428502,6.411285],[-75.428585,6.411424],[-75.428679,6.41158],[-75.429023,6.41178],[-75.429252,6.411915],[-75.429413,6.412094],[-75.429413,6.412094],[-75.429511,6.412151],[-75.429724,6.412275],[-75.430002,6.412475],[-75.430002,6.412475],[-75.430099,6.412543],[-75.430292,6.412679],[-75.43055,6.412926],[-75.430886,6.413162],[-75.430886,6.413162],[-75.431256,6.413408],[-75.431578,6.413649],[-75.431824,6.413824],[-75.432121,6.414037],[-75.432559,6.414356],[-75.432559,6.414356],[-75.432928,6.414616],[-75.433222,6.414826],[-75.433267,6.414891],[-75.433443,6.415141],[-75.433484,6.415267],[-75.433537,6.415428],[-75.433599,6.415526],[-75.433667,6.415631],[-75.433797,6.416009],[-75.433824,6.416068],[-75.433916,6.41627],[-75.434101,6.416514],[-75.434383,6.416726],[-75.434383,6.416726],[-75.43457,6.416809],[-75.434794,6.416907],[-75.435116,6.417068],[-75.435116,6.417068],[-75.43536,6.41718],[-75.43557,6.417344],[-75.435805,6.417481],[-75.435937,6.417604],[-75.435937,6.417604],[-75.435981,6.417684],[-75.436108,6.417919],[-75.436184,6.418003],[-75.436262,6.41809],[-75.436278,6.418479],[-75.436238,6.418863],[-75.436398,6.419042],[-75.436494,6.419244],[-75.436638,6.419471],[-75.436749,6.41967],[-75.437012,6.419801],[-75.437284,6.420092],[-75.437375,6.420517],[-75.437375,6.420517],[-75.437367,6.420621],[-75.437351,6.420836],[-75.437262,6.421105],[-75.437075,6.421362],[-75.437025,6.421644],[-75.437042,6.421808],[-75.437198,6.422026],[-75.43736,6.422244],[-75.43736,6.422244],[-75.43741,6.422507],[-75.43741,6.422507],[-75.437443,6.422956],[-75.437443,6.422956],[-75.43753,6.423453],[-75.43761,6.423655],[-75.437648,6.423746],[-75.437715,6.423905],[-75.437805,6.42406],[-75.437805,6.42406],[-75.437935,6.424296],[-75.438115,6.424499],[-75.438376,6.424749],[-75.438582,6.425044],[-75.438787,6.425214],[-75.438787,6.425214],[-75.439013,6.42536],[-75.439099,6.42556],[-75.439099,6.42556],[-75.439274,6.425803],[-75.43935,6.426063],[-75.43935,6.426063],[-75.439442,6.426308],[-75.439614,6.426373],[-75.439931,6.42654],[-75.440049,6.426557],[-75.440273,6.42659],[-75.440631,6.426619],[-75.440631,6.426619],[-75.441078,6.426679],[-75.441697,6.426786],[-75.441914,6.426785],[-75.441969,6.426785],[-75.442406,6.426707],[-75.442651,6.426597],[-75.442782,6.426538],[-75.442782,6.426538],[-75.443179,6.426472],[-75.443537,6.426431],[-75.443537,6.426431],[-75.443791,6.426513],[-75.444015,6.426662],[-75.444341,6.426817],[-75.444365,6.426831],[-75.444614,6.426979],[-75.444685,6.426995],[-75.444758,6.427012],[-75.445042,6.427209],[-75.44533,6.427281],[-75.445308,6.427578],[-75.445303,6.427998],[-75.445315,6.428147],[-75.445325,6.428267],[-75.445476,6.428881],[-75.445702,6.429372],[-75.446004,6.429921],[-75.446261,6.430495],[-75.446505,6.430977],[-75.446764,6.431335],[-75.447168,6.431817],[-75.447168,6.431817],[-75.447548,6.432201],[-75.447548,6.432201],[-75.447902,6.432608],[-75.447902,6.432608],[-75.447953,6.432704],[-75.448037,6.432862],[-75.448037,6.432862],[-75.448038,6.432859],[-75.448281,6.433321],[-75.448281,6.433321],[-75.448506,6.433812],[-75.448737,6.434085],[-75.449152,6.434262],[-75.449536,6.434378],[-75.449849,6.434474],[-75.450232,6.435025],[-75.450691,6.435823],[-75.45107,6.436678],[-75.45107,6.436678]]]]}},{"type":"Feature","properties":{"name":"Copacabana","source":"https://siata.gov.co/kml/Pronostico%20%28Experimental%29/Meteorologico.kml","municipality":"Copacabana"},"geometry":{"type":"MultiPolygon","coordinates":[[[[-75.532597,6.388812],[-75.532555,6.388656],[-75.532527,6.388363],[-75.532493,6.388096],[-75.532464,6.387778],[-75.53248,6.387456],[-75.532512,6.387276],[-75.532568,6.387085],[-75.532602,6.38699],[-75.532601,6.386971],[-75.532644,6.38684],[-75.532737,6.386644],[-75.532786,6.386464],[-75.532822,6.386204],[-75.53284,6.386075],[-75.532975,6.38578],[-75.533136,6.385491],[-75.533265,6.385285],[-75.533457,6.38505],[-75.5336,6.384899],[-75.53374,6.384757],[-75.533852,6.384545],[-75.533996,6.384087],[-75.534116,6.383845],[-75.53429,6.383629],[-75.534317,6.383455],[-75.534343,6.38324],[-75.534275,6.382931],[-75.534167,6.382662],[-75.533964,6.382273],[-75.533816,6.382032],[-75.533694,6.38179],[-75.533599,6.381562],[-75.533558,6.381253],[-75.533531,6.381052],[-75.533476,6.380783],[-75.533347,6.380503],[-75.532914,6.380279],[-75.532537,6.380055],[-75.532247,6.379832],[-75.532039,6.379666],[-75.531871,6.379529],[-75.531647,6.379357],[-75.531527,6.379211],[-75.531304,6.378953],[-75.531162,6.378794],[-75.531025,6.378492],[-75.530882,6.378254],[-75.53066,6.37778],[-75.530438,6.3774],[-75.530249,6.377138],[-75.529968,6.376757],[-75.529645,6.376346],[-75.52932,6.37593],[-75.529148,6.37566],[-75.528942,6.375382],[-75.528771,6.375153],[-75.528611,6.374924],[-75.528431,6.374666],[-75.528239,6.37442],[-75.528007,6.374156],[-75.527808,6.373909],[-75.527617,6.373603],[-75.527426,6.373326],[-75.527383,6.373071],[-75.527325,6.37284],[-75.527043,6.372746],[-75.526756,6.372533],[-75.526555,6.372364],[-75.52635,6.372159],[-75.526055,6.372006],[-75.525774,6.371957],[-75.525615,6.371995],[-75.525414,6.371989],[-75.525264,6.371861],[-75.525168,6.371756],[-75.524985,6.371757],[-75.524769,6.371711],[-75.524642,6.37149],[-75.524545,6.371278],[-75.524397,6.371135],[-75.524261,6.370961],[-75.524084,6.370843],[-75.523924,6.370503],[-75.523744,6.370114],[-75.523611,6.369778],[-75.523511,6.369497],[-75.523311,6.369213],[-75.523124,6.36883],[-75.522986,6.368577],[-75.522816,6.368472],[-75.522581,6.368418],[-75.522379,6.368278],[-75.522234,6.368081],[-75.522026,6.367789],[-75.521895,6.36755],[-75.521601,6.367312],[-75.521273,6.367177],[-75.520984,6.367027],[-75.520629,6.366848],[-75.520376,6.366672],[-75.520073,6.366404],[-75.519755,6.366118],[-75.519532,6.365938],[-75.519303,6.365582],[-75.51907,6.365294],[-75.518812,6.365026],[-75.518568,6.364793],[-75.518226,6.364626],[-75.517695,6.364405],[-75.517628,6.364361],[-75.517548,6.364335],[-75.517333,6.364228],[-75.517183,6.364104],[-75.517033,6.363964],[-75.516959,6.363879],[-75.51689,6.363772],[-75.516843,6.363631],[-75.516812,6.363548],[-75.516268,6.362824],[-75.516234,6.362824],[-75.515956,6.362603],[-75.515842,6.362428],[-75.515766,6.362284],[-75.515697,6.36214],[-75.515647,6.362004],[-75.515642,6.36199],[-75.515634,6.361979],[-75.51562,6.361923],[-75.515516,6.361582],[-75.515466,6.361294],[-75.515447,6.361065],[-75.515459,6.360805],[-75.51546,6.360547],[-75.515442,6.360362],[-75.515464,6.36015],[-75.515473,6.359928],[-75.515554,6.359748],[-75.515634,6.359535],[-75.515723,6.359268],[-75.515811,6.358953],[-75.515888,6.358714],[-75.515946,6.358478],[-75.51604,6.358213],[-75.516108,6.357995],[-75.516171,6.357851],[-75.516183,6.357748],[-75.516193,6.357497],[-75.516233,6.357177],[-75.516248,6.357056],[-75.516267,6.356824],[-75.516277,6.356575],[-75.516307,6.356224],[-75.516345,6.355964],[-75.516429,6.355664],[-75.516512,6.355373],[-75.516573,6.355183],[-75.516623,6.355027],[-75.516676,6.354801],[-75.516704,6.354498],[-75.516736,6.354239],[-75.51677,6.353952],[-75.516802,6.353662],[-75.516901,6.353334],[-75.516993,6.353113],[-75.517098,6.352923],[-75.517242,6.352731],[-75.517477,6.352561],[-75.517746,6.352348],[-75.517897,6.352214],[-75.517997,6.352059],[-75.518045,6.351949],[-75.51803,6.35173],[-75.517973,6.351382],[-75.517914,6.351024],[-75.517867,6.350619],[-75.517874,6.350218],[-75.517891,6.349814],[-75.517907,6.349463],[-75.51806,6.349195],[-75.518057,6.348985],[-75.517904,6.348743],[-75.517655,6.348226],[-75.517442,6.347928],[-75.517186,6.347762],[-75.517078,6.347596],[-75.516847,6.347367],[-75.516732,6.347175],[-75.516597,6.346908],[-75.516452,6.346723],[-75.516234,6.346512],[-75.51604,6.346296],[-75.515786,6.346251],[-75.515542,6.346202],[-75.515236,6.346107],[-75.515044,6.345954],[-75.514928,6.345706],[-75.514909,6.345457],[-75.514962,6.345372],[-75.515368,6.34557],[-75.51576,6.345653],[-75.516401,6.345842],[-75.516865,6.34598],[-75.517441,6.346074],[-75.518222,6.346122],[-75.518812,6.345972],[-75.519169,6.345792],[-75.519484,6.345521],[-75.519663,6.344968],[-75.519859,6.34446],[-75.520139,6.343894],[-75.520244,6.343343],[-75.520334,6.342847],[-75.520409,6.342425],[-75.520489,6.342125],[-75.520602,6.341915],[-75.520877,6.341746],[-75.521216,6.341727],[-75.521752,6.341726],[-75.522105,6.341715],[-75.522367,6.341622],[-75.522774,6.341459],[-75.522973,6.341366],[-75.52305,6.34128],[-75.523176,6.341033],[-75.523262,6.340366],[-75.523367,6.339697],[-75.523444,6.339301],[-75.523552,6.338887],[-75.52361,6.338582],[-75.523658,6.338408],[-75.523896,6.338207],[-75.524154,6.338123],[-75.524434,6.338156],[-75.524802,6.338262],[-75.525046,6.338342],[-75.525397,6.33837],[-75.525804,6.338359],[-75.526165,6.338331],[-75.526419,6.338318],[-75.526673,6.338221],[-75.527074,6.338055],[-75.527377,6.337946],[-75.527664,6.337849],[-75.527922,6.337706],[-75.528135,6.337576],[-75.528438,6.337488],[-75.528862,6.337437],[-75.529358,6.337446],[-75.529833,6.33749],[-75.53026,6.337485],[-75.530738,6.337442],[-75.530986,6.337421],[-75.531598,6.337355],[-75.532012,6.337275],[-75.532383,6.337246],[-75.532823,6.337201],[-75.533399,6.337114],[-75.533816,6.337017],[-75.534136,6.336915],[-75.534444,6.336761],[-75.53483,6.336533],[-75.535041,6.336121],[-75.535154,6.335757],[-75.535153,6.335412],[-75.535153,6.335067],[-75.535151,6.334665],[-75.535208,6.334339],[-75.535341,6.334109],[-75.535577,6.333758],[-75.535801,6.333164],[-75.535937,6.332738],[-75.536035,6.332351],[-75.535965,6.332088],[-75.53578,6.331712],[-75.535726,6.331407],[-75.535728,6.331024],[-75.535733,6.330818],[-75.535655,6.330613],[-75.535369,6.330263],[-75.535097,6.329787],[-75.534897,6.329432],[-75.534744,6.328955],[-75.534631,6.328533],[-75.534406,6.328197],[-75.534348,6.328006],[-75.53438,6.327675],[-75.534365,6.327393],[-75.534345,6.327221],[-75.534188,6.327158],[-75.534095,6.32713],[-75.533935,6.327004],[-75.533953,6.326818],[-75.534008,6.326529],[-75.533921,6.326362],[-75.533698,6.326194],[-75.533442,6.326044],[-75.533246,6.325742],[-75.533126,6.325368],[-75.533014,6.324941],[-75.532816,6.324414],[-75.532652,6.32408],[-75.532471,6.323841],[-75.532266,6.323687],[-75.532143,6.323547],[-75.532114,6.323358],[-75.53205,6.323166],[-75.532095,6.322937],[-75.532146,6.322656],[-75.532142,6.322401],[-75.532026,6.322129],[-75.531895,6.322057],[-75.531664,6.321881],[-75.531544,6.321704],[-75.531507,6.321433],[-75.531515,6.321165],[-75.531531,6.320858],[-75.531513,6.320514],[-75.531447,6.320255],[-75.531329,6.319878],[-75.531319,6.319614],[-75.531375,6.319313],[-75.531461,6.319003],[-75.531496,6.318694],[-75.531474,6.318364],[-75.531362,6.318026],[-75.531123,6.317776],[-75.530902,6.31736],[-75.530739,6.317056],[-75.530626,6.316707],[-75.530576,6.316289],[-75.530486,6.315908],[-75.530411,6.315731],[-75.530174,6.315493],[-75.530063,6.315239],[-75.529938,6.314915],[-75.529889,6.314627],[-75.52983,6.314378],[-75.529672,6.313984],[-75.529509,6.313665],[-75.529273,6.313183],[-75.52917,6.313001],[-75.529018,6.312724],[-75.528897,6.312511],[-75.528776,6.312304],[-75.528753,6.312075],[-75.528714,6.311787],[-75.528611,6.311429],[-75.528462,6.311133],[-75.528353,6.310852],[-75.528167,6.310532],[-75.528002,6.310252],[-75.527866,6.309986],[-75.527866,6.309696],[-75.527826,6.309335],[-75.527937,6.308937],[-75.528047,6.308476],[-75.528043,6.308185],[-75.527936,6.307706],[-75.527923,6.307255],[-75.527854,6.306678],[-75.527789,6.306288],[-75.527727,6.30599],[-75.527705,6.305664],[-75.527686,6.305303],[-75.527633,6.304828],[-75.527517,6.304256],[-75.52739,6.303649],[-75.527172,6.302994],[-75.527039,6.302634],[-75.526621,6.301924],[-75.526283,6.301324],[-75.526079,6.300978],[-75.525753,6.300557],[-75.525573,6.300407],[-75.525217,6.300073],[-75.52507,6.299898],[-75.525004,6.299527],[-75.524919,6.299112],[-75.52477,6.298606],[-75.524582,6.29809],[-75.524293,6.29748],[-75.524066,6.297],[-75.523895,6.296608],[-75.523706,6.296024],[-75.523507,6.295535],[-75.523417,6.295131],[-75.52331,6.294771],[-75.523209,6.294402],[-75.523025,6.293974],[-75.522868,6.293584],[-75.522668,6.293197],[-75.522511,6.292791],[-75.52239,6.292307],[-75.522268,6.291844],[-75.522188,6.291471],[-75.522078,6.290874],[-75.522066,6.290445],[-75.522071,6.290435],[-75.521998,6.289956],[-75.521964,6.289312],[-75.521846,6.289431],[-75.521803,6.289523],[-75.521712,6.289699],[-75.521622,6.289882],[-75.521579,6.289974],[-75.521537,6.290109],[-75.521446,6.290377],[-75.521398,6.290518],[-75.521356,6.290694],[-75.521307,6.290878],[-75.521093,6.291094],[-75.52104,6.291147],[-75.520998,6.291238],[-75.520949,6.291329],[-75.520908,6.29169],[-75.520951,6.292056],[-75.521043,6.292141],[-75.521086,6.292323],[-75.521135,6.292506],[-75.521178,6.292641],[-75.521088,6.292909],[-75.521045,6.293049],[-75.520863,6.293227],[-75.520821,6.293319],[-75.52073,6.293502],[-75.520687,6.293594],[-75.520639,6.29377],[-75.520596,6.293953],[-75.520548,6.294088],[-75.520506,6.294222],[-75.520415,6.294314],[-75.520372,6.294406],[-75.520324,6.294497],[-75.520282,6.294674],[-75.52024,6.294857],[-75.520191,6.294949],[-75.520149,6.29504],[-75.5201,6.295218],[-75.520058,6.2954],[-75.520016,6.295534],[-75.519925,6.295809],[-75.519877,6.295944],[-75.519835,6.29617],[-75.519744,6.296621],[-75.519703,6.296847],[-75.519654,6.296939],[-75.519612,6.29703],[-75.519564,6.297207],[-75.519521,6.29739],[-75.519479,6.297482],[-75.51943,6.297573],[-75.519403,6.297601],[-75.519297,6.297708],[-75.519205,6.29775],[-75.519114,6.2978],[-75.519023,6.297892],[-75.518938,6.297934],[-75.518846,6.297977],[-75.518755,6.298069],[-75.518664,6.298118],[-75.518572,6.298161],[-75.518396,6.298345],[-75.518305,6.298388],[-75.518214,6.298437],[-75.518113,6.298513],[-75.518085,6.298542],[-75.518031,6.298572],[-75.517946,6.298614],[-75.517313,6.29925],[-75.517223,6.299294],[-75.517131,6.299342],[-75.51704,6.299434],[-75.516955,6.299476],[-75.516772,6.299568],[-75.51659,6.29966],[-75.516498,6.299704],[-75.516231,6.299979],[-75.516139,6.300022],[-75.515963,6.300114],[-75.515872,6.300157],[-75.51578,6.300249],[-75.515689,6.300291],[-75.515506,6.300383],[-75.51533,6.300475],[-75.515148,6.300567],[-75.515056,6.30061],[-75.514831,6.300837],[-75.514789,6.300929],[-75.51474,6.30102],[-75.514648,6.301126],[-75.514607,6.301204],[-75.514564,6.301289],[-75.514473,6.30138],[-75.514431,6.301472],[-75.51434,6.301655],[-75.51434,6.301747],[-75.514249,6.301747],[-75.514157,6.301699],[-75.51413,6.301672],[-75.514065,6.301607],[-75.513974,6.301565],[-75.513888,6.301522],[-75.513613,6.301248],[-75.513521,6.301207],[-75.513436,6.301157],[-75.512978,6.300708],[-75.512844,6.300665],[-75.51271,6.300617],[-75.512618,6.300574],[-75.512435,6.300483],[-75.512258,6.300392],[-75.512075,6.300301],[-75.511898,6.300217],[-75.511714,6.300126],[-75.511531,6.300035],[-75.511354,6.299944],[-75.511171,6.299853],[-75.510988,6.299767],[-75.510811,6.299676],[-75.510628,6.299585],[-75.510445,6.299494],[-75.510268,6.299404],[-75.510085,6.299313],[-75.509902,6.299228],[-75.509816,6.299179],[-75.509676,6.299137],[-75.509408,6.299046],[-75.509133,6.298955],[-75.508999,6.298913],[-75.50828,6.298866],[-75.507554,6.298825],[-75.507371,6.298777],[-75.507194,6.298735],[-75.507102,6.298693],[-75.50692,6.298602],[-75.506743,6.298511],[-75.506651,6.298468],[-75.506559,6.298377],[-75.506468,6.298329],[-75.506376,6.298286],[-75.506199,6.298103],[-75.506107,6.298061],[-75.506016,6.298012],[-75.505472,6.297477],[-75.50538,6.297429],[-75.505203,6.297338],[-75.505111,6.297295],[-75.504024,6.296213],[-75.503889,6.296171],[-75.503756,6.296214],[-75.503664,6.296256],[-75.503573,6.296305],[-75.503257,6.296623],[-75.503214,6.296715],[-75.503166,6.296801],[-75.502941,6.297026],[-75.50285,6.297076],[-75.502673,6.297167],[-75.502491,6.297254],[-75.502399,6.297303],[-75.502132,6.297572],[-75.502041,6.297621],[-75.501949,6.297664],[-75.501815,6.297713],[-75.501681,6.297665],[-75.501541,6.297531],[-75.501497,6.297348],[-75.501572,6.297052],[-75.500638,6.297336],[-75.499127,6.297561],[-75.497591,6.297931],[-75.495988,6.29824],[-75.494973,6.298525],[-75.494472,6.298657],[-75.493979,6.2984],[-75.493737,6.298015],[-75.493602,6.296938],[-75.493534,6.296321],[-75.493419,6.295501],[-75.49265,6.294883],[-75.491682,6.295051],[-75.490026,6.295891],[-75.489493,6.296161],[-75.489208,6.296305],[-75.488538,6.296842],[-75.488111,6.29766],[-75.488094,6.297708],[-75.488094,6.297985],[-75.488085,6.298068],[-75.488059,6.298308],[-75.487824,6.298511],[-75.487809,6.298524],[-75.487558,6.298597],[-75.4872,6.298705],[-75.486995,6.298946],[-75.486985,6.298957],[-75.486986,6.299172],[-75.48711,6.29937],[-75.487166,6.299459],[-75.48731,6.299781],[-75.487455,6.300068],[-75.487463,6.300076],[-75.48767,6.300283],[-75.487957,6.300318],[-75.488177,6.300376],[-75.488495,6.30046],[-75.488783,6.300531],[-75.489034,6.300709],[-75.489322,6.301103],[-75.489466,6.30139],[-75.489546,6.301601],[-75.489574,6.301677],[-75.489575,6.301964],[-75.48972,6.30243],[-75.489813,6.302662],[-75.489864,6.302788],[-75.489865,6.303075],[-75.48983,6.303326],[-75.489814,6.303345],[-75.489615,6.303578],[-75.489545,6.303973],[-75.489653,6.304224],[-75.489904,6.304367],[-75.490263,6.304473],[-75.490479,6.304652],[-75.490709,6.304786],[-75.49091,6.304902],[-75.491089,6.305009],[-75.491198,6.305224],[-75.49107,6.305353],[-75.491019,6.305404],[-75.490912,6.305548],[-75.490899,6.305665],[-75.490877,6.305871],[-75.490806,6.306158],[-75.490627,6.306302],[-75.49052,6.306589],[-75.490521,6.30684],[-75.490234,6.307056],[-75.489805,6.307237],[-75.489446,6.307274],[-75.489124,6.307382],[-75.488801,6.307563],[-75.488479,6.307779],[-75.488086,6.307995],[-75.487871,6.308103],[-75.487656,6.308247],[-75.486761,6.308752],[-75.48626,6.309112],[-75.485544,6.309652],[-75.485294,6.309904],[-75.485043,6.31012],[-75.484721,6.3103],[-75.484256,6.310481],[-75.483969,6.310589],[-75.483754,6.310769],[-75.483576,6.310985],[-75.483469,6.311272],[-75.483434,6.311595],[-75.483507,6.312097],[-75.483508,6.312528],[-75.483545,6.312994],[-75.483475,6.313425],[-75.483476,6.314035],[-75.483514,6.314645],[-75.483443,6.315075],[-75.483265,6.315506],[-75.48323,6.315829],[-75.483231,6.316224],[-75.483232,6.316547],[-75.483233,6.316906],[-75.483199,6.31748],[-75.483164,6.31791],[-75.482986,6.318234],[-75.482914,6.318485],[-75.4827,6.31888],[-75.482537,6.319099],[-75.482486,6.319168],[-75.482272,6.319456],[-75.482021,6.319707],[-75.481592,6.319996],[-75.481269,6.320032],[-75.480982,6.319961],[-75.480479,6.319712],[-75.48012,6.31939],[-75.479904,6.319067],[-75.479544,6.318638],[-75.479329,6.318423],[-75.479113,6.31828],[-75.479073,6.31826],[-75.478826,6.318137],[-75.478493,6.318078],[-75.478431,6.318067],[-75.478001,6.318032],[-75.477586,6.317981],[-75.477427,6.317962],[-75.477068,6.317783],[-75.476745,6.317605],[-75.476457,6.317462],[-75.47617,6.317355],[-75.47594,6.317293],[-75.475775,6.317249],[-75.475699,6.317235],[-75.475455,6.317191],[-75.475381,6.317178],[-75.475058,6.317179],[-75.474485,6.317252],[-75.473983,6.317469],[-75.473661,6.317721],[-75.473339,6.317973],[-75.472981,6.318332],[-75.472734,6.318507],[-75.472624,6.318585],[-75.472337,6.318801],[-75.472181,6.318919],[-75.472051,6.319017],[-75.471836,6.319161],[-75.471478,6.319126],[-75.471348,6.3191],[-75.470971,6.319026],[-75.47076,6.318984],[-75.470365,6.318949],[-75.469935,6.318915],[-75.469562,6.318882],[-75.469541,6.31888],[-75.468787,6.318846],[-75.468465,6.318847],[-75.46807,6.31892],[-75.467967,6.318954],[-75.467748,6.319028],[-75.467643,6.319087],[-75.467426,6.319208],[-75.467334,6.319289],[-75.46714,6.31946],[-75.467107,6.319493],[-75.466961,6.31964],[-75.466726,6.319798],[-75.466639,6.319856],[-75.466207,6.319957],[-75.466173,6.319965],[-75.465886,6.320145],[-75.465636,6.320289],[-75.465385,6.320505],[-75.465234,6.320679],[-75.465135,6.320793],[-75.465093,6.320871],[-75.464987,6.32107],[-75.464885,6.32126],[-75.464851,6.321345],[-75.464807,6.321458],[-75.464743,6.321619],[-75.464704,6.321713],[-75.464661,6.32182],[-75.464493,6.32223],[-75.464244,6.322697],[-75.463922,6.323057],[-75.463385,6.323596],[-75.462956,6.32392],[-75.462455,6.324209],[-75.462343,6.324243],[-75.461989,6.324353],[-75.461987,6.324354],[-75.461559,6.324534],[-75.46095,6.324787],[-75.460485,6.32529],[-75.460274,6.325442],[-75.460235,6.32547],[-75.4602,6.32549],[-75.459734,6.325759],[-75.459411,6.325903],[-75.45916,6.325975],[-75.458551,6.326013],[-75.458121,6.326086],[-75.457691,6.326194],[-75.457189,6.326411],[-75.45676,6.326663],[-75.456438,6.327095],[-75.456152,6.327418],[-75.455938,6.327778],[-75.455723,6.328029],[-75.455401,6.32821],[-75.454936,6.328606],[-75.454578,6.328965],[-75.454328,6.329109],[-75.454265,6.329149],[-75.454041,6.32929],[-75.453683,6.329434],[-75.453433,6.329542],[-75.453254,6.32983],[-75.4531,6.330141],[-75.453078,6.330184],[-75.453004,6.330333],[-75.452826,6.330692],[-75.452761,6.330941],[-75.452648,6.331374],[-75.452649,6.331769],[-75.45265,6.332092],[-75.452724,6.332701],[-75.45276,6.33306],[-75.452726,6.333455],[-75.452717,6.33351],[-75.452655,6.333886],[-75.452405,6.334317],[-75.452155,6.334497],[-75.451868,6.334641],[-75.451546,6.334678],[-75.451414,6.334691],[-75.451428,6.334737],[-75.451497,6.334964],[-75.451597,6.335297],[-75.451605,6.335323],[-75.45161,6.33534],[-75.451623,6.335326],[-75.451733,6.335448],[-75.452239,6.335776],[-75.452847,6.336002],[-75.453479,6.336051],[-75.453934,6.336075],[-75.455022,6.336148],[-75.455578,6.336172],[-75.456058,6.336069],[-75.456639,6.335967],[-75.457347,6.33594],[-75.458055,6.335938],[-75.458916,6.336112],[-75.459574,6.336389],[-75.460371,6.336787],[-75.460878,6.337114],[-75.461258,6.337467],[-75.461664,6.337922],[-75.462045,6.338604],[-75.462249,6.339134],[-75.462402,6.339691],[-75.462605,6.340145],[-75.46286,6.340727],[-75.463089,6.341283],[-75.463293,6.341839],[-75.463572,6.342319],[-75.463877,6.342748],[-75.464257,6.343152],[-75.464687,6.343328],[-75.465193,6.343402],[-75.465699,6.343578],[-75.466332,6.343829],[-75.466712,6.344056],[-75.467169,6.344535],[-75.467458,6.344952],[-75.467737,6.345381],[-75.468472,6.346037],[-75.468852,6.346314],[-75.469359,6.346617],[-75.46984,6.346818],[-75.47027,6.346791],[-75.470851,6.346764],[-75.47113,6.34689],[-75.471485,6.347269],[-75.47184,6.347622],[-75.472296,6.348],[-75.472727,6.348303],[-75.473107,6.348529],[-75.473462,6.348908],[-75.473968,6.349336],[-75.474273,6.34974],[-75.474426,6.350119],[-75.474554,6.35065],[-75.474681,6.351131],[-75.474758,6.35151],[-75.474911,6.351864],[-75.475241,6.352217],[-75.47557,6.352444],[-75.476076,6.35267],[-75.476506,6.352543],[-75.477112,6.352212],[-75.477895,6.352109],[-75.478629,6.352056],[-75.4792,6.351928],[-75.479782,6.352028],[-75.480237,6.352128],[-75.480592,6.352329],[-75.480744,6.352708],[-75.48067,6.353391],[-75.48057,6.353771],[-75.480546,6.354303],[-75.480573,6.354834],[-75.4806,6.355365],[-75.480626,6.355795],[-75.480627,6.356164],[-75.480629,6.356721],[-75.480579,6.357176],[-75.480555,6.357682],[-75.480531,6.358163],[-75.480432,6.358695],[-75.480408,6.359125],[-75.48046,6.359656],[-75.480663,6.36023],[-75.480917,6.360634],[-75.481121,6.361038],[-75.481223,6.361493],[-75.481301,6.36205],[-75.481378,6.362631],[-75.481506,6.363036],[-75.481659,6.363668],[-75.481812,6.364123],[-75.48194,6.364578],[-75.482067,6.365058],[-75.482221,6.365589],[-75.482348,6.36612],[-75.482426,6.3666],[-75.482554,6.367156],[-75.482707,6.367763],[-75.48281,6.36832],[-75.48314,6.368997],[-75.483267,6.369325],[-75.483597,6.369628],[-75.483952,6.370108],[-75.484282,6.370613],[-75.484284,6.371119],[-75.484134,6.37165],[-75.484033,6.372055],[-75.483933,6.37241],[-75.483757,6.37279],[-75.483582,6.373246],[-75.48338,6.37355],[-75.483264,6.373805],[-75.483185,6.373951],[-75.483113,6.374137],[-75.483047,6.374343],[-75.482968,6.374463],[-75.482902,6.37459],[-75.482763,6.374662],[-75.482657,6.374747],[-75.482604,6.374868],[-75.482561,6.374994],[-75.482559,6.375133],[-75.482569,6.375244],[-75.482603,6.375427],[-75.482628,6.375617],[-75.48264,6.37579],[-75.482609,6.37596],[-75.482568,6.376045],[-75.482398,6.376079],[-75.482209,6.376032],[-75.482035,6.37596],[-75.481855,6.375885],[-75.481669,6.375819],[-75.481566,6.375859],[-75.481403,6.375928],[-75.481274,6.376045],[-75.481148,6.376158],[-75.481015,6.376276],[-75.480891,6.376405],[-75.480527,6.37654],[-75.480161,6.376549],[-75.479992,6.37651],[-75.479695,6.376433],[-75.479563,6.376352],[-75.4793,6.376189],[-75.47918,6.376064],[-75.479002,6.375911],[-75.478839,6.375738],[-75.478638,6.375385],[-75.478512,6.375218],[-75.478412,6.375086],[-75.478197,6.374965],[-75.478075,6.374898],[-75.477954,6.374855],[-75.47772,6.374783],[-75.477472,6.374708],[-75.477168,6.374797],[-75.477025,6.374851],[-75.476934,6.374948],[-75.476827,6.375061],[-75.476715,6.37518],[-75.476598,6.3753],[-75.476468,6.375397],[-75.476294,6.375529],[-75.476125,6.37558],[-75.475873,6.375647],[-75.475752,6.375634],[-75.475625,6.375609],[-75.475443,6.375601],[-75.475217,6.375583],[-75.475013,6.375567],[-75.474831,6.375554],[-75.474698,6.375545],[-75.474516,6.375561],[-75.474301,6.37558],[-75.47418,6.37559],[-75.474065,6.3756],[-75.474005,6.375606],[-75.473896,6.375634],[-75.473786,6.375668],[-75.473652,6.375724],[-75.473531,6.375746],[-75.473382,6.375791],[-75.473374,6.37579],[-75.473376,6.375793],[-75.473323,6.375809],[-75.473183,6.375823],[-75.472945,6.375837],[-75.472757,6.375827],[-75.47292,6.376086],[-75.472981,6.376175],[-75.473068,6.376246],[-75.473228,6.376318],[-75.473497,6.376345],[-75.473647,6.376406],[-75.47365,6.376413],[-75.473747,6.376446],[-75.473998,6.376547],[-75.474066,6.376567],[-75.474193,6.37662],[-75.474432,6.376817],[-75.474563,6.376959],[-75.474724,6.377168],[-75.474852,6.377352],[-75.474947,6.377517],[-75.475059,6.377633],[-75.475295,6.377822],[-75.475488,6.377868],[-75.4757,6.377888],[-75.476007,6.377898],[-75.476271,6.377919],[-75.476506,6.377976],[-75.476696,6.378073],[-75.476913,6.378202],[-75.477145,6.378365],[-75.47727,6.378461],[-75.477475,6.378639],[-75.47773,6.378826],[-75.477955,6.378943],[-75.4782,6.379015],[-75.478389,6.378977],[-75.478581,6.378999],[-75.478792,6.379001],[-75.478984,6.378997],[-75.47917,6.379081],[-75.479352,6.379173],[-75.479507,6.379269],[-75.479688,6.379417],[-75.479896,6.379548],[-75.480052,6.379604],[-75.480223,6.379612],[-75.480453,6.379645],[-75.480722,6.379668],[-75.480925,6.379746],[-75.481022,6.379804],[-75.481032,6.379899],[-75.481011,6.380003],[-75.481056,6.380104],[-75.481157,6.380183],[-75.481219,6.380337],[-75.481351,6.380548],[-75.48141,6.380746],[-75.481405,6.38094],[-75.481416,6.381089],[-75.481385,6.381256],[-75.481226,6.381439],[-75.481096,6.381598],[-75.481029,6.381744],[-75.480987,6.381984],[-75.480974,6.382206],[-75.481004,6.382333],[-75.481069,6.382487],[-75.481159,6.38267],[-75.481261,6.382799],[-75.481393,6.382904],[-75.481538,6.383013],[-75.48163,6.383097],[-75.481741,6.38327],[-75.481801,6.383426],[-75.481755,6.383645],[-75.481702,6.38375],[-75.48169,6.383843],[-75.481722,6.383892],[-75.481861,6.383995],[-75.482066,6.384095],[-75.482275,6.384161],[-75.482385,6.384225],[-75.482416,6.384314],[-75.482455,6.384507],[-75.482558,6.384839],[-75.482645,6.38524],[-75.48271,6.385541],[-75.482799,6.385848],[-75.482831,6.38605],[-75.482866,6.386177],[-75.482868,6.386305],[-75.48287,6.38646],[-75.482843,6.386643],[-75.482823,6.3869],[-75.482877,6.387054],[-75.482946,6.38719],[-75.483059,6.387258],[-75.483238,6.387303],[-75.483378,6.387322],[-75.483514,6.387323],[-75.483629,6.387339],[-75.483754,6.387378],[-75.483866,6.387491],[-75.483962,6.387646],[-75.48406,6.387862],[-75.484171,6.388174],[-75.484239,6.388463],[-75.484334,6.388648],[-75.48444,6.388911],[-75.484552,6.389135],[-75.484664,6.389317],[-75.484804,6.389527],[-75.484944,6.389705],[-75.485066,6.389835],[-75.48527,6.389947],[-75.485512,6.39009],[-75.485745,6.390189],[-75.485982,6.390243],[-75.486243,6.390335],[-75.486554,6.390428],[-75.486799,6.390541],[-75.486995,6.390715],[-75.487147,6.390912],[-75.487221,6.39107],[-75.487319,6.391293],[-75.487411,6.391485],[-75.487551,6.391777],[-75.487655,6.391996],[-75.48779,6.392278],[-75.487928,6.392485],[-75.488065,6.392649],[-75.488194,6.392805],[-75.48835,6.393093],[-75.488415,6.393268],[-75.488397,6.393389],[-75.488332,6.393537],[-75.488265,6.39369],[-75.48836,6.393747],[-75.488469,6.39384],[-75.488594,6.394001],[-75.488605,6.394224],[-75.488565,6.394402],[-75.488527,6.394617],[-75.488484,6.394854],[-75.48843,6.395055],[-75.488327,6.395207],[-75.488249,6.395344],[-75.488245,6.39549],[-75.488312,6.395638],[-75.488423,6.395779],[-75.488551,6.395874],[-75.488706,6.396019],[-75.488856,6.396278],[-75.488948,6.396551],[-75.489055,6.396942],[-75.489101,6.397217],[-75.489152,6.397516],[-75.489172,6.397792],[-75.489188,6.398058],[-75.489202,6.398287],[-75.489226,6.398492],[-75.489268,6.39876],[-75.489311,6.39904],[-75.489349,6.399349],[-75.489383,6.399689],[-75.489401,6.40006],[-75.489379,6.40039],[-75.48934,6.400551],[-75.489289,6.400707],[-75.489231,6.400883],[-75.489169,6.401071],[-75.489146,6.40123],[-75.489122,6.401398],[-75.489079,6.401653],[-75.489032,6.401864],[-75.488969,6.402056],[-75.488885,6.402271],[-75.488795,6.402463],[-75.488688,6.402681],[-75.488592,6.40286],[-75.488521,6.402994],[-75.488486,6.403171],[-75.488453,6.403366],[-75.488419,6.403527],[-75.488362,6.403653],[-75.488295,6.403822],[-75.48823,6.404006],[-75.488179,6.404204],[-75.488114,6.404393],[-75.488031,6.404722],[-75.488061,6.404845],[-75.48809,6.404965],[-75.488169,6.405069],[-75.488276,6.405147],[-75.488379,6.405297],[-75.488419,6.405418],[-75.488408,6.405542],[-75.488356,6.405683],[-75.488343,6.405818],[-75.488361,6.405945],[-75.488437,6.406028],[-75.488528,6.406052],[-75.488615,6.40614],[-75.488646,6.406294],[-75.488646,6.406475],[-75.488644,6.406656],[-75.48865,6.406836],[-75.488673,6.406966],[-75.488745,6.407173],[-75.488838,6.407428],[-75.488924,6.407685],[-75.489073,6.408013],[-75.489109,6.40828],[-75.489016,6.408624],[-75.488877,6.408854],[-75.48889,6.409052],[-75.488894,6.409287],[-75.488985,6.409572],[-75.488929,6.409716],[-75.488739,6.41005],[-75.48862,6.410294],[-75.488568,6.410467],[-75.488456,6.410858],[-75.488231,6.411193],[-75.487991,6.411443],[-75.487812,6.411644],[-75.487639,6.411961],[-75.487415,6.412349],[-75.487251,6.412565],[-75.487133,6.412804],[-75.486989,6.412881],[-75.486932,6.413054],[-75.486754,6.413413],[-75.486625,6.413652],[-75.486558,6.413911],[-75.486567,6.41413],[-75.48656,6.414449],[-75.486521,6.414716],[-75.48642,6.414966],[-75.48632,6.415168],[-75.486179,6.415341],[-75.485974,6.415463],[-75.485847,6.415754],[-75.485664,6.416042],[-75.485508,6.416587],[-75.485451,6.416942],[-75.485409,6.417299],[-75.485394,6.41766],[-75.485388,6.417929],[-75.485427,6.418009],[-75.485527,6.418256],[-75.485636,6.4185],[-75.485641,6.418696],[-75.485617,6.419044],[-75.485551,6.4195],[-75.485418,6.419834],[-75.485271,6.420159],[-75.485213,6.420422],[-75.485212,6.420694],[-75.48519,6.420977],[-75.485151,6.421229],[-75.485085,6.421493],[-75.485024,6.421847],[-75.484976,6.422113],[-75.484957,6.422267],[-75.484948,6.422275],[-75.484932,6.42238],[-75.484927,6.422483],[-75.484885,6.422597],[-75.484776,6.422796],[-75.484706,6.422852],[-75.484587,6.422965],[-75.484421,6.423098],[-75.484266,6.423198],[-75.484153,6.423277],[-75.484102,6.423324],[-75.484047,6.423375],[-75.48396,6.423441],[-75.483882,6.423491],[-75.48378,6.423544],[-75.483685,6.423588],[-75.483629,6.423614],[-75.483629,6.423614],[-75.483603,6.423626],[-75.483388,6.423787],[-75.483185,6.423962],[-75.482929,6.424261],[-75.482815,6.424449],[-75.482665,6.424644],[-75.482592,6.424928],[-75.482506,6.425279],[-75.482474,6.425421],[-75.482272,6.425739],[-75.48224,6.425867],[-75.48223,6.426402],[-75.48223,6.427571],[-75.482206,6.427858],[-75.482256,6.428113],[-75.482428,6.428302],[-75.482075,6.429715],[-75.482014,6.429728],[-75.482235,6.429822],[-75.482379,6.430001],[-75.482487,6.43018],[-75.482774,6.430286],[-75.483169,6.430393],[-75.483815,6.430571],[-75.484204,6.430676],[-75.48421,6.430677],[-75.484497,6.43082],[-75.48482,6.430998],[-75.485108,6.431177],[-75.485359,6.431463],[-75.485549,6.431652],[-75.485611,6.431714],[-75.485863,6.432],[-75.486258,6.43225],[-75.486546,6.432393],[-75.48694,6.432428],[-75.487299,6.432427],[-75.487621,6.432318],[-75.487944,6.432317],[-75.488195,6.432352],[-75.488447,6.432424],[-75.488877,6.432494],[-75.489164,6.432493],[-75.489845,6.432491],[-75.490312,6.432454],[-75.490634,6.432417],[-75.491064,6.432309],[-75.491387,6.432164],[-75.491637,6.431697],[-75.491743,6.431159],[-75.491743,6.431108],[-75.491742,6.430872],[-75.491812,6.430441],[-75.491883,6.429867],[-75.491989,6.429508],[-75.492132,6.429328],[-75.492311,6.429076],[-75.49232,6.429058],[-75.492525,6.428645],[-75.492739,6.428286],[-75.492881,6.427747],[-75.493024,6.42746],[-75.493273,6.426993],[-75.493488,6.426741],[-75.49363,6.426274],[-75.493629,6.425987],[-75.493628,6.425521],[-75.493698,6.425054],[-75.493733,6.424695],[-75.493804,6.424265],[-75.493803,6.42387],[-75.493802,6.423439],[-75.4938,6.423009],[-75.493907,6.422722],[-75.493943,6.422542],[-75.493978,6.422255],[-75.494156,6.422075],[-75.4943,6.421931],[-75.49455,6.421823],[-75.494801,6.421679],[-75.495051,6.421391],[-75.495086,6.421176],[-75.495157,6.420924],[-75.495228,6.420565],[-75.495443,6.420242],[-75.495765,6.420133],[-75.495908,6.41981],[-75.495906,6.419415],[-75.495798,6.419021],[-75.495877,6.418808],[-75.495905,6.418734],[-75.495966,6.418734],[-75.496156,6.418733],[-75.496586,6.418732],[-75.496729,6.41848],[-75.496764,6.418229],[-75.496763,6.417906],[-75.496798,6.417727],[-75.497013,6.417619],[-75.497443,6.417546],[-75.497694,6.417437],[-75.498088,6.417149],[-75.498374,6.416825],[-75.498624,6.416538],[-75.498767,6.41625],[-75.498861,6.416129],[-75.499017,6.415927],[-75.499268,6.415747],[-75.49959,6.415566],[-75.499841,6.415458],[-75.500127,6.415386],[-75.500414,6.415349],[-75.500701,6.41542],[-75.50081,6.415671],[-75.50099,6.415993],[-75.501134,6.41628],[-75.501171,6.41639],[-75.501206,6.416495],[-75.501351,6.416781],[-75.501567,6.417104],[-75.501675,6.417211],[-75.501926,6.417461],[-75.502142,6.417497],[-75.5025,6.417532],[-75.502859,6.417531],[-75.503146,6.417458],[-75.503396,6.41735],[-75.503575,6.417206],[-75.503826,6.41699],[-75.503933,6.41681],[-75.504004,6.416666],[-75.504075,6.416415],[-75.504325,6.415984],[-75.504396,6.415589],[-75.504539,6.415337],[-75.504753,6.414942],[-75.504931,6.414547],[-75.505109,6.414224],[-75.505324,6.414115],[-75.505646,6.413899],[-75.505977,6.413766],[-75.506005,6.413755],[-75.506435,6.413718],[-75.506793,6.413717],[-75.507116,6.413716],[-75.507206,6.413749],[-75.507403,6.413823],[-75.507583,6.414002],[-75.507763,6.414145],[-75.508087,6.414467],[-75.508517,6.414645],[-75.508769,6.414716],[-75.509128,6.414787],[-75.509522,6.414929],[-75.51006,6.414892],[-75.510383,6.414819],[-75.510741,6.414531],[-75.510847,6.414208],[-75.510775,6.413849],[-75.51081,6.413562],[-75.510989,6.413418],[-75.511168,6.413238],[-75.511418,6.41313],[-75.511669,6.412914],[-75.511847,6.412698],[-75.51199,6.412447],[-75.512061,6.412231],[-75.512133,6.412052],[-75.512347,6.411907],[-75.512633,6.411584],[-75.512683,6.411381],[-75.512693,6.411238],[-75.512704,6.411081],[-75.512918,6.410901],[-75.513205,6.410793],[-75.513707,6.41072],[-75.514101,6.410575],[-75.514423,6.410359],[-75.514638,6.410107],[-75.514816,6.409856],[-75.514959,6.409568],[-75.51503,6.409389],[-75.515065,6.409173],[-75.515136,6.408958],[-75.515207,6.408671],[-75.515494,6.40849],[-75.515852,6.408453],[-75.516139,6.408489],[-75.516606,6.408595],[-75.516857,6.408594],[-75.516949,6.408563],[-75.517179,6.408486],[-75.517609,6.408197],[-75.517824,6.408053],[-75.518038,6.407766],[-75.518217,6.407478],[-75.518359,6.407047],[-75.518394,6.406796],[-75.518465,6.406581],[-75.518464,6.406222],[-75.518499,6.405935],[-75.518534,6.405504],[-75.518353,6.405074],[-75.518317,6.404751],[-75.518424,6.404572],[-75.518746,6.404463],[-75.518997,6.404462],[-75.519356,6.404461],[-75.519643,6.404568],[-75.520002,6.404747],[-75.520289,6.404817],[-75.520683,6.404637],[-75.52097,6.404529],[-75.52122,6.404348],[-75.521507,6.404168],[-75.521865,6.403952],[-75.522151,6.403808],[-75.522473,6.403556],[-75.52276,6.403411],[-75.52301,6.403267],[-75.523297,6.403015],[-75.523583,6.402727],[-75.523869,6.402332],[-75.524083,6.401937],[-75.524081,6.401434],[-75.523864,6.400753],[-75.523612,6.400359],[-75.523431,6.399822],[-75.52343,6.399355],[-75.523643,6.398637],[-75.523929,6.398278],[-75.524107,6.398026],[-75.524142,6.397703],[-75.524106,6.397344],[-75.523925,6.39695],[-75.523801,6.396729],[-75.523745,6.396628],[-75.523672,6.396341],[-75.523563,6.395875],[-75.523562,6.395444],[-75.523633,6.395086],[-75.523704,6.394798],[-75.523846,6.394475],[-75.523953,6.394116],[-75.524024,6.393793],[-75.524382,6.393505],[-75.524668,6.393361],[-75.524739,6.39293],[-75.524738,6.392643],[-75.524809,6.392427],[-75.52506,6.392391],[-75.525383,6.39239],[-75.52567,6.392461],[-75.525993,6.392568],[-75.526316,6.392567],[-75.526495,6.392423],[-75.526562,6.392364],[-75.526745,6.392207],[-75.52696,6.391991],[-75.52721,6.391811],[-75.527389,6.391595],[-75.527568,6.391523],[-75.527747,6.391343],[-75.528033,6.391163],[-75.528284,6.390983],[-75.528606,6.390874],[-75.528965,6.390873],[-75.529215,6.390801],[-75.529753,6.390727],[-75.530291,6.390618],[-75.530757,6.390617],[-75.531402,6.390364],[-75.531508,6.390005],[-75.531794,6.389609],[-75.532008,6.38925],[-75.532223,6.388998],[-75.532473,6.388854],[-75.532597,6.388812]]]]}},{"type":"Feature","properties":{"name":"Bello","source":"https://siata.gov.co/kml/Pronostico%20%28Experimental%29/Meteorologico.kml","municipality":"Bello"},"geometry":{"type":"MultiPolygon","coordinates":[[[[-75.667686,6.374357],[-75.66771,6.374326],[-75.667743,6.374284],[-75.668065,6.373853],[-75.668135,6.373386],[-75.667918,6.372813],[-75.667692,6.372638],[-75.667595,6.372563],[-75.667307,6.372348],[-75.66702,6.37217],[-75.66684,6.372027],[-75.666624,6.371741],[-75.666336,6.371311],[-75.666155,6.370953],[-75.665975,6.370415],[-75.665866,6.370057],[-75.665829,6.369662],[-75.665684,6.369196],[-75.665647,6.368838],[-75.66561,6.368407],[-75.665573,6.367977],[-75.665536,6.367582],[-75.665534,6.367152],[-75.665497,6.366829],[-75.665496,6.366255],[-75.66553,6.365861],[-75.665457,6.365323],[-75.665384,6.364856],[-75.665418,6.364426],[-75.665418,6.364422],[-75.665381,6.36396],[-75.665272,6.363601],[-75.6652,6.363422],[-75.665055,6.362992],[-75.664588,6.362491],[-75.664048,6.361991],[-75.663689,6.361633],[-75.663401,6.361311],[-75.663041,6.360989],[-75.662753,6.360703],[-75.662739,6.360691],[-75.662502,6.360489],[-75.662357,6.360202],[-75.662178,6.360023],[-75.661998,6.359916],[-75.661496,6.359846],[-75.661137,6.359811],[-75.660743,6.359777],[-75.66042,6.359706],[-75.660204,6.359599],[-75.659881,6.359456],[-75.659522,6.359314],[-75.659414,6.359063],[-75.659412,6.358704],[-75.659483,6.358381],[-75.659483,6.358202],[-75.659374,6.357879],[-75.659158,6.357485],[-75.658906,6.357235],[-75.658547,6.357057],[-75.658116,6.356879],[-75.657793,6.3567],[-75.657361,6.356307],[-75.657037,6.355913],[-75.656714,6.355556],[-75.656497,6.355126],[-75.65628,6.354588],[-75.656135,6.354015],[-75.656026,6.353621],[-75.655989,6.353047],[-75.656059,6.352616],[-75.655879,6.352258],[-75.655627,6.351936],[-75.655411,6.351793],[-75.655267,6.351542],[-75.655194,6.351219],[-75.655157,6.350789],[-75.655048,6.350395],[-75.654976,6.350036],[-75.654902,6.349427],[-75.654829,6.348853],[-75.654756,6.34853],[-75.654683,6.348136],[-75.654574,6.347742],[-75.654466,6.347383],[-75.654428,6.346989],[-75.654427,6.34663],[-75.654426,6.346271],[-75.654389,6.345877],[-75.654378,6.345742],[-75.654352,6.34541],[-75.654346,6.345361],[-75.654315,6.345088],[-75.654318,6.345061],[-75.654385,6.344442],[-75.65442,6.344083],[-75.654669,6.343652],[-75.65492,6.343615],[-75.655314,6.34347],[-75.655385,6.343147],[-75.655384,6.342896],[-75.655168,6.342646],[-75.655059,6.342108],[-75.654915,6.341749],[-75.654878,6.341355],[-75.654876,6.34096],[-75.654696,6.340602],[-75.654588,6.340315],[-75.654515,6.340065],[-75.654443,6.339885],[-75.654262,6.339384],[-75.654153,6.338954],[-75.654027,6.338702],[-75.653973,6.338595],[-75.653972,6.338308],[-75.653935,6.338057],[-75.653791,6.337771],[-75.653431,6.337413],[-75.65318,6.337306],[-75.652785,6.337021],[-75.652568,6.336627],[-75.652424,6.336268],[-75.652351,6.336017],[-75.652171,6.335659],[-75.652098,6.335336],[-75.652025,6.334799],[-75.652012,6.334687],[-75.652006,6.334687],[-75.651983,6.3345],[-75.652005,6.334281],[-75.652053,6.333867],[-75.652123,6.333554],[-75.652091,6.333376],[-75.652055,6.333077],[-75.651943,6.332895],[-75.651733,6.332748],[-75.65163,6.332535],[-75.651625,6.33245],[-75.651622,6.332447],[-75.651594,6.332423],[-75.651487,6.332401],[-75.651366,6.332384],[-75.651246,6.332362],[-75.65117,6.332344],[-75.651072,6.3323],[-75.650992,6.332256],[-75.650935,6.332217],[-75.650731,6.33204],[-75.650501,6.331785],[-75.650041,6.331404],[-75.649556,6.331253],[-75.649173,6.330999],[-75.648893,6.330873],[-75.648663,6.330746],[-75.648382,6.330568],[-75.648229,6.330441],[-75.647999,6.330289],[-75.647744,6.330086],[-75.647463,6.329832],[-75.647182,6.329603],[-75.646977,6.329247],[-75.646645,6.328917],[-75.646313,6.328663],[-75.645955,6.328383],[-75.645547,6.328104],[-75.645164,6.327723],[-75.644959,6.327341],[-75.644805,6.326959],[-75.6446,6.326552],[-75.644216,6.32612],[-75.643909,6.325738],[-75.643654,6.325433],[-75.643398,6.325103],[-75.643142,6.3249],[-75.64258,6.32434],[-75.642197,6.323883],[-75.641966,6.32345],[-75.641761,6.322941],[-75.641428,6.322407],[-75.641147,6.322051],[-75.64056,6.321772],[-75.640177,6.321671],[-75.639821,6.321647],[-75.63926,6.321674],[-75.638674,6.321676],[-75.638037,6.321601],[-75.63768,6.3215],[-75.637374,6.321374],[-75.637144,6.321094],[-75.636939,6.320687],[-75.636606,6.320101],[-75.63635,6.319643],[-75.636195,6.319185],[-75.635684,6.318473],[-75.635377,6.318015],[-75.634993,6.317633],[-75.634533,6.317227],[-75.634023,6.317076],[-75.633463,6.317103],[-75.633035,6.317013],[-75.6322,6.316702],[-75.631365,6.316444],[-75.630163,6.315873],[-75.62938,6.315406],[-75.628179,6.315097],[-75.627448,6.314734],[-75.626664,6.314214],[-75.625829,6.313851],[-75.625099,6.313854],[-75.624421,6.314064],[-75.623588,6.314275],[-75.622753,6.314382],[-75.621763,6.314385],[-75.620876,6.314388],[-75.619885,6.314234],[-75.619154,6.313923],[-75.617901,6.313614],[-75.616649,6.313357],[-75.616023,6.313306],[-75.615189,6.313413],[-75.614303,6.313677],[-75.613208,6.313784],[-75.612477,6.313526],[-75.611903,6.313214],[-75.611067,6.312747],[-75.610596,6.312174],[-75.610404,6.311598],[-75.610137,6.311191],[-75.60973,6.310816],[-75.609217,6.310443],[-75.608646,6.31008],[-75.607981,6.309625],[-75.607354,6.309366],[-75.606623,6.309055],[-75.605996,6.308692],[-75.605422,6.308328],[-75.605056,6.308068],[-75.604794,6.3076],[-75.604479,6.307026],[-75.604062,6.306771],[-75.603383,6.306638],[-75.602678,6.306632],[-75.602135,6.306641],[-75.60137,6.306738],[-75.600781,6.306862],[-75.599851,6.306866],[-75.598629,6.306984],[-75.598181,6.307176],[-75.598158,6.307057],[-75.598033,6.307078],[-75.597732,6.30712],[-75.597538,6.307165],[-75.597365,6.307199],[-75.59714,6.30724],[-75.596979,6.30729],[-75.596817,6.307337],[-75.59657,6.307379],[-75.596411,6.307427],[-75.59627,6.307456],[-75.596048,6.307487],[-75.595877,6.307517],[-75.595762,6.307516],[-75.595623,6.307537],[-75.595533,6.307572],[-75.595441,6.307581],[-75.595355,6.307595],[-75.595246,6.30764],[-75.595124,6.30765],[-75.595013,6.307708],[-75.594847,6.307727],[-75.594661,6.307786],[-75.594481,6.307833],[-75.594329,6.307881],[-75.594174,6.307921],[-75.594026,6.307974],[-75.593811,6.308064],[-75.593531,6.308173],[-75.593223,6.308229],[-75.593014,6.308276],[-75.59272,6.308348],[-75.592509,6.308396],[-75.592223,6.308416],[-75.591928,6.30847],[-75.591684,6.308538],[-75.591405,6.308606],[-75.591094,6.308705],[-75.590823,6.308769],[-75.590503,6.308846],[-75.590212,6.308918],[-75.589947,6.30897],[-75.589718,6.309023],[-75.589365,6.309126],[-75.589216,6.309184],[-75.589016,6.309263],[-75.588891,6.309315],[-75.588788,6.309349],[-75.588645,6.309402],[-75.5885,6.309464],[-75.588416,6.309515],[-75.588312,6.309606],[-75.588223,6.30969],[-75.588081,6.309818],[-75.587917,6.309875],[-75.587681,6.309905],[-75.587418,6.309901],[-75.587132,6.309918],[-75.586919,6.309916],[-75.58674,6.30991],[-75.586575,6.30988],[-75.586344,6.3098],[-75.586135,6.309697],[-75.585943,6.309613],[-75.585665,6.3095],[-75.585478,6.309399],[-75.585291,6.309349],[-75.585044,6.309305],[-75.584791,6.30929],[-75.584582,6.30928],[-75.584407,6.309288],[-75.584228,6.309298],[-75.583982,6.309349],[-75.583743,6.309353],[-75.583524,6.309322],[-75.583212,6.309292],[-75.583041,6.309268],[-75.582829,6.309255],[-75.582623,6.309223],[-75.582458,6.309164],[-75.582367,6.309108],[-75.582237,6.309068],[-75.582131,6.309019],[-75.582016,6.308996],[-75.581821,6.308975],[-75.581666,6.308977],[-75.581611,6.309027],[-75.581493,6.309054],[-75.581312,6.309097],[-75.581256,6.309109],[-75.581102,6.309166],[-75.581017,6.3092],[-75.580859,6.309262],[-75.580686,6.309336],[-75.580511,6.309418],[-75.580268,6.309501],[-75.580135,6.30956],[-75.580003,6.309644],[-75.579875,6.30971],[-75.579733,6.309767],[-75.579598,6.309817],[-75.579453,6.309893],[-75.579311,6.309976],[-75.579212,6.310023],[-75.579031,6.310136],[-75.578853,6.310249],[-75.578724,6.310333],[-75.578492,6.310426],[-75.578348,6.310446],[-75.578101,6.310564],[-75.577936,6.310664],[-75.577709,6.310682],[-75.57746,6.310681],[-75.57728,6.310702],[-75.577055,6.310817],[-75.57685,6.310955],[-75.576669,6.311088],[-75.57649,6.311177],[-75.576279,6.311208],[-75.576054,6.311181],[-75.575715,6.310981],[-75.575369,6.310824],[-75.575058,6.310778],[-75.574591,6.310701],[-75.574339,6.310585],[-75.574126,6.310547],[-75.573933,6.310625],[-75.573778,6.310703],[-75.573546,6.310704],[-75.573101,6.310744],[-75.572868,6.310744],[-75.572636,6.310726],[-75.572345,6.310746],[-75.572016,6.310844],[-75.571726,6.310864],[-75.571571,6.310748],[-75.571319,6.310633],[-75.571028,6.310653],[-75.570699,6.310731],[-75.57039,6.31079],[-75.57008,6.310869],[-75.569713,6.310947],[-75.569461,6.311122],[-75.569152,6.311394],[-75.568863,6.311666],[-75.568612,6.311919],[-75.568399,6.312055],[-75.568147,6.312114],[-75.567896,6.312134],[-75.567644,6.312174],[-75.567335,6.31233],[-75.567122,6.312408],[-75.566812,6.312447],[-75.566464,6.312468],[-75.566193,6.312468],[-75.565902,6.312469],[-75.56565,6.312451],[-75.565302,6.312335],[-75.565011,6.312153],[-75.564773,6.31198],[-75.564556,6.311918],[-75.564313,6.311884],[-75.564148,6.311899],[-75.563985,6.311949],[-75.563815,6.312057],[-75.563616,6.312094],[-75.563365,6.312083],[-75.563151,6.312032],[-75.562963,6.311982],[-75.562771,6.311865],[-75.562589,6.311843],[-75.562318,6.311843],[-75.562072,6.311862],[-75.561867,6.311899],[-75.561547,6.311945],[-75.561266,6.311999],[-75.560921,6.312058],[-75.560579,6.312112],[-75.560364,6.312122],[-75.560088,6.312111],[-75.559886,6.312049],[-75.559713,6.312033],[-75.55957,6.312033],[-75.55942,6.312074],[-75.559164,6.312087],[-75.558769,6.312088],[-75.5585,6.312079],[-75.558211,6.312062],[-75.557921,6.311987],[-75.557638,6.311886],[-75.55724,6.311751],[-75.557011,6.31166],[-75.556755,6.311511],[-75.556458,6.311314],[-75.556566,6.311058],[-75.556729,6.310797],[-75.5569,6.31056],[-75.557028,6.310421],[-75.557179,6.310256],[-75.557381,6.309996],[-75.557272,6.309893],[-75.557069,6.309807],[-75.556861,6.309767],[-75.556641,6.309758],[-75.556419,6.309709],[-75.556256,6.309582],[-75.556122,6.309435],[-75.555967,6.30923],[-75.555788,6.308923],[-75.555661,6.308719],[-75.555466,6.308508],[-75.555204,6.308314],[-75.554956,6.308174],[-75.554608,6.307963],[-75.554238,6.307772],[-75.553938,6.307687],[-75.553624,6.307531],[-75.553355,6.307488],[-75.553066,6.307491],[-75.552884,6.307467],[-75.55257,6.307512],[-75.552369,6.307482],[-75.552273,6.307413],[-75.55213,6.307242],[-75.551954,6.307129],[-75.551778,6.307063],[-75.551526,6.307045],[-75.551328,6.306984],[-75.551159,6.306955],[-75.550931,6.306933],[-75.550755,6.306858],[-75.550597,6.306722],[-75.550399,6.306548],[-75.550265,6.306504],[-75.550137,6.306497],[-75.54998,6.306534],[-75.549833,6.306595],[-75.549626,6.306559],[-75.549485,6.306508],[-75.549337,6.306415],[-75.549266,6.306285],[-75.549214,6.306105],[-75.549112,6.306002],[-75.54896,6.30597],[-75.548693,6.305944],[-75.548504,6.305915],[-75.548275,6.305846],[-75.548038,6.305779],[-75.547778,6.305671],[-75.547441,6.305521],[-75.54717,6.305431],[-75.546942,6.305402],[-75.546833,6.305447],[-75.546725,6.305477],[-75.546598,6.305469],[-75.546468,6.305427],[-75.546315,6.305479],[-75.546184,6.305553],[-75.546005,6.305627],[-75.545851,6.30562],[-75.545752,6.305489],[-75.545677,6.305281],[-75.545614,6.305114],[-75.545448,6.304974],[-75.545249,6.304819],[-75.545036,6.304699],[-75.54486,6.304596],[-75.544688,6.304432],[-75.544498,6.304268],[-75.54437,6.304205],[-75.544232,6.304134],[-75.544066,6.304073],[-75.543878,6.303993],[-75.543742,6.303926],[-75.54362,6.303829],[-75.543517,6.303696],[-75.543477,6.3036],[-75.543405,6.303608],[-75.543235,6.303639],[-75.543009,6.303746],[-75.542625,6.303844],[-75.542432,6.303829],[-75.542264,6.303801],[-75.542157,6.303715],[-75.54215,6.30354],[-75.542163,6.303334],[-75.542162,6.303169],[-75.542087,6.303007],[-75.541976,6.302866],[-75.541805,6.302768],[-75.541643,6.302777],[-75.54148,6.302812],[-75.541256,6.302758],[-75.540994,6.302696],[-75.540826,6.302645],[-75.540551,6.30253],[-75.540383,6.302426],[-75.540238,6.302355],[-75.540145,6.302269],[-75.540011,6.302171],[-75.539897,6.302081],[-75.539733,6.301912],[-75.539581,6.301808],[-75.539455,6.301612],[-75.539382,6.301422],[-75.539322,6.301198],[-75.539233,6.301007],[-75.539106,6.300822],[-75.539023,6.300706],[-75.538865,6.300609],[-75.538702,6.300616],[-75.538553,6.300711],[-75.538421,6.300781],[-75.538271,6.30079],[-75.538166,6.300737],[-75.538075,6.300602],[-75.538094,6.300469],[-75.538158,6.300307],[-75.538107,6.30018],[-75.537984,6.30005],[-75.537788,6.299822],[-75.537609,6.299644],[-75.537463,6.29943],[-75.537278,6.299083],[-75.537235,6.298841],[-75.537086,6.298636],[-75.536965,6.298456],[-75.536804,6.29832],[-75.536589,6.298181],[-75.536383,6.298082],[-75.536152,6.298025],[-75.536032,6.29806],[-75.535871,6.298146],[-75.535745,6.298277],[-75.535602,6.29839],[-75.535348,6.298497],[-75.535183,6.298657],[-75.535142,6.298834],[-75.535127,6.298999],[-75.535051,6.2991],[-75.534896,6.299221],[-75.534689,6.299334],[-75.534477,6.29945],[-75.534323,6.299533],[-75.534121,6.299657],[-75.533927,6.299777],[-75.533696,6.299961],[-75.533526,6.299981],[-75.53322,6.300016],[-75.532971,6.300022],[-75.532666,6.300006],[-75.532541,6.299892],[-75.532343,6.299712],[-75.532176,6.299594],[-75.531922,6.299493],[-75.531677,6.29937],[-75.531434,6.299266],[-75.531206,6.299096],[-75.531033,6.298843],[-75.530757,6.298438],[-75.530605,6.298193],[-75.530412,6.297818],[-75.530292,6.29748],[-75.530136,6.297144],[-75.529941,6.297022],[-75.529821,6.296976],[-75.529815,6.296904],[-75.529595,6.296685],[-75.529503,6.296643],[-75.529412,6.296594],[-75.52932,6.296503],[-75.52896,6.296461],[-75.5286,6.296419],[-75.528509,6.296371],[-75.528488,6.296361],[-75.528417,6.296328],[-75.528326,6.296237],[-75.528234,6.296189],[-75.528149,6.296147],[-75.528057,6.296056],[-75.527965,6.296013],[-75.527874,6.295965],[-75.527782,6.295879],[-75.527691,6.295831],[-75.527514,6.29574],[-75.527331,6.295654],[-75.527147,6.295563],[-75.52697,6.295472],[-75.526879,6.295424],[-75.526787,6.295339],[-75.526696,6.29529],[-75.52661,6.295248],[-75.5257,6.294348],[-75.525565,6.2943],[-75.525297,6.294209],[-75.525022,6.294124],[-75.524888,6.294076],[-75.524753,6.293942],[-75.524705,6.29385],[-75.524613,6.293667],[-75.52457,6.293583],[-75.524527,6.293443],[-75.524478,6.293308],[-75.524435,6.293217],[-75.524386,6.293126],[-75.524341,6.292589],[-75.524298,6.292047],[-75.524248,6.291864],[-75.524205,6.291681],[-75.524155,6.291412],[-75.524204,6.291139],[-75.524246,6.291095],[-75.524203,6.291053],[-75.524153,6.290595],[-75.524109,6.290144],[-75.524066,6.289919],[-75.524108,6.289692],[-75.52415,6.289559],[-75.524199,6.289424],[-75.524241,6.289241],[-75.524289,6.289064],[-75.524331,6.288923],[-75.524374,6.28879],[-75.524422,6.288698],[-75.524465,6.288607],[-75.524556,6.288521],[-75.524598,6.288429],[-75.524646,6.288337],[-75.524689,6.288294],[-75.524781,6.288245],[-75.524963,6.288153],[-75.525048,6.28811],[-75.524689,6.288063],[-75.524329,6.288112],[-75.524061,6.288156],[-75.523787,6.288205],[-75.523562,6.288249],[-75.523336,6.288298],[-75.523245,6.288341],[-75.523154,6.288384],[-75.522977,6.288433],[-75.522794,6.288477],[-75.522553,6.288719],[-75.521964,6.289312],[-75.521998,6.289956],[-75.522071,6.290435],[-75.522066,6.290445],[-75.522078,6.290874],[-75.522188,6.291471],[-75.522268,6.291844],[-75.52239,6.292307],[-75.522511,6.292791],[-75.522668,6.293197],[-75.522868,6.293584],[-75.523025,6.293974],[-75.523209,6.294402],[-75.52331,6.294771],[-75.523417,6.295131],[-75.523507,6.295535],[-75.523706,6.296024],[-75.523895,6.296608],[-75.524066,6.297],[-75.524293,6.29748],[-75.524582,6.29809],[-75.52477,6.298606],[-75.524919,6.299112],[-75.525004,6.299527],[-75.52507,6.299898],[-75.525217,6.300073],[-75.525573,6.300407],[-75.525753,6.300557],[-75.526079,6.300978],[-75.526283,6.301324],[-75.526621,6.301924],[-75.527039,6.302634],[-75.527172,6.302994],[-75.52739,6.303649],[-75.527517,6.304256],[-75.527633,6.304828],[-75.527686,6.305303],[-75.527705,6.305664],[-75.527727,6.30599],[-75.527789,6.306288],[-75.527854,6.306678],[-75.527923,6.307255],[-75.527936,6.307706],[-75.528043,6.308185],[-75.528047,6.308476],[-75.527937,6.308937],[-75.527826,6.309335],[-75.527866,6.309696],[-75.527866,6.309986],[-75.528002,6.310252],[-75.528167,6.310532],[-75.528353,6.310852],[-75.528462,6.311133],[-75.528611,6.311429],[-75.528714,6.311787],[-75.528753,6.312075],[-75.528776,6.312304],[-75.528897,6.312511],[-75.529018,6.312724],[-75.52917,6.313001],[-75.529273,6.313183],[-75.529509,6.313665],[-75.529672,6.313984],[-75.52983,6.314378],[-75.529889,6.314627],[-75.529938,6.314915],[-75.530063,6.315239],[-75.530174,6.315493],[-75.530411,6.315731],[-75.530486,6.315908],[-75.530576,6.316289],[-75.530626,6.316707],[-75.530739,6.317056],[-75.530902,6.31736],[-75.531123,6.317776],[-75.531362,6.318026],[-75.531474,6.318364],[-75.531496,6.318694],[-75.531461,6.319003],[-75.531375,6.319313],[-75.531319,6.319614],[-75.531329,6.319878],[-75.531447,6.320255],[-75.531513,6.320514],[-75.531531,6.320858],[-75.531515,6.321165],[-75.531507,6.321433],[-75.531544,6.321704],[-75.531664,6.321881],[-75.531895,6.322057],[-75.532026,6.322129],[-75.532142,6.322401],[-75.532146,6.322656],[-75.532095,6.322937],[-75.53205,6.323166],[-75.532114,6.323358],[-75.532143,6.323547],[-75.532266,6.323687],[-75.532471,6.323841],[-75.532652,6.32408],[-75.532816,6.324414],[-75.533014,6.324941],[-75.533126,6.325368],[-75.533246,6.325742],[-75.533442,6.326044],[-75.533698,6.326194],[-75.533921,6.326362],[-75.534008,6.326529],[-75.533953,6.326818],[-75.533935,6.327004],[-75.534095,6.32713],[-75.534188,6.327158],[-75.534345,6.327221],[-75.534365,6.327393],[-75.53438,6.327675],[-75.534348,6.328006],[-75.534406,6.328197],[-75.534631,6.328533],[-75.534744,6.328955],[-75.534897,6.329432],[-75.535097,6.329787],[-75.535369,6.330263],[-75.535655,6.330613],[-75.535733,6.330818],[-75.535728,6.331024],[-75.535726,6.331407],[-75.53578,6.331712],[-75.535965,6.332088],[-75.536035,6.332351],[-75.535937,6.332738],[-75.535801,6.333164],[-75.535577,6.333758],[-75.535341,6.334109],[-75.535208,6.334339],[-75.535151,6.334665],[-75.535153,6.335067],[-75.535153,6.335412],[-75.535154,6.335757],[-75.535041,6.336121],[-75.53483,6.336533],[-75.534444,6.336761],[-75.534136,6.336915],[-75.533816,6.337017],[-75.533399,6.337114],[-75.532823,6.337201],[-75.532383,6.337246],[-75.532012,6.337275],[-75.531598,6.337355],[-75.530986,6.337421],[-75.530738,6.337442],[-75.53026,6.337485],[-75.529833,6.33749],[-75.529358,6.337446],[-75.528862,6.337437],[-75.528438,6.337488],[-75.528135,6.337576],[-75.527922,6.337706],[-75.527664,6.337849],[-75.527377,6.337946],[-75.527074,6.338055],[-75.526673,6.338221],[-75.526419,6.338318],[-75.526165,6.338331],[-75.525804,6.338359],[-75.525397,6.33837],[-75.525046,6.338342],[-75.524802,6.338262],[-75.524434,6.338156],[-75.524154,6.338123],[-75.523896,6.338207],[-75.523658,6.338408],[-75.52361,6.338582],[-75.523552,6.338887],[-75.523444,6.339301],[-75.523367,6.339697],[-75.523262,6.340366],[-75.523176,6.341033],[-75.52305,6.34128],[-75.522973,6.341366],[-75.522774,6.341459],[-75.522367,6.341622],[-75.522105,6.341715],[-75.521752,6.341726],[-75.521216,6.341727],[-75.520877,6.341746],[-75.520602,6.341915],[-75.520489,6.342125],[-75.520409,6.342425],[-75.520334,6.342847],[-75.520244,6.343343],[-75.520139,6.343894],[-75.519859,6.34446],[-75.519663,6.344968],[-75.519484,6.345521],[-75.519169,6.345792],[-75.518812,6.345972],[-75.518222,6.346122],[-75.517441,6.346074],[-75.516865,6.34598],[-75.516401,6.345842],[-75.51576,6.345653],[-75.515368,6.34557],[-75.514962,6.345372],[-75.514909,6.345457],[-75.514928,6.345706],[-75.515044,6.345954],[-75.515236,6.346107],[-75.515542,6.346202],[-75.515786,6.346251],[-75.51604,6.346296],[-75.516234,6.346512],[-75.516452,6.346723],[-75.516597,6.346908],[-75.516732,6.347175],[-75.516847,6.347367],[-75.517078,6.347596],[-75.517186,6.347762],[-75.517442,6.347928],[-75.517655,6.348226],[-75.517904,6.348743],[-75.518057,6.348985],[-75.51806,6.349195],[-75.517907,6.349463],[-75.517891,6.349814],[-75.517874,6.350218],[-75.517867,6.350619],[-75.517914,6.351024],[-75.517973,6.351382],[-75.51803,6.35173],[-75.518045,6.351949],[-75.517997,6.352059],[-75.517897,6.352214],[-75.517746,6.352348],[-75.517477,6.352561],[-75.517242,6.352731],[-75.517098,6.352923],[-75.516993,6.353113],[-75.516901,6.353334],[-75.516802,6.353662],[-75.51677,6.353952],[-75.516736,6.354239],[-75.516704,6.354498],[-75.516676,6.354801],[-75.516623,6.355027],[-75.516573,6.355183],[-75.516512,6.355373],[-75.516429,6.355664],[-75.516345,6.355964],[-75.516307,6.356224],[-75.516277,6.356575],[-75.516267,6.356824],[-75.516248,6.357056],[-75.516233,6.357177],[-75.516193,6.357497],[-75.516183,6.357748],[-75.516171,6.357851],[-75.516108,6.357995],[-75.51604,6.358213],[-75.515946,6.358478],[-75.515888,6.358714],[-75.515811,6.358953],[-75.515723,6.359268],[-75.515634,6.359535],[-75.515554,6.359748],[-75.515473,6.359928],[-75.515464,6.36015],[-75.515442,6.360362],[-75.51546,6.360547],[-75.515459,6.360805],[-75.515447,6.361065],[-75.515466,6.361294],[-75.515516,6.361582],[-75.51562,6.361923],[-75.515634,6.361979],[-75.515642,6.36199],[-75.515647,6.362004],[-75.515697,6.36214],[-75.515766,6.362284],[-75.515842,6.362428],[-75.515956,6.362603],[-75.516234,6.362824],[-75.516268,6.362824],[-75.516812,6.363548],[-75.516843,6.363631],[-75.51689,6.363772],[-75.516959,6.363879],[-75.517033,6.363964],[-75.517183,6.364104],[-75.517333,6.364228],[-75.517548,6.364335],[-75.517628,6.364361],[-75.517695,6.364405],[-75.518226,6.364626],[-75.518568,6.364793],[-75.518812,6.365026],[-75.51907,6.365294],[-75.519303,6.365582],[-75.519532,6.365938],[-75.519755,6.366118],[-75.520073,6.366404],[-75.520376,6.366672],[-75.520629,6.366848],[-75.520984,6.367027],[-75.521273,6.367177],[-75.521601,6.367312],[-75.521895,6.36755],[-75.522026,6.367789],[-75.522234,6.368081],[-75.522379,6.368278],[-75.522581,6.368418],[-75.522816,6.368472],[-75.522986,6.368577],[-75.523124,6.36883],[-75.523311,6.369213],[-75.523511,6.369497],[-75.523611,6.369778],[-75.523744,6.370114],[-75.523924,6.370503],[-75.524084,6.370843],[-75.524261,6.370961],[-75.524397,6.371135],[-75.524545,6.371278],[-75.524642,6.37149],[-75.524769,6.371711],[-75.524985,6.371757],[-75.525168,6.371756],[-75.525264,6.371861],[-75.525414,6.371989],[-75.525615,6.371995],[-75.525774,6.371957],[-75.526055,6.372006],[-75.52635,6.372159],[-75.526555,6.372364],[-75.526756,6.372533],[-75.527043,6.372746],[-75.527325,6.37284],[-75.527383,6.373071],[-75.527426,6.373326],[-75.527617,6.373603],[-75.527808,6.373909],[-75.528007,6.374156],[-75.528239,6.37442],[-75.528431,6.374666],[-75.528611,6.374924],[-75.528771,6.375153],[-75.528942,6.375382],[-75.529148,6.37566],[-75.52932,6.37593],[-75.529645,6.376346],[-75.529968,6.376757],[-75.530249,6.377138],[-75.530438,6.3774],[-75.53066,6.37778],[-75.530882,6.378254],[-75.531025,6.378492],[-75.531162,6.378794],[-75.531304,6.378953],[-75.531527,6.379211],[-75.531647,6.379357],[-75.531871,6.379529],[-75.532039,6.379666],[-75.532247,6.379832],[-75.532537,6.380055],[-75.532914,6.380279],[-75.533347,6.380503],[-75.533476,6.380783],[-75.533531,6.381052],[-75.533558,6.381253],[-75.533599,6.381562],[-75.533694,6.38179],[-75.533816,6.382032],[-75.533964,6.382273],[-75.534167,6.382662],[-75.534275,6.382931],[-75.534343,6.38324],[-75.534317,6.383455],[-75.53429,6.383629],[-75.534116,6.383845],[-75.533996,6.384087],[-75.533852,6.384545],[-75.53374,6.384757],[-75.5336,6.384899],[-75.533457,6.38505],[-75.533265,6.385285],[-75.533136,6.385491],[-75.532975,6.38578],[-75.53284,6.386075],[-75.532822,6.386204],[-75.532786,6.386464],[-75.532737,6.386644],[-75.532644,6.38684],[-75.532601,6.386971],[-75.532602,6.38699],[-75.532568,6.387085],[-75.532512,6.387276],[-75.53248,6.387456],[-75.532464,6.387778],[-75.532493,6.388096],[-75.532527,6.388363],[-75.532555,6.388656],[-75.532597,6.388812],[-75.532688,6.388782],[-75.532831,6.388638],[-75.532939,6.388458],[-75.533046,6.388314],[-75.533189,6.388099],[-75.533195,6.388093],[-75.533294,6.388014],[-75.533367,6.387955],[-75.533547,6.387954],[-75.533726,6.387954],[-75.534049,6.387953],[-75.534372,6.387952],[-75.534414,6.387964],[-75.53473,6.388058],[-75.535018,6.388201],[-75.535305,6.388272],[-75.535484,6.388307],[-75.535664,6.388486],[-75.53588,6.388701],[-75.536095,6.388808],[-75.536526,6.388843],[-75.536848,6.388698],[-75.537422,6.388553],[-75.53778,6.388588],[-75.538283,6.388658],[-75.538677,6.388657],[-75.539286,6.388476],[-75.539823,6.388152],[-75.540207,6.387835],[-75.540217,6.387828],[-75.540502,6.387432],[-75.540788,6.387037],[-75.540931,6.386678],[-75.541253,6.386461],[-75.541754,6.386316],[-75.542257,6.386351],[-75.542508,6.386422],[-75.542831,6.386493],[-75.542949,6.386503],[-75.543225,6.386527],[-75.543727,6.386418],[-75.544515,6.385986],[-75.544908,6.385662],[-75.545374,6.385302],[-75.545695,6.384906],[-75.54616,6.384438],[-75.546518,6.384043],[-75.546875,6.383683],[-75.547233,6.383287],[-75.547554,6.382928],[-75.547912,6.382675],[-75.548378,6.382423],[-75.548736,6.382243],[-75.549058,6.382134],[-75.549345,6.382133],[-75.549811,6.382096],[-75.550098,6.382059],[-75.550457,6.382058],[-75.550887,6.382057],[-75.551174,6.382128],[-75.552071,6.382197],[-75.552429,6.382124],[-75.552752,6.382088],[-75.553111,6.382122],[-75.553757,6.382372],[-75.554259,6.382586],[-75.554511,6.3828],[-75.554943,6.383229],[-75.555231,6.383695],[-75.555483,6.384232],[-75.555736,6.38477],[-75.555881,6.385343],[-75.556206,6.38606],[-75.556387,6.386669],[-75.556532,6.387064],[-75.55664,6.387494],[-75.556713,6.387816],[-75.556786,6.388139],[-75.557182,6.388927],[-75.557434,6.389142],[-75.55765,6.389356],[-75.557758,6.389607],[-75.558047,6.390216],[-75.558119,6.390539],[-75.558229,6.391113],[-75.558337,6.391471],[-75.55841,6.391794],[-75.558555,6.39226],[-75.5587,6.392762],[-75.559132,6.393442],[-75.55924,6.393765],[-75.559566,6.394661],[-75.559782,6.395019],[-75.560142,6.39552],[-75.560466,6.395985],[-75.560862,6.396379],[-75.561257,6.396808],[-75.561617,6.397238],[-75.562013,6.397775],[-75.562374,6.398455],[-75.562518,6.398778],[-75.562699,6.399172],[-75.56288,6.399781],[-75.563061,6.400283],[-75.563385,6.401],[-75.563746,6.401644],[-75.563962,6.402002],[-75.564286,6.40236],[-75.564753,6.402789],[-75.564926,6.402919],[-75.565554,6.403601],[-75.565994,6.4043],[-75.566346,6.405],[-75.566612,6.40605],[-75.567053,6.407275],[-75.567317,6.407887],[-75.567494,6.4085],[-75.567672,6.409375],[-75.567851,6.410689],[-75.567854,6.411827],[-75.567683,6.413142],[-75.56786,6.413929],[-75.568212,6.414454],[-75.568826,6.41489],[-75.569265,6.415414],[-75.569355,6.416115],[-75.569444,6.41664],[-75.569797,6.417602],[-75.570237,6.418214],[-75.570414,6.418827],[-75.570652,6.419033],[-75.57173,6.419962],[-75.572192,6.420215],[-75.57285,6.420572],[-75.573749,6.421227],[-75.574168,6.421704],[-75.574948,6.422539],[-75.575427,6.422956],[-75.575907,6.423374],[-75.576386,6.423671],[-75.576977,6.4242],[-75.576985,6.424208],[-75.577465,6.424684],[-75.577824,6.425042],[-75.578482,6.42522],[-75.57902,6.425278],[-75.579737,6.425156],[-75.580335,6.425035],[-75.580633,6.424675],[-75.58111,6.424435],[-75.581691,6.424491],[-75.581708,6.424493],[-75.581733,6.424508],[-75.582187,6.42479],[-75.582727,6.425327],[-75.583146,6.425804],[-75.583566,6.426161],[-75.584525,6.426996],[-75.584665,6.427089],[-75.585064,6.427353],[-75.585423,6.427591],[-75.585544,6.427949],[-75.585605,6.428547],[-75.585627,6.428635],[-75.585847,6.429503],[-75.586087,6.429981],[-75.586508,6.430577],[-75.586556,6.430604],[-75.587166,6.430934],[-75.587943,6.430812],[-75.588361,6.430572],[-75.588599,6.430332],[-75.589197,6.430271],[-75.590034,6.430328],[-75.590632,6.430446],[-75.591408,6.430384],[-75.592365,6.430321],[-75.592842,6.430021],[-75.593259,6.429481],[-75.593436,6.428763],[-75.593374,6.428046],[-75.593312,6.427329],[-75.59331,6.426611],[-75.593726,6.425892],[-75.594561,6.425113],[-75.595038,6.424633],[-75.595394,6.423795],[-75.595749,6.422777],[-75.595808,6.422239],[-75.596224,6.42164],[-75.596521,6.420921],[-75.596698,6.420024],[-75.596995,6.419365],[-75.59753,6.418586],[-75.598007,6.418047],[-75.598543,6.417447],[-75.599019,6.416848],[-75.599317,6.416309],[-75.599494,6.415531],[-75.599493,6.415292],[-75.599969,6.414573],[-75.600565,6.414153],[-75.601401,6.413851],[-75.602238,6.413729],[-75.602955,6.413727],[-75.604031,6.413724],[-75.605345,6.413541],[-75.606043,6.413399],[-75.606241,6.413359],[-75.606393,6.413287],[-75.607137,6.412937],[-75.607674,6.412697],[-75.608449,6.412156],[-75.608927,6.412035],[-75.609524,6.411914],[-75.610061,6.411613],[-75.610419,6.411373],[-75.610777,6.411133],[-75.611075,6.410893],[-75.611492,6.410413],[-75.61173,6.410113],[-75.611968,6.409634],[-75.612265,6.409095],[-75.612623,6.408616],[-75.612861,6.408257],[-75.613218,6.407897],[-75.613575,6.407238],[-75.613753,6.406998],[-75.614111,6.406579],[-75.614228,6.405861],[-75.614286,6.405203],[-75.614523,6.404664],[-75.615239,6.404004],[-75.615716,6.403823],[-75.616252,6.403045],[-75.616728,6.402266],[-75.616938,6.4019],[-75.617382,6.401128],[-75.618516,6.400586],[-75.619112,6.400106],[-75.619708,6.399506],[-75.620541,6.398428],[-75.620899,6.398008],[-75.621375,6.397409],[-75.621971,6.396749],[-75.622625,6.395731],[-75.622981,6.394773],[-75.623277,6.393935],[-75.623394,6.393038],[-75.623511,6.3922],[-75.623747,6.391124],[-75.624163,6.390225],[-75.624758,6.389446],[-75.626189,6.388186],[-75.628038,6.386985],[-75.62923,6.386085],[-75.630663,6.385303],[-75.631438,6.384882],[-75.633169,6.38392],[-75.634721,6.383377],[-75.635139,6.383197],[-75.635795,6.382776],[-75.636391,6.382356],[-75.637406,6.381815],[-75.63848,6.381393],[-75.639255,6.380852],[-75.639971,6.380432],[-75.640807,6.38007],[-75.641464,6.379889],[-75.641881,6.379469],[-75.642537,6.378989],[-75.643148,6.378705],[-75.643313,6.378628],[-75.64385,6.378327],[-75.644388,6.378326],[-75.644986,6.378503],[-75.645465,6.378801],[-75.645819,6.37907],[-75.646483,6.379575],[-75.646783,6.379813],[-75.647322,6.38029],[-75.647741,6.380289],[-75.648577,6.380346],[-75.649115,6.380165],[-75.65025,6.379982],[-75.650872,6.380076],[-75.651446,6.380146],[-75.651876,6.380144],[-75.652234,6.380143],[-75.652952,6.380213],[-75.653418,6.380283],[-75.653885,6.380354],[-75.654387,6.38046],[-75.655068,6.380458],[-75.65557,6.38042],[-75.656036,6.380347],[-75.656466,6.380238],[-75.65686,6.380165],[-75.657183,6.380021],[-75.657505,6.379876],[-75.65797,6.379588],[-75.658328,6.379264],[-75.658578,6.379012],[-75.658864,6.37876],[-75.659222,6.378472],[-75.659544,6.378291],[-75.659866,6.378111],[-75.660189,6.378038],[-75.660727,6.378037],[-75.661086,6.378179],[-75.661625,6.3785],[-75.662055,6.378678],[-75.662486,6.378785],[-75.662773,6.378748],[-75.663239,6.378603],[-75.663633,6.378602],[-75.664028,6.378708],[-75.664397,6.378756],[-75.664482,6.378767],[-75.664566,6.378778],[-75.665068,6.378777],[-75.665713,6.378559],[-75.666142,6.378128],[-75.66657,6.377481],[-75.666819,6.376978],[-75.666998,6.376726],[-75.667069,6.376403],[-75.667069,6.376352],[-75.667068,6.376044],[-75.667067,6.375757],[-75.667173,6.375434],[-75.66728,6.375039],[-75.667458,6.374644],[-75.667686,6.374357]]]]}},{"type":"Feature","properties":{"name":"Medellín Centro","source":"https://siata.gov.co/kml/Pronostico%20%28Experimental%29/Meteorologico.kml","municipality":"Medellín"},"geometry":{"type":"MultiPolygon","coordinates":[[[[-75.621728,6.275021],[-75.621683,6.274987],[-75.621655,6.274956],[-75.621631,6.27492],[-75.621605,6.274872],[-75.621579,6.274816],[-75.621559,6.274769],[-75.621541,6.274739],[-75.621509,6.274699],[-75.621481,6.274656],[-75.621451,6.274605],[-75.621436,6.274557],[-75.621422,6.274499],[-75.621415,6.274449],[-75.62139,6.274364],[-75.621372,6.274319],[-75.621359,6.274288],[-75.621323,6.274252],[-75.621298,6.274231],[-75.621255,6.274209],[-75.621212,6.274192],[-75.621165,6.274182],[-75.62112,6.274179],[-75.621073,6.274182],[-75.621011,6.274181],[-75.620982,6.274179],[-75.620947,6.274168],[-75.620907,6.274144],[-75.620865,6.274102],[-75.620837,6.274061],[-75.620795,6.274009],[-75.620756,6.273953],[-75.620737,6.273901],[-75.620739,6.273856],[-75.620737,6.273824],[-75.620733,6.273779],[-75.620712,6.273752],[-75.620672,6.273723],[-75.620617,6.273691],[-75.620567,6.27366],[-75.620523,6.273628],[-75.620487,6.273601],[-75.62045,6.273587],[-75.620401,6.273581],[-75.62035,6.27358],[-75.620301,6.273584],[-75.620232,6.273582],[-75.620181,6.273575],[-75.620141,6.273563],[-75.620059,6.273539],[-75.619974,6.273515],[-75.619918,6.273501],[-75.619879,6.273479],[-75.619854,6.273453],[-75.61983,6.273404],[-75.619804,6.273343],[-75.619778,6.273278],[-75.619769,6.273231],[-75.619741,6.273173],[-75.619713,6.273141],[-75.619676,6.273126],[-75.619618,6.273106],[-75.619563,6.27308],[-75.619517,6.273057],[-75.619474,6.273031],[-75.619421,6.272991],[-75.619394,6.272982],[-75.619349,6.272967],[-75.619301,6.272907],[-75.619278,6.272892],[-75.619256,6.272875],[-75.619232,6.272861],[-75.619205,6.272859],[-75.619173,6.272861],[-75.619141,6.272848],[-75.619116,6.272825],[-75.61912,6.272796],[-75.619143,6.272781],[-75.619163,6.272762],[-75.61917,6.272729],[-75.619153,6.272703],[-75.619128,6.27269],[-75.619096,6.272683],[-75.619057,6.27268],[-75.619031,6.272676],[-75.619004,6.272669],[-75.618978,6.272661],[-75.618959,6.272641],[-75.618946,6.272617],[-75.618944,6.272576],[-75.618952,6.27255],[-75.618949,6.272522],[-75.61894,6.272497],[-75.618932,6.272469],[-75.618921,6.272443],[-75.618912,6.272408],[-75.61891,6.272375],[-75.618905,6.272349],[-75.618883,6.272319],[-75.618864,6.272283],[-75.618865,6.272237],[-75.618864,6.272191],[-75.618862,6.272154],[-75.618863,6.272126],[-75.618871,6.272097],[-75.618877,6.27207],[-75.61888,6.272044],[-75.618885,6.27201],[-75.618898,6.271974],[-75.61891,6.27195],[-75.618925,6.271916],[-75.618943,6.271888],[-75.618963,6.271869],[-75.618979,6.271845],[-75.618989,6.271818],[-75.618994,6.271792],[-75.619003,6.271768],[-75.619023,6.271747],[-75.619049,6.271728],[-75.619084,6.271692],[-75.619104,6.271665],[-75.619126,6.271629],[-75.61915,6.271584],[-75.619167,6.27155],[-75.619178,6.271519],[-75.619185,6.271492],[-75.619194,6.271465],[-75.619201,6.271438],[-75.619208,6.271396],[-75.619214,6.271368],[-75.619225,6.271344],[-75.619246,6.271324],[-75.619265,6.271305],[-75.619276,6.271279],[-75.619284,6.271248],[-75.619298,6.271214],[-75.619316,6.271193],[-75.619337,6.271167],[-75.619373,6.271119],[-75.61939,6.27109],[-75.619404,6.271066],[-75.619422,6.271031],[-75.619443,6.270994],[-75.61946,6.270967],[-75.619476,6.270944],[-75.619498,6.270914],[-75.619519,6.270889],[-75.619544,6.270866],[-75.61957,6.270841],[-75.619585,6.270817],[-75.619587,6.270791],[-75.619577,6.270759],[-75.61959,6.270732],[-75.619612,6.270702],[-75.619639,6.270671],[-75.619661,6.270638],[-75.61968,6.270612],[-75.619694,6.270587],[-75.619716,6.27055],[-75.619749,6.2705],[-75.619771,6.270464],[-75.619787,6.270439],[-75.619803,6.270412],[-75.61982,6.270386],[-75.619848,6.270348],[-75.619869,6.270321],[-75.619886,6.270301],[-75.619908,6.270277],[-75.619938,6.270251],[-75.619966,6.270227],[-75.619988,6.27019],[-75.62001,6.270141],[-75.62004,6.270104],[-75.62008,6.270022],[-75.620049,6.270017],[-75.62002,6.270016],[-75.619992,6.270017],[-75.619964,6.270019],[-75.619936,6.270021],[-75.619903,6.270023],[-75.619866,6.270028],[-75.61984,6.270035],[-75.619812,6.270039],[-75.61978,6.270041],[-75.619743,6.270044],[-75.619706,6.270051],[-75.619675,6.27006],[-75.619639,6.270063],[-75.619607,6.270065],[-75.61957,6.270065],[-75.619537,6.270063],[-75.619509,6.270063],[-75.61948,6.270061],[-75.619452,6.270055],[-75.619425,6.270052],[-75.619385,6.270054],[-75.619354,6.270061],[-75.619326,6.270062],[-75.619298,6.270064],[-75.619261,6.270064],[-75.619227,6.270065],[-75.6192,6.270066],[-75.619174,6.270069],[-75.619145,6.270073],[-75.619117,6.27008],[-75.61909,6.270088],[-75.619063,6.270096],[-75.619036,6.270105],[-75.61901,6.27011],[-75.618961,6.270109],[-75.618884,6.270106],[-75.618842,6.270099],[-75.61878,6.270081],[-75.618717,6.270064],[-75.618598,6.270061],[-75.618523,6.270068],[-75.618495,6.270077],[-75.618463,6.270088],[-75.618403,6.270104],[-75.618367,6.27013],[-75.618309,6.270144],[-75.61828,6.270156],[-75.618234,6.270194],[-75.618208,6.270217],[-75.61813,6.270259],[-75.618105,6.270273],[-75.618085,6.270299],[-75.618058,6.270312],[-75.618021,6.270338],[-75.617985,6.270354],[-75.617944,6.27036],[-75.617924,6.270408],[-75.617942,6.270472],[-75.617953,6.270498],[-75.617948,6.270531],[-75.617905,6.270511],[-75.617863,6.270481],[-75.617829,6.270445],[-75.61779,6.270425],[-75.61773,6.27043],[-75.617663,6.270455],[-75.617568,6.270493],[-75.617528,6.270498],[-75.617438,6.270527],[-75.617337,6.270544],[-75.617298,6.270553],[-75.617236,6.270587],[-75.6172,6.270595],[-75.617141,6.270606],[-75.617081,6.270584],[-75.617052,6.270575],[-75.617018,6.270612],[-75.61692,6.270646],[-75.616818,6.270683],[-75.616786,6.270696],[-75.616709,6.270725],[-75.616559,6.270756],[-75.616331,6.27077],[-75.616179,6.270774],[-75.616129,6.270788],[-75.616055,6.27081],[-75.615994,6.270852],[-75.615968,6.270869],[-75.6159,6.270936],[-75.615791,6.270996],[-75.615589,6.271079],[-75.615408,6.271117],[-75.615265,6.271155],[-75.615171,6.271155],[-75.615141,6.271155],[-75.615096,6.27114],[-75.615024,6.271106],[-75.614949,6.271076],[-75.61491,6.271072],[-75.61487,6.271068],[-75.614712,6.271056],[-75.614286,6.271056],[-75.614193,6.271042],[-75.614114,6.271008],[-75.614009,6.270959],[-75.613896,6.270937],[-75.613802,6.27091],[-75.613764,6.270908],[-75.613685,6.270906],[-75.613599,6.270914],[-75.613493,6.270943],[-75.61338,6.270982],[-75.6132,6.271045],[-75.613061,6.271087],[-75.612978,6.271106],[-75.612926,6.27111],[-75.612841,6.271122],[-75.612714,6.271257],[-75.612498,6.271458],[-75.612435,6.271508],[-75.612346,6.271557],[-75.612265,6.271592],[-75.612156,6.271629],[-75.612021,6.271682],[-75.61192,6.271729],[-75.611871,6.271764],[-75.611796,6.271832],[-75.611678,6.271946],[-75.611567,6.272055],[-75.611418,6.272164],[-75.611311,6.272256],[-75.611201,6.272346],[-75.611148,6.272378],[-75.611056,6.272412],[-75.610952,6.272438],[-75.610859,6.272459],[-75.610778,6.272479],[-75.610654,6.272514],[-75.61059,6.272531],[-75.610424,6.272587],[-75.610389,6.272594],[-75.610354,6.272602],[-75.610283,6.272609],[-75.61022,6.272602],[-75.610149,6.272577],[-75.609965,6.272484],[-75.609841,6.272443],[-75.609532,6.272387],[-75.609055,6.272319],[-75.608961,6.272305],[-75.608828,6.272313],[-75.608782,6.272333],[-75.608684,6.272393],[-75.608716,6.27243],[-75.608766,6.272462],[-75.608814,6.272484],[-75.608868,6.272497],[-75.608922,6.272503],[-75.608974,6.272504],[-75.609031,6.272503],[-75.609072,6.272505],[-75.609116,6.272512],[-75.609156,6.272526],[-75.609209,6.272555],[-75.609263,6.272585],[-75.609334,6.272645],[-75.609399,6.272694],[-75.609477,6.272749],[-75.609538,6.272793],[-75.609617,6.272852],[-75.60968,6.272904],[-75.609751,6.272963],[-75.6098,6.273016],[-75.609848,6.27306],[-75.609871,6.273073],[-75.609914,6.273098],[-75.61,6.273128],[-75.610083,6.273158],[-75.610152,6.273183],[-75.610194,6.273201],[-75.610235,6.273226],[-75.610276,6.273256],[-75.61032,6.273303],[-75.61037,6.273354],[-75.610398,6.273372],[-75.610464,6.273406],[-75.610546,6.273433],[-75.610621,6.273459],[-75.610662,6.273479],[-75.610716,6.273511],[-75.610749,6.273537],[-75.61077,6.273568],[-75.610772,6.273611],[-75.610775,6.273645],[-75.61077,6.273673],[-75.610759,6.273701],[-75.610745,6.273724],[-75.610718,6.273749],[-75.610659,6.273727],[-75.610623,6.273705],[-75.610564,6.273682],[-75.610523,6.273661],[-75.610493,6.27363],[-75.610464,6.273612],[-75.6104,6.273586],[-75.610343,6.273566],[-75.6103,6.273558],[-75.610251,6.273551],[-75.610206,6.273549],[-75.610174,6.273553],[-75.610139,6.273563],[-75.610115,6.273579],[-75.61009,6.273595],[-75.610068,6.273608],[-75.610045,6.273621],[-75.610017,6.273629],[-75.60998,6.273627],[-75.609952,6.273615],[-75.609925,6.273595],[-75.609895,6.273573],[-75.609863,6.273557],[-75.609826,6.273537],[-75.609792,6.273513],[-75.609759,6.273488],[-75.609722,6.273468],[-75.609695,6.27345],[-75.609669,6.273441],[-75.609641,6.273439],[-75.609612,6.273437],[-75.609586,6.273435],[-75.609539,6.273431],[-75.609499,6.273418],[-75.609466,6.273402],[-75.609435,6.273394],[-75.609377,6.273392],[-75.609333,6.273396],[-75.609305,6.273411],[-75.609283,6.273441],[-75.609263,6.273467],[-75.609248,6.273491],[-75.609236,6.273516],[-75.609218,6.273538],[-75.609196,6.273556],[-75.609173,6.273586],[-75.609155,6.273613],[-75.609138,6.273635],[-75.609123,6.273659],[-75.609106,6.273688],[-75.609086,6.273719],[-75.609064,6.273748],[-75.609043,6.273773],[-75.60902,6.273797],[-75.608987,6.273827],[-75.608948,6.27384],[-75.608923,6.273853],[-75.608899,6.27387],[-75.608874,6.273898],[-75.608853,6.27393],[-75.608832,6.273961],[-75.608814,6.273982],[-75.608788,6.273997],[-75.608751,6.274003],[-75.608714,6.274007],[-75.608688,6.274022],[-75.608662,6.274033],[-75.608613,6.274039],[-75.608585,6.274038],[-75.608547,6.274029],[-75.60851,6.274019],[-75.608472,6.274014],[-75.608443,6.274012],[-75.608418,6.274021],[-75.608397,6.274047],[-75.608366,6.274045],[-75.608331,6.274053],[-75.608302,6.274073],[-75.608272,6.274088],[-75.60825,6.274119],[-75.60822,6.274142],[-75.608183,6.27415],[-75.608144,6.274154],[-75.608115,6.274156],[-75.608087,6.274164],[-75.608051,6.274183],[-75.608032,6.274203],[-75.608014,6.274225],[-75.607997,6.27426],[-75.607979,6.274293],[-75.607977,6.274322],[-75.607969,6.27435],[-75.607951,6.274373],[-75.607933,6.274397],[-75.607913,6.274426],[-75.607905,6.274455],[-75.607895,6.274481],[-75.607871,6.274511],[-75.60785,6.274532],[-75.607824,6.274545],[-75.60779,6.274541],[-75.607761,6.274542],[-75.607725,6.274542],[-75.607688,6.274528],[-75.607659,6.274519],[-75.607632,6.274515],[-75.607599,6.274514],[-75.607563,6.274516],[-75.607536,6.274521],[-75.607508,6.274528],[-75.60748,6.274532],[-75.607452,6.274532],[-75.607418,6.274533],[-75.607379,6.274549],[-75.607346,6.274568],[-75.607315,6.274588],[-75.607286,6.274608],[-75.607264,6.274624],[-75.607238,6.274646],[-75.607206,6.274678],[-75.607183,6.274708],[-75.607168,6.274743],[-75.607158,6.274775],[-75.607147,6.274801],[-75.607131,6.274824],[-75.607113,6.274847],[-75.607089,6.274871],[-75.607058,6.274893],[-75.607033,6.274905],[-75.607004,6.274907],[-75.606976,6.2749],[-75.606949,6.274883],[-75.606922,6.274853],[-75.606903,6.274823],[-75.606882,6.274806],[-75.606856,6.274795],[-75.606825,6.274784],[-75.606791,6.274775],[-75.606756,6.274755],[-75.606732,6.274741],[-75.606709,6.274725],[-75.606687,6.274702],[-75.60667,6.274669],[-75.606658,6.274644],[-75.606639,6.274624],[-75.606628,6.274599],[-75.606623,6.274563],[-75.60662,6.274528],[-75.606611,6.274496],[-75.606582,6.274469],[-75.606567,6.274448],[-75.606551,6.27442],[-75.606545,6.274373],[-75.606548,6.27433],[-75.606546,6.274293],[-75.606543,6.274264],[-75.606531,6.274239],[-75.606519,6.274203],[-75.606523,6.274164],[-75.606521,6.274128],[-75.606497,6.274111],[-75.606471,6.27409],[-75.606449,6.274059],[-75.606437,6.274032],[-75.606416,6.274006],[-75.606386,6.273986],[-75.606354,6.273971],[-75.606324,6.273943],[-75.606304,6.273916],[-75.606284,6.27389],[-75.606265,6.273856],[-75.606243,6.273827],[-75.606231,6.273796],[-75.606209,6.273765],[-75.606195,6.273724],[-75.606208,6.273691],[-75.606224,6.27367],[-75.606242,6.273651],[-75.606234,6.273625],[-75.606224,6.273597],[-75.606224,6.273565],[-75.606204,6.273545],[-75.606178,6.273532],[-75.606154,6.273517],[-75.606132,6.273499],[-75.60612,6.273474],[-75.606109,6.273449],[-75.606097,6.273419],[-75.606083,6.273384],[-75.606064,6.273364],[-75.606047,6.273337],[-75.606041,6.273301],[-75.606041,6.273263],[-75.606028,6.273234],[-75.605998,6.273255],[-75.605962,6.273276],[-75.605932,6.273291],[-75.605906,6.273302],[-75.605875,6.273313],[-75.605838,6.273313],[-75.605805,6.273286],[-75.605801,6.273254],[-75.605781,6.273226],[-75.605758,6.273193],[-75.605727,6.273197],[-75.605708,6.273218],[-75.605695,6.273242],[-75.605676,6.273261],[-75.605651,6.273275],[-75.60562,6.273286],[-75.605585,6.273297],[-75.605557,6.273297],[-75.60553,6.27329],[-75.605505,6.273276],[-75.605477,6.273269],[-75.60545,6.273264],[-75.605422,6.273258],[-75.605387,6.27325],[-75.605349,6.273253],[-75.605318,6.273258],[-75.605291,6.273254],[-75.605265,6.273244],[-75.605235,6.273222],[-75.605213,6.273198],[-75.605191,6.273182],[-75.605174,6.273154],[-75.605191,6.273123],[-75.605217,6.273096],[-75.605223,6.273071],[-75.605209,6.273042],[-75.605207,6.273011],[-75.605207,6.27297],[-75.605208,6.272929],[-75.605199,6.272904],[-75.605172,6.272917],[-75.605142,6.272934],[-75.605111,6.272952],[-75.605086,6.272978],[-75.605062,6.272996],[-75.605038,6.273018],[-75.605009,6.273023],[-75.604987,6.273037],[-75.604964,6.273053],[-75.60494,6.273068],[-75.604908,6.273066],[-75.604883,6.273072],[-75.60486,6.273087],[-75.604832,6.273088],[-75.604806,6.273094],[-75.604788,6.273115],[-75.604771,6.273149],[-75.604742,6.273177],[-75.604713,6.273194],[-75.604694,6.273226],[-75.604688,6.273261],[-75.604687,6.273298],[-75.604686,6.273331],[-75.604694,6.273358],[-75.60469,6.273386],[-75.604664,6.273402],[-75.604637,6.273405],[-75.604611,6.273416],[-75.604585,6.273425],[-75.604553,6.27344],[-75.604522,6.273442],[-75.604484,6.273454],[-75.604461,6.273481],[-75.604446,6.273505],[-75.604419,6.273523],[-75.604394,6.273551],[-75.604379,6.273574],[-75.604358,6.273605],[-75.604336,6.273644],[-75.604298,6.273669],[-75.604257,6.273684],[-75.604216,6.273693],[-75.604167,6.273698],[-75.604133,6.273694],[-75.604101,6.273682],[-75.604079,6.273667],[-75.604051,6.273652],[-75.604016,6.273637],[-75.603983,6.273608],[-75.603963,6.273583],[-75.603945,6.273563],[-75.603921,6.27354],[-75.603892,6.273516],[-75.603863,6.273505],[-75.603828,6.273496],[-75.603805,6.273482],[-75.603782,6.273467],[-75.60374,6.27345],[-75.603713,6.273424],[-75.603694,6.273406],[-75.603673,6.273389],[-75.603647,6.27335],[-75.603636,6.273315],[-75.603616,6.27329],[-75.603601,6.273268],[-75.603596,6.27324],[-75.60359,6.273202],[-75.603564,6.273194],[-75.603526,6.273201],[-75.603486,6.273208],[-75.603448,6.273205],[-75.60341,6.273194],[-75.603379,6.273157],[-75.60336,6.273126],[-75.603342,6.273104],[-75.60333,6.273081],[-75.603327,6.273046],[-75.603313,6.273014],[-75.603308,6.272988],[-75.603309,6.272961],[-75.603311,6.272932],[-75.603313,6.272904],[-75.603313,6.272876],[-75.603312,6.272847],[-75.603309,6.272809],[-75.603296,6.272774],[-75.603282,6.272738],[-75.60325,6.2727],[-75.603222,6.272679],[-75.603189,6.272691],[-75.603163,6.272693],[-75.603135,6.272697],[-75.603107,6.272716],[-75.603104,6.272748],[-75.603141,6.272738],[-75.603178,6.272743],[-75.603207,6.272762],[-75.60324,6.272804],[-75.603249,6.272894],[-75.603249,6.273041],[-75.603292,6.273234],[-75.603325,6.273343],[-75.603348,6.273381],[-75.603527,6.27356],[-75.603655,6.27365],[-75.603763,6.273689],[-75.603839,6.273721],[-75.603886,6.273764],[-75.603943,6.273858],[-75.603962,6.27391],[-75.604013,6.274058],[-75.604061,6.274135],[-75.60404,6.274168],[-75.604005,6.274166],[-75.603983,6.274151],[-75.603955,6.274124],[-75.60393,6.274088],[-75.603926,6.27405],[-75.603929,6.27402],[-75.603914,6.273986],[-75.603907,6.273951],[-75.6039,6.273926],[-75.603887,6.273899],[-75.603868,6.273876],[-75.603844,6.273853],[-75.603818,6.273828],[-75.603791,6.273803],[-75.603767,6.273792],[-75.603738,6.273788],[-75.603703,6.273787],[-75.603678,6.273787],[-75.603639,6.273795],[-75.6036,6.273812],[-75.603571,6.273817],[-75.603531,6.273802],[-75.603502,6.273778],[-75.603478,6.27376],[-75.603443,6.273745],[-75.603412,6.273735],[-75.603397,6.273762],[-75.603377,6.273788],[-75.603357,6.273811],[-75.603334,6.273839],[-75.603307,6.273872],[-75.603274,6.27389],[-75.603248,6.273892],[-75.603219,6.273882],[-75.603195,6.273862],[-75.603175,6.273839],[-75.603151,6.273817],[-75.60313,6.273793],[-75.603113,6.273768],[-75.6031,6.273746],[-75.603083,6.273726],[-75.603056,6.273714],[-75.603037,6.273733],[-75.603037,6.273764],[-75.60303,6.273802],[-75.603016,6.273829],[-75.603002,6.273851],[-75.602992,6.273879],[-75.602987,6.273916],[-75.602977,6.273949],[-75.602949,6.27397],[-75.602908,6.273986],[-75.602877,6.27399],[-75.602852,6.27399],[-75.602822,6.273984],[-75.602784,6.273967],[-75.602756,6.273937],[-75.602742,6.273904],[-75.602717,6.273871],[-75.602681,6.273878],[-75.602645,6.273888],[-75.602602,6.273919],[-75.60256,6.273932],[-75.602518,6.273926],[-75.602487,6.273928],[-75.602456,6.27393],[-75.602416,6.273931],[-75.602386,6.27394],[-75.602357,6.273954],[-75.602326,6.273972],[-75.602294,6.273994],[-75.602265,6.274009],[-75.602238,6.274026],[-75.602207,6.274045],[-75.602175,6.274065],[-75.602143,6.274079],[-75.602109,6.27409],[-75.602071,6.274097],[-75.602039,6.274102],[-75.602009,6.27411],[-75.601984,6.27412],[-75.601949,6.274132],[-75.601908,6.274129],[-75.601871,6.274116],[-75.601835,6.274108],[-75.601803,6.274108],[-75.601777,6.274108],[-75.601752,6.274104],[-75.601721,6.274093],[-75.60169,6.274073],[-75.601671,6.274047],[-75.601658,6.274022],[-75.601644,6.274],[-75.601625,6.273978],[-75.601609,6.273957],[-75.601594,6.273935],[-75.601584,6.273909],[-75.601573,6.273884],[-75.601536,6.273878],[-75.601505,6.273872],[-75.601477,6.27387],[-75.601448,6.273874],[-75.601417,6.273877],[-75.601385,6.273878],[-75.601359,6.273874],[-75.601334,6.273868],[-75.601299,6.273851],[-75.601268,6.27383],[-75.601242,6.273803],[-75.601209,6.273773],[-75.601184,6.273752],[-75.60116,6.273731],[-75.601128,6.273712],[-75.601094,6.273703],[-75.60107,6.273687],[-75.601056,6.273665],[-75.601047,6.273635],[-75.601046,6.273603],[-75.601048,6.273577],[-75.601044,6.273546],[-75.601036,6.273516],[-75.601022,6.273494],[-75.600997,6.273482],[-75.600966,6.273486],[-75.600935,6.27349],[-75.6009,6.273503],[-75.600862,6.273501],[-75.600826,6.273491],[-75.600798,6.273497],[-75.600761,6.273522],[-75.600725,6.273534],[-75.600687,6.273537],[-75.60065,6.273531],[-75.600619,6.273536],[-75.60059,6.273541],[-75.600553,6.273543],[-75.600511,6.273527],[-75.600472,6.273518],[-75.600443,6.273528],[-75.600406,6.273534],[-75.600368,6.273529],[-75.600341,6.273516],[-75.600319,6.273502],[-75.600295,6.273487],[-75.600274,6.273471],[-75.600252,6.273455],[-75.600229,6.273442],[-75.600196,6.27343],[-75.60016,6.273423],[-75.600127,6.273426],[-75.600091,6.273431],[-75.600058,6.273417],[-75.600029,6.273393],[-75.600006,6.273363],[-75.599991,6.273322],[-75.599968,6.273284],[-75.59995,6.273257],[-75.59994,6.273226],[-75.599929,6.273198],[-75.599909,6.273168],[-75.599895,6.27314],[-75.59988,6.273111],[-75.599862,6.27308],[-75.599833,6.273054],[-75.599762,6.272933],[-75.599704,6.272872],[-75.599618,6.272793],[-75.599582,6.272742],[-75.599568,6.272701],[-75.599566,6.272675],[-75.599574,6.272608],[-75.599597,6.272519],[-75.599625,6.272457],[-75.599797,6.272265],[-75.59998,6.272059],[-75.60008,6.271939],[-75.600098,6.271886],[-75.600141,6.271828],[-75.600218,6.271777],[-75.60036,6.271675],[-75.600476,6.271565],[-75.600611,6.271503],[-75.600885,6.27143],[-75.601125,6.271357],[-75.601161,6.271328],[-75.601187,6.271291],[-75.601194,6.271255],[-75.60119,6.271204],[-75.601179,6.271134],[-75.601161,6.271077],[-75.601074,6.270925],[-75.601008,6.270843],[-75.600953,6.270813],[-75.600888,6.270808],[-75.600804,6.270811],[-75.60072,6.270822],[-75.600662,6.270822],[-75.600604,6.270808],[-75.600553,6.27079],[-75.60038,6.270717],[-75.600398,6.270691],[-75.600434,6.270687],[-75.600468,6.270697],[-75.600502,6.270703],[-75.600529,6.270695],[-75.600522,6.270664],[-75.600515,6.270634],[-75.600524,6.2706],[-75.600501,6.270576],[-75.600478,6.270557],[-75.600458,6.270525],[-75.600423,6.27049],[-75.600395,6.270479],[-75.60037,6.270468],[-75.600338,6.27045],[-75.600304,6.270438],[-75.600273,6.270431],[-75.600246,6.27042],[-75.600224,6.270405],[-75.600203,6.270391],[-75.600205,6.270362],[-75.600231,6.270342],[-75.600257,6.270341],[-75.600288,6.270341],[-75.60033,6.270333],[-75.600383,6.270327],[-75.600409,6.270298],[-75.60039,6.270259],[-75.600364,6.270221],[-75.600362,6.270193],[-75.600379,6.270167],[-75.600402,6.270146],[-75.600427,6.270128],[-75.600458,6.270111],[-75.600483,6.270095],[-75.60051,6.270074],[-75.600533,6.270054],[-75.600563,6.270029],[-75.600596,6.270002],[-75.600636,6.269978],[-75.600605,6.269956],[-75.600568,6.269946],[-75.600527,6.269945],[-75.600489,6.269935],[-75.600489,6.269899],[-75.600433,6.269911],[-75.600394,6.269901],[-75.600367,6.269875],[-75.600331,6.269887],[-75.600304,6.269865],[-75.600274,6.269862],[-75.600244,6.269873],[-75.60021,6.269888],[-75.60018,6.269889],[-75.600156,6.269872],[-75.600116,6.269864],[-75.600078,6.269874],[-75.600047,6.269869],[-75.600019,6.269866],[-75.6,6.269834],[-75.600001,6.269793],[-75.600019,6.269763],[-75.600037,6.269737],[-75.60004,6.269709],[-75.600049,6.269678],[-75.600079,6.269659],[-75.600114,6.269668],[-75.600143,6.269676],[-75.600176,6.269677],[-75.600211,6.269677],[-75.600238,6.269675],[-75.600261,6.269662],[-75.600278,6.269637],[-75.600291,6.269607],[-75.600284,6.269578],[-75.600303,6.269555],[-75.600333,6.269533],[-75.600346,6.269498],[-75.600347,6.269462],[-75.600365,6.269442],[-75.600391,6.269425],[-75.6004,6.2694],[-75.600385,6.269378],[-75.600354,6.269365],[-75.600326,6.269352],[-75.600314,6.269323],[-75.600303,6.269289],[-75.600312,6.269257],[-75.60033,6.269226],[-75.600343,6.269183],[-75.60037,6.269168],[-75.6004,6.269163],[-75.600394,6.269136],[-75.600367,6.269118],[-75.60033,6.269116],[-75.600296,6.269105],[-75.600267,6.269084],[-75.600249,6.269054],[-75.600256,6.269029],[-75.600273,6.269003],[-75.60031,6.26898],[-75.600337,6.268949],[-75.600337,6.268921],[-75.600308,6.268905],[-75.600279,6.268873],[-75.600284,6.268836],[-75.600284,6.268804],[-75.60029,6.268776],[-75.600322,6.26876],[-75.600354,6.268758],[-75.600384,6.268764],[-75.600419,6.268779],[-75.600454,6.2688],[-75.600488,6.268819],[-75.600521,6.26882],[-75.60055,6.268813],[-75.600578,6.268809],[-75.600596,6.268837],[-75.600616,6.268885],[-75.600641,6.268907],[-75.600637,6.26894],[-75.600656,6.268967],[-75.600649,6.268998],[-75.600689,6.269007],[-75.600722,6.269013],[-75.600755,6.26902],[-75.600794,6.269038],[-75.600835,6.26905],[-75.600884,6.269056],[-75.600914,6.269063],[-75.600939,6.269081],[-75.600978,6.2691],[-75.601014,6.269094],[-75.601043,6.26909],[-75.60107,6.269101],[-75.601093,6.269112],[-75.601117,6.269093],[-75.601147,6.269079],[-75.601183,6.269086],[-75.601195,6.269054],[-75.601214,6.269023],[-75.601251,6.269008],[-75.601286,6.26901],[-75.601316,6.26901],[-75.601348,6.269005],[-75.60139,6.268987],[-75.601431,6.268969],[-75.601462,6.268965],[-75.601489,6.268965],[-75.601515,6.268963],[-75.601541,6.268959],[-75.601567,6.268955],[-75.601606,6.268958],[-75.60165,6.268973],[-75.601693,6.268989],[-75.601728,6.269005],[-75.601761,6.269023],[-75.601786,6.26904],[-75.601806,6.269058],[-75.601841,6.269061],[-75.601875,6.269048],[-75.601905,6.269034],[-75.601943,6.269027],[-75.601963,6.269065],[-75.601977,6.269098],[-75.601997,6.269123],[-75.602026,6.26914],[-75.602056,6.269151],[-75.602098,6.26916],[-75.602145,6.26917],[-75.602181,6.269162],[-75.602217,6.269157],[-75.602247,6.269141],[-75.602272,6.269124],[-75.6023,6.269098],[-75.60235,6.269068],[-75.60239,6.269052],[-75.602424,6.269033],[-75.602459,6.269006],[-75.60249,6.268977],[-75.602513,6.268955],[-75.602538,6.268935],[-75.602566,6.268948],[-75.602548,6.268979],[-75.602543,6.269011],[-75.602566,6.269031],[-75.60257,6.26906],[-75.602598,6.269053],[-75.602619,6.269037],[-75.602648,6.269014],[-75.60269,6.268988],[-75.602721,6.268968],[-75.602753,6.268951],[-75.602793,6.268941],[-75.60282,6.268918],[-75.602849,6.268906],[-75.602878,6.268896],[-75.602906,6.268888],[-75.602936,6.268882],[-75.602971,6.268878],[-75.603006,6.268868],[-75.603042,6.26886],[-75.603077,6.268861],[-75.603104,6.268861],[-75.603127,6.26885],[-75.603142,6.268813],[-75.603177,6.268795],[-75.603217,6.268778],[-75.603242,6.268762],[-75.603269,6.268751],[-75.603297,6.268742],[-75.603326,6.268731],[-75.603363,6.268735],[-75.603396,6.268743],[-75.603413,6.268717],[-75.603414,6.268685],[-75.603431,6.268662],[-75.603462,6.268653],[-75.603495,6.268639],[-75.603524,6.268623],[-75.603553,6.26861],[-75.603588,6.268603],[-75.603625,6.268607],[-75.603655,6.268617],[-75.60368,6.26862],[-75.603706,6.26862],[-75.603732,6.268621],[-75.603761,6.268632],[-75.603781,6.268652],[-75.603793,6.268685],[-75.603821,6.268678],[-75.603855,6.268671],[-75.603885,6.268675],[-75.603919,6.268681],[-75.603945,6.268651],[-75.603964,6.268631],[-75.603985,6.26861],[-75.604006,6.268583],[-75.604035,6.268601],[-75.604066,6.268622],[-75.604095,6.268633],[-75.604126,6.268634],[-75.604152,6.268647],[-75.604174,6.268668],[-75.604213,6.268666],[-75.604257,6.268673],[-75.604286,6.268685],[-75.604305,6.268707],[-75.604317,6.268733],[-75.604329,6.268768],[-75.604357,6.268792],[-75.604379,6.268772],[-75.604404,6.268752],[-75.604437,6.268753],[-75.604472,6.268769],[-75.604514,6.268783],[-75.60455,6.268805],[-75.60455,6.268837],[-75.604569,6.268856],[-75.604565,6.268885],[-75.604576,6.268913],[-75.604613,6.268926],[-75.604645,6.268901],[-75.604653,6.268869],[-75.604655,6.268834],[-75.604659,6.2688],[-75.604663,6.268773],[-75.604669,6.268744],[-75.60468,6.268698],[-75.604686,6.268657],[-75.604689,6.26859],[-75.60469,6.26855],[-75.604681,6.268506],[-75.604659,6.268475],[-75.604625,6.268439],[-75.604605,6.268412],[-75.604593,6.268387],[-75.604581,6.268364],[-75.604566,6.268335],[-75.604544,6.268303],[-75.604522,6.268283],[-75.604485,6.268251],[-75.60445,6.26822],[-75.604418,6.268198],[-75.604379,6.268177],[-75.604356,6.268167],[-75.604327,6.268151],[-75.604294,6.268129],[-75.60425,6.268101],[-75.604227,6.268086],[-75.604176,6.268055],[-75.604141,6.268034],[-75.604109,6.268014],[-75.604083,6.267999],[-75.604023,6.267961],[-75.604064,6.267908],[-75.60408,6.267888],[-75.604097,6.267866],[-75.604122,6.267837],[-75.60415,6.2678],[-75.604174,6.26777],[-75.604192,6.267748],[-75.604213,6.267723],[-75.60423,6.267698],[-75.604251,6.267674],[-75.604275,6.267639],[-75.604301,6.267602],[-75.604324,6.267577],[-75.604345,6.267549],[-75.604374,6.267512],[-75.604398,6.267483],[-75.604417,6.267457],[-75.60446,6.267408],[-75.604494,6.26736],[-75.604523,6.267324],[-75.604543,6.267297],[-75.604557,6.267272],[-75.604594,6.267223],[-75.604625,6.267187],[-75.604645,6.267159],[-75.604663,6.267133],[-75.604683,6.267111],[-75.604711,6.267084],[-75.604737,6.267054],[-75.604754,6.267033],[-75.604768,6.267007],[-75.604759,6.266972],[-75.604758,6.266944],[-75.604755,6.266916],[-75.604752,6.266875],[-75.604717,6.266733],[-75.604702,6.266696],[-75.604699,6.266668],[-75.604706,6.266639],[-75.604719,6.266613],[-75.604732,6.266587],[-75.604737,6.266558],[-75.604732,6.266513],[-75.604717,6.266477],[-75.604699,6.266453],[-75.604678,6.266432],[-75.604657,6.266413],[-75.604636,6.266393],[-75.604613,6.266375],[-75.604591,6.266358],[-75.604566,6.266344],[-75.604548,6.266326],[-75.604486,6.266272],[-75.604453,6.266254],[-75.604427,6.266243],[-75.604403,6.266228],[-75.604396,6.266201],[-75.604404,6.266161],[-75.60441,6.266117],[-75.604411,6.266087],[-75.604415,6.266059],[-75.604417,6.266028],[-75.60442,6.265999],[-75.60443,6.265972],[-75.604441,6.265946],[-75.604454,6.26591],[-75.604459,6.265777],[-75.604471,6.265753],[-75.604497,6.265739],[-75.604528,6.265726],[-75.604563,6.265732],[-75.604683,6.265797],[-75.604707,6.265812],[-75.604758,6.265835],[-75.604785,6.265847],[-75.604824,6.26586],[-75.604861,6.265871],[-75.605001,6.265916],[-75.605025,6.265934],[-75.605047,6.265954],[-75.605058,6.26598],[-75.60506,6.266058],[-75.605055,6.266085],[-75.605049,6.266112],[-75.605047,6.266142],[-75.605051,6.266171],[-75.605064,6.266198],[-75.605077,6.266226],[-75.605092,6.26625],[-75.60511,6.266271],[-75.605129,6.266293],[-75.605146,6.266315],[-75.605164,6.266337],[-75.605165,6.266365],[-75.60514,6.266416],[-75.605134,6.266443],[-75.60515,6.266468],[-75.60516,6.266526],[-75.605175,6.26658],[-75.605192,6.266604],[-75.605207,6.266627],[-75.605233,6.26664],[-75.605258,6.266651],[-75.605286,6.266661],[-75.605316,6.266668],[-75.605371,6.266684],[-75.605402,6.266704],[-75.605416,6.26673],[-75.605422,6.266757],[-75.605426,6.266786],[-75.605438,6.266813],[-75.605453,6.266839],[-75.605473,6.266859],[-75.605497,6.266876],[-75.605517,6.266897],[-75.605538,6.266918],[-75.605571,6.266937],[-75.605707,6.266966],[-75.605731,6.266981],[-75.605754,6.267003],[-75.605774,6.267037],[-75.605788,6.267079],[-75.605793,6.267108],[-75.605791,6.267137],[-75.605774,6.267182],[-75.605755,6.267218],[-75.605737,6.267242],[-75.605716,6.267274],[-75.605708,6.267309],[-75.60569,6.267338],[-75.605687,6.26737],[-75.605716,6.267371],[-75.605745,6.267347],[-75.605773,6.267304],[-75.605803,6.267281],[-75.605838,6.267286],[-75.605875,6.267283],[-75.605903,6.26727],[-75.60593,6.267235],[-75.605934,6.267207],[-75.605934,6.267178],[-75.605931,6.267143],[-75.60594,6.267105],[-75.605962,6.267073],[-75.605987,6.267059],[-75.606003,6.267027],[-75.606044,6.266968],[-75.606066,6.266942],[-75.606094,6.266924],[-75.606133,6.266914],[-75.606165,6.266903],[-75.606189,6.26689],[-75.606216,6.266866],[-75.60625,6.266852],[-75.606291,6.26684],[-75.606324,6.266825],[-75.606356,6.266807],[-75.606392,6.266789],[-75.606441,6.266772],[-75.606485,6.266772],[-75.606517,6.266769],[-75.606554,6.266748],[-75.606597,6.26674],[-75.606646,6.26674],[-75.606692,6.266765],[-75.606725,6.266784],[-75.606767,6.266795],[-75.606807,6.266824],[-75.606848,6.26684],[-75.6069,6.266849],[-75.606927,6.266852],[-75.606961,6.266854],[-75.606994,6.266845],[-75.607032,6.26684],[-75.60707,6.266838],[-75.607107,6.266847],[-75.607132,6.26686],[-75.607169,6.266876],[-75.607203,6.266884],[-75.60725,6.266886],[-75.607282,6.266888],[-75.607311,6.266892],[-75.607346,6.266897],[-75.607373,6.266903],[-75.607395,6.266919],[-75.607464,6.266943],[-75.607511,6.266949],[-75.607553,6.266964],[-75.607643,6.266985],[-75.607678,6.266992],[-75.607713,6.266997],[-75.607746,6.267002],[-75.607781,6.267014],[-75.607808,6.267023],[-75.607855,6.26704],[-75.607887,6.267043],[-75.607896,6.267014],[-75.607894,6.266982],[-75.607897,6.266872],[-75.607884,6.26685],[-75.607835,6.266814],[-75.607798,6.266727],[-75.607803,6.266696],[-75.607813,6.26667],[-75.60783,6.26665],[-75.60784,6.266624],[-75.607844,6.266593],[-75.607818,6.266571],[-75.60779,6.266555],[-75.607791,6.266525],[-75.607807,6.266502],[-75.607829,6.266485],[-75.60785,6.266466],[-75.607876,6.266456],[-75.607906,6.266455],[-75.607934,6.266456],[-75.607961,6.266449],[-75.607988,6.26644],[-75.608011,6.266424],[-75.60804,6.266406],[-75.608076,6.266376],[-75.608085,6.266334],[-75.608103,6.266314],[-75.60813,6.266304],[-75.608151,6.266286],[-75.608174,6.266269],[-75.608187,6.266245],[-75.608208,6.266229],[-75.608233,6.266226],[-75.608262,6.266229],[-75.608297,6.266233],[-75.608302,6.266199],[-75.608289,6.266174],[-75.60828,6.266134],[-75.608281,6.266092],[-75.608301,6.26605],[-75.608332,6.266022],[-75.608361,6.266025],[-75.608386,6.266038],[-75.608407,6.266056],[-75.608426,6.26608],[-75.608443,6.266103],[-75.608462,6.266125],[-75.608486,6.266147],[-75.608524,6.266174],[-75.608553,6.266196],[-75.608577,6.266211],[-75.608601,6.266227],[-75.608622,6.266246],[-75.608647,6.266262],[-75.608673,6.266273],[-75.608698,6.266287],[-75.608727,6.266294],[-75.608761,6.266294],[-75.608742,6.266264],[-75.608729,6.266227],[-75.60872,6.266189],[-75.608719,6.26616],[-75.608712,6.266133],[-75.608707,6.266106],[-75.608702,6.266079],[-75.608704,6.266052],[-75.608723,6.266031],[-75.608749,6.266013],[-75.608741,6.265969],[-75.608728,6.265944],[-75.608714,6.26592],[-75.608695,6.265883],[-75.608614,6.265784],[-75.608584,6.265756],[-75.608558,6.265729],[-75.608541,6.265698],[-75.608562,6.265668],[-75.608591,6.265674],[-75.608625,6.265699],[-75.608655,6.265709],[-75.608688,6.265696],[-75.608719,6.26569],[-75.60886,6.265697],[-75.608889,6.265698],[-75.608916,6.26569],[-75.60894,6.265675],[-75.608964,6.265661],[-75.608992,6.26565],[-75.60902,6.265644],[-75.609049,6.265631],[-75.609073,6.265606],[-75.609043,6.265561],[-75.609013,6.265541],[-75.608987,6.265532],[-75.60896,6.265524],[-75.608934,6.26551],[-75.608911,6.265495],[-75.608886,6.265479],[-75.608864,6.265461],[-75.608847,6.265438],[-75.608828,6.265402],[-75.608816,6.265365],[-75.608809,6.265336],[-75.608819,6.26531],[-75.608842,6.265294],[-75.608866,6.26528],[-75.608891,6.265266],[-75.608918,6.265258],[-75.608971,6.265247],[-75.609045,6.265225],[-75.609069,6.265209],[-75.609092,6.265192],[-75.609116,6.265175],[-75.609131,6.265151],[-75.60915,6.265129],[-75.609179,6.265102],[-75.609199,6.265065],[-75.609153,6.265012],[-75.609132,6.264993],[-75.609108,6.264978],[-75.609082,6.264967],[-75.609056,6.264956],[-75.609028,6.264952],[-75.609001,6.264959],[-75.608967,6.264966],[-75.608814,6.264978],[-75.608785,6.264978],[-75.608755,6.264976],[-75.608725,6.26497],[-75.608698,6.264961],[-75.608669,6.264953],[-75.608635,6.264937],[-75.608778,6.264914],[-75.608891,6.264883],[-75.60897,6.264855],[-75.609007,6.264837],[-75.609057,6.264814],[-75.609097,6.2648],[-75.609129,6.264787],[-75.609168,6.264785],[-75.609206,6.264791],[-75.609242,6.264797],[-75.609277,6.264802],[-75.609319,6.264808],[-75.609358,6.264815],[-75.609405,6.264821],[-75.60945,6.264829],[-75.609491,6.264837],[-75.609518,6.264843],[-75.60955,6.264851],[-75.60958,6.264858],[-75.609612,6.264866],[-75.609645,6.264874],[-75.609672,6.264877],[-75.609672,6.264833],[-75.609701,6.264809],[-75.609736,6.264796],[-75.609772,6.264785],[-75.609806,6.26477],[-75.60984,6.264755],[-75.609866,6.264744],[-75.609891,6.264732],[-75.609924,6.264716],[-75.609959,6.264702],[-75.609984,6.264689],[-75.610008,6.264674],[-75.61004,6.264654],[-75.610069,6.26463],[-75.610087,6.264608],[-75.610102,6.264585],[-75.610123,6.264554],[-75.610146,6.264539],[-75.610174,6.264538],[-75.610212,6.264543],[-75.610247,6.264553],[-75.610284,6.264556],[-75.610316,6.264574],[-75.61034,6.264603],[-75.610371,6.26462],[-75.610408,6.264622],[-75.610445,6.264617],[-75.610472,6.264612],[-75.610497,6.264599],[-75.610532,6.264585],[-75.61057,6.264579],[-75.610709,6.264546],[-75.610745,6.264544],[-75.610778,6.264526],[-75.6108,6.264509],[-75.610822,6.264492],[-75.610845,6.264477],[-75.61087,6.264463],[-75.610903,6.264446],[-75.610936,6.264428],[-75.610969,6.264411],[-75.611003,6.264396],[-75.611037,6.264382],[-75.611072,6.26437],[-75.611107,6.264357],[-75.611134,6.264348],[-75.611159,6.264336],[-75.611192,6.264319],[-75.611222,6.264296],[-75.611249,6.26427],[-75.611282,6.264255],[-75.61131,6.264246],[-75.611337,6.264242],[-75.611374,6.264241],[-75.611412,6.264236],[-75.611439,6.264229],[-75.61146,6.264211],[-75.611479,6.26419],[-75.611495,6.264167],[-75.611516,6.264136],[-75.611536,6.264115],[-75.611558,6.264097],[-75.611587,6.264073],[-75.611608,6.264055],[-75.61167,6.263988],[-75.611701,6.263954],[-75.611738,6.263924],[-75.611788,6.26391],[-75.611825,6.263903],[-75.611862,6.2639],[-75.611899,6.2639],[-75.611946,6.263915],[-75.611984,6.263935],[-75.612018,6.263949],[-75.612055,6.26395],[-75.612092,6.263951],[-75.612132,6.263951],[-75.612169,6.26395],[-75.612193,6.263962],[-75.612217,6.263974],[-75.612253,6.263969],[-75.612289,6.263961],[-75.612322,6.263972],[-75.612345,6.264002],[-75.61236,6.264026],[-75.612373,6.264051],[-75.612391,6.264084],[-75.61241,6.264115],[-75.612433,6.264145],[-75.612452,6.264176],[-75.612467,6.264211],[-75.61248,6.264246],[-75.61249,6.264284],[-75.612497,6.264311],[-75.612506,6.264337],[-75.612513,6.264364],[-75.612518,6.264392],[-75.612525,6.264419],[-75.612532,6.264445],[-75.612521,6.264469],[-75.612497,6.264483],[-75.612465,6.2645],[-75.612444,6.264518],[-75.61242,6.264529],[-75.6124,6.26456],[-75.61239,6.264596],[-75.612385,6.264633],[-75.612385,6.26467],[-75.612388,6.264708],[-75.612395,6.264735],[-75.612402,6.264762],[-75.612408,6.264799],[-75.612411,6.264836],[-75.612412,6.264874],[-75.612408,6.264901],[-75.612398,6.264927],[-75.612374,6.264955],[-75.612346,6.264978],[-75.61231,6.264987],[-75.612273,6.264992],[-75.612238,6.264996],[-75.612223,6.265028],[-75.612223,6.265066],[-75.612229,6.265094],[-75.61224,6.265118],[-75.612256,6.26514],[-75.612269,6.265165],[-75.612282,6.265191],[-75.612295,6.265216],[-75.612308,6.26524],[-75.612324,6.265264],[-75.612331,6.26529],[-75.612325,6.265317],[-75.612299,6.265342],[-75.612265,6.26536],[-75.612245,6.265395],[-75.612241,6.265425],[-75.612239,6.265469],[-75.612287,6.265488],[-75.612317,6.265505],[-75.612347,6.265522],[-75.612377,6.265539],[-75.612401,6.265548],[-75.612429,6.26555],[-75.612466,6.26555],[-75.612503,6.26555],[-75.61254,6.265551],[-75.612568,6.265551],[-75.612592,6.265564],[-75.61262,6.265588],[-75.612643,6.265618],[-75.612667,6.265647],[-75.612681,6.265681],[-75.6127,6.265712],[-75.61273,6.265732],[-75.612741,6.265756],[-75.61275,6.265784],[-75.612764,6.265817],[-75.612769,6.265854],[-75.612754,6.265887],[-75.612728,6.265913],[-75.612698,6.265935],[-75.612677,6.265964],[-75.612654,6.265995],[-75.61263,6.266022],[-75.612621,6.266048],[-75.612613,6.266075],[-75.612615,6.266111],[-75.612638,6.26614],[-75.612661,6.266157],[-75.612685,6.266171],[-75.612711,6.266175],[-75.612738,6.266183],[-75.612772,6.266198],[-75.612798,6.266223],[-75.6128,6.266259],[-75.612794,6.266287],[-75.612786,6.266314],[-75.61278,6.266351],[-75.61278,6.266388],[-75.612797,6.26642],[-75.612813,6.266454],[-75.612817,6.26649],[-75.612815,6.266527],[-75.612811,6.266565],[-75.612818,6.266592],[-75.612834,6.266614],[-75.612868,6.266621],[-75.612923,6.266596],[-75.612952,6.266583],[-75.612988,6.266573],[-75.613016,6.266569],[-75.613044,6.266566],[-75.613081,6.266565],[-75.613118,6.266563],[-75.613155,6.266565],[-75.613193,6.266569],[-75.613227,6.266582],[-75.61325,6.26661],[-75.61328,6.26663],[-75.613316,6.266634],[-75.613338,6.266619],[-75.613357,6.266598],[-75.6134,6.266587],[-75.613599,6.266479],[-75.613664,6.266468],[-75.613708,6.266485],[-75.613683,6.266559],[-75.613642,6.266673],[-75.613569,6.266845],[-75.613551,6.266878],[-75.6135,6.266996],[-75.613466,6.267052],[-75.613445,6.267084],[-75.613501,6.26716],[-75.613529,6.26721],[-75.613544,6.267233],[-75.61356,6.267256],[-75.613575,6.26729],[-75.61359,6.267315],[-75.613608,6.267335],[-75.613674,6.267413],[-75.613695,6.267431],[-75.613713,6.267452],[-75.613729,6.267476],[-75.61374,6.267501],[-75.613755,6.267535],[-75.613762,6.267572],[-75.613762,6.2676],[-75.613731,6.267659],[-75.613721,6.267704],[-75.613708,6.267739],[-75.613706,6.267794],[-75.61371,6.267821],[-75.613719,6.267887],[-75.613734,6.267931],[-75.613749,6.267965],[-75.613776,6.268014],[-75.613792,6.268036],[-75.613821,6.268061],[-75.613851,6.268077],[-75.613868,6.268102],[-75.613885,6.268138],[-75.613902,6.268174],[-75.613921,6.268206],[-75.613932,6.268239],[-75.613945,6.268277],[-75.61397,6.268321],[-75.613989,6.268342],[-75.614032,6.2684],[-75.61405,6.268421],[-75.614075,6.268455],[-75.614094,6.268483],[-75.614144,6.26855],[-75.614183,6.268566],[-75.614257,6.268574],[-75.614284,6.268581],[-75.61432,6.268592],[-75.614356,6.268597],[-75.614392,6.268589],[-75.614425,6.268599],[-75.61444,6.268632],[-75.614441,6.26866],[-75.614424,6.268682],[-75.614395,6.268704],[-75.61436,6.268714],[-75.614336,6.268739],[-75.614327,6.268775],[-75.614318,6.268801],[-75.614313,6.268829],[-75.614307,6.268866],[-75.614306,6.268903],[-75.614321,6.268936],[-75.614337,6.268959],[-75.614355,6.26898],[-75.614381,6.269007],[-75.614413,6.269021],[-75.61445,6.269018],[-75.614486,6.269008],[-75.614513,6.268998],[-75.614537,6.268984],[-75.614559,6.268968],[-75.614583,6.268954],[-75.614609,6.268944],[-75.614635,6.268933],[-75.61467,6.268927],[-75.614707,6.268931],[-75.614733,6.26894],[-75.61476,6.268948],[-75.614798,6.268953],[-75.614835,6.268956],[-75.614872,6.268959],[-75.614909,6.268963],[-75.614935,6.268972],[-75.614981,6.269009],[-75.615021,6.268996],[-75.615047,6.268987],[-75.615074,6.268978],[-75.6151,6.268967],[-75.615126,6.268959],[-75.615153,6.268952],[-75.615181,6.268945],[-75.615207,6.268938],[-75.615235,6.268932],[-75.615272,6.268931],[-75.615368,6.268953],[-75.615396,6.268957],[-75.615424,6.26896],[-75.615461,6.268963],[-75.615487,6.26897],[-75.615527,6.268991],[-75.61556,6.269013],[-75.615589,6.269035],[-75.615609,6.269062],[-75.615623,6.269086],[-75.615637,6.269115],[-75.615654,6.269156],[-75.615663,6.269186],[-75.615665,6.269218],[-75.615667,6.269248],[-75.615672,6.269275],[-75.615677,6.269303],[-75.615677,6.269331],[-75.615676,6.269381],[-75.615676,6.269409],[-75.615679,6.269458],[-75.615687,6.269495],[-75.615696,6.269527],[-75.615703,6.269554],[-75.615707,6.269583],[-75.615713,6.269611],[-75.61572,6.269638],[-75.615724,6.269666],[-75.615733,6.269693],[-75.615758,6.269714],[-75.615765,6.269744],[-75.615753,6.269782],[-75.615746,6.269808],[-75.615733,6.269845],[-75.615717,6.269875],[-75.615712,6.26991],[-75.615735,6.269895],[-75.61576,6.269882],[-75.615786,6.269873],[-75.615822,6.269862],[-75.61585,6.269855],[-75.61588,6.269856],[-75.615911,6.269829],[-75.61597,6.269754],[-75.615993,6.269732],[-75.616017,6.269709],[-75.616047,6.269686],[-75.616075,6.269661],[-75.616094,6.26963],[-75.616112,6.269597],[-75.616138,6.26957],[-75.61617,6.269551],[-75.616205,6.269539],[-75.616241,6.269539],[-75.616277,6.26955],[-75.616305,6.269554],[-75.616332,6.269555],[-75.61636,6.269553],[-75.616386,6.269557],[-75.61641,6.269585],[-75.616425,6.269608],[-75.616441,6.269632],[-75.616456,6.269656],[-75.616472,6.269679],[-75.616495,6.269708],[-75.616518,6.269737],[-75.616541,6.269767],[-75.616572,6.269788],[-75.616597,6.269799],[-75.616624,6.269804],[-75.616662,6.269805],[-75.616699,6.269798],[-75.616725,6.269789],[-75.616752,6.26978],[-75.616778,6.26977],[-75.616805,6.269761],[-75.616842,6.269754],[-75.61688,6.269752],[-75.616918,6.269751],[-75.616945,6.269756],[-75.616967,6.269774],[-75.616985,6.269797],[-75.616999,6.269821],[-75.617013,6.269844],[-75.617031,6.269866],[-75.617058,6.269891],[-75.617081,6.269908],[-75.61711,6.269911],[-75.617099,6.269873],[-75.617088,6.269836],[-75.617077,6.269805],[-75.617073,6.269772],[-75.617074,6.26973],[-75.617079,6.269678],[-75.617078,6.26965],[-75.617081,6.269617],[-75.617088,6.26958],[-75.617095,6.269551],[-75.617099,6.269523],[-75.617102,6.269496],[-75.61709,6.269464],[-75.617074,6.269429],[-75.617056,6.269399],[-75.617043,6.269366],[-75.61703,6.269341],[-75.61701,6.269311],[-75.616992,6.269283],[-75.616979,6.269256],[-75.616963,6.269233],[-75.616949,6.269209],[-75.616934,6.269185],[-75.616926,6.269159],[-75.616915,6.269133],[-75.616902,6.269107],[-75.616885,6.269079],[-75.616866,6.269047],[-75.616851,6.269023],[-75.616833,6.269001],[-75.616816,6.268979],[-75.616797,6.268952],[-75.616782,6.268918],[-75.616773,6.26889],[-75.616767,6.268863],[-75.616769,6.268836],[-75.616783,6.268812],[-75.616792,6.268785],[-75.616784,6.268757],[-75.616769,6.268736],[-75.616757,6.268713],[-75.616745,6.268672],[-75.616733,6.26864],[-75.616718,6.268601],[-75.6167,6.268562],[-75.616687,6.268524],[-75.616678,6.268497],[-75.616663,6.268467],[-75.616639,6.268438],[-75.616617,6.268414],[-75.616601,6.268381],[-75.616563,6.268229],[-75.616506,6.268069],[-75.616487,6.268035],[-75.616466,6.268004],[-75.616447,6.26797],[-75.616431,6.267948],[-75.616416,6.267924],[-75.616398,6.267891],[-75.616378,6.26786],[-75.616356,6.267829],[-75.616337,6.267796],[-75.616314,6.267767],[-75.616295,6.267747],[-75.616282,6.267721],[-75.616265,6.267686],[-75.616251,6.267661],[-75.616237,6.267636],[-75.616223,6.267611],[-75.616212,6.267584],[-75.616196,6.267551],[-75.616185,6.267524],[-75.616172,6.267497],[-75.616155,6.267462],[-75.616144,6.267436],[-75.616134,6.267408],[-75.616124,6.26738],[-75.616112,6.267354],[-75.616099,6.267327],[-75.616085,6.267302],[-75.616061,6.267274],[-75.616039,6.267242],[-75.616019,6.267209],[-75.616001,6.267175],[-75.615991,6.26714],[-75.615991,6.267111],[-75.615991,6.267083],[-75.61599,6.267036],[-75.615988,6.267007],[-75.615986,6.266979],[-75.615984,6.266951],[-75.615976,6.266923],[-75.615965,6.266897],[-75.615954,6.26687],[-75.615943,6.266844],[-75.615929,6.26682],[-75.615915,6.266795],[-75.615895,6.266762],[-75.615858,6.266719],[-75.615832,6.26669],[-75.615805,6.266663],[-75.61578,6.266636],[-75.615766,6.266611],[-75.615756,6.266584],[-75.615743,6.266547],[-75.615734,6.26651],[-75.615724,6.266473],[-75.615715,6.266446],[-75.615706,6.266418],[-75.615689,6.266385],[-75.615675,6.26636],[-75.61566,6.266337],[-75.615643,6.266315],[-75.615626,6.266291],[-75.615609,6.266259],[-75.615606,6.266231],[-75.615607,6.266203],[-75.615605,6.266165],[-75.6156,6.266137],[-75.615598,6.266109],[-75.615596,6.266052],[-75.615582,6.266018],[-75.615555,6.265995],[-75.615519,6.265986],[-75.615491,6.265981],[-75.615467,6.265968],[-75.615444,6.265951],[-75.61542,6.265935],[-75.615397,6.265907],[-75.615378,6.265873],[-75.615361,6.265839],[-75.615345,6.265805],[-75.615332,6.26578],[-75.615321,6.265755],[-75.615307,6.265729],[-75.615289,6.265708],[-75.615267,6.265691],[-75.615245,6.265674],[-75.615215,6.265651],[-75.615193,6.265632],[-75.615174,6.265612],[-75.615153,6.265593],[-75.61513,6.265576],[-75.615109,6.265557],[-75.615089,6.265536],[-75.615062,6.265509],[-75.615038,6.265482],[-75.615016,6.26545],[-75.614997,6.265418],[-75.614989,6.265391],[-75.614986,6.265363],[-75.614985,6.265325],[-75.614987,6.265296],[-75.61499,6.265268],[-75.614994,6.26523],[-75.614997,6.265183],[-75.614997,6.265135],[-75.614993,6.265106],[-75.614984,6.26508],[-75.614964,6.265049],[-75.614944,6.265029],[-75.614929,6.265006],[-75.614903,6.26498],[-75.61488,6.264965],[-75.614834,6.264958],[-75.614799,6.264946],[-75.614765,6.264931],[-75.614729,6.264888],[-75.614747,6.264854],[-75.614756,6.264818],[-75.614757,6.26479],[-75.614758,6.264762],[-75.614756,6.264725],[-75.614753,6.264687],[-75.614749,6.26463],[-75.614745,6.264593],[-75.614741,6.264555],[-75.614736,6.264528],[-75.614732,6.264499],[-75.614725,6.264464],[-75.614716,6.264427],[-75.614712,6.264399],[-75.614713,6.264372],[-75.614714,6.264335],[-75.614718,6.264302],[-75.614706,6.264274],[-75.614699,6.264245],[-75.614701,6.264207],[-75.614713,6.264168],[-75.614725,6.264129],[-75.61473,6.264091],[-75.614737,6.264053],[-75.614743,6.264015],[-75.614747,6.263982],[-75.614675,6.263787],[-75.614645,6.263765],[-75.614617,6.263741],[-75.614595,6.26371],[-75.61458,6.263687],[-75.614568,6.263661],[-75.614554,6.263627],[-75.614543,6.263591],[-75.614531,6.263555],[-75.614522,6.263528],[-75.614515,6.2635],[-75.614507,6.263463],[-75.614502,6.263426],[-75.614496,6.263398],[-75.614488,6.263371],[-75.614474,6.263346],[-75.614461,6.263321],[-75.614454,6.263284],[-75.614456,6.263246],[-75.614461,6.263218],[-75.614465,6.263189],[-75.614471,6.263152],[-75.614478,6.263125],[-75.614486,6.263098],[-75.614495,6.263054],[-75.614479,6.263024],[-75.614456,6.263008],[-75.614431,6.262997],[-75.614411,6.262977],[-75.614386,6.262927],[-75.614366,6.262895],[-75.614346,6.262863],[-75.614334,6.262828],[-75.614329,6.262791],[-75.614332,6.262754],[-75.614334,6.262726],[-75.614333,6.262698],[-75.61433,6.26267],[-75.614319,6.262645],[-75.614299,6.262613],[-75.614284,6.262589],[-75.614266,6.262567],[-75.614248,6.262537],[-75.614235,6.2625],[-75.614232,6.262463],[-75.614232,6.262434],[-75.614234,6.262406],[-75.614239,6.262379],[-75.614249,6.262352],[-75.614258,6.262326],[-75.614269,6.2623],[-75.614284,6.262265],[-75.614295,6.262239],[-75.614302,6.262212],[-75.614315,6.262188],[-75.61433,6.262166],[-75.614349,6.262143],[-75.614362,6.262118],[-75.614377,6.262083],[-75.614397,6.26204],[-75.614413,6.262017],[-75.614433,6.261985],[-75.614447,6.261955],[-75.614455,6.261914],[-75.61446,6.261877],[-75.614448,6.261823],[-75.614431,6.26179],[-75.614398,6.261775],[-75.614361,6.261771],[-75.614324,6.261775],[-75.614287,6.261785],[-75.614254,6.261802],[-75.614231,6.261817],[-75.614206,6.261831],[-75.61418,6.261842],[-75.614145,6.261853],[-75.614119,6.261863],[-75.614088,6.261874],[-75.614021,6.261887],[-75.614157,6.261672],[-75.614179,6.261638],[-75.614202,6.261603],[-75.61422,6.261574],[-75.61424,6.261538],[-75.614257,6.261507],[-75.614272,6.26148],[-75.61429,6.261447],[-75.614307,6.261417],[-75.61432,6.261393],[-75.614334,6.261366],[-75.614352,6.261334],[-75.614366,6.261308],[-75.614381,6.261281],[-75.614399,6.261248],[-75.61442,6.261209],[-75.614434,6.261183],[-75.614448,6.261158],[-75.614464,6.261129],[-75.614479,6.261102],[-75.614498,6.261067],[-75.614519,6.261028],[-75.614538,6.260994],[-75.614557,6.26096],[-75.614573,6.260931],[-75.614587,6.260899],[-75.614597,6.260868],[-75.614605,6.260825],[-75.614606,6.260786],[-75.614602,6.260743],[-75.614598,6.260706],[-75.614594,6.260673],[-75.614586,6.260636],[-75.614618,6.260616],[-75.614651,6.260606],[-75.614684,6.260597],[-75.614729,6.260591],[-75.614759,6.260586],[-75.614792,6.260582],[-75.614825,6.260578],[-75.614852,6.260573],[-75.614868,6.260548],[-75.614881,6.260511],[-75.614897,6.260472],[-75.614916,6.260434],[-75.614938,6.260413],[-75.614959,6.260394],[-75.614994,6.260361],[-75.615043,6.260316],[-75.615081,6.260281],[-75.615112,6.260253],[-75.614944,6.259781],[-75.615065,6.259785],[-75.615114,6.259786],[-75.615205,6.2598],[-75.615238,6.259875],[-75.615238,6.259933],[-75.615254,6.259962],[-75.61527,6.259988],[-75.615291,6.26003],[-75.615325,6.260075],[-75.615369,6.260127],[-75.615404,6.260144],[-75.615454,6.260153],[-75.615477,6.260182],[-75.615499,6.260213],[-75.615521,6.260242],[-75.615535,6.260267],[-75.615549,6.260292],[-75.615569,6.260324],[-75.615578,6.260351],[-75.615669,6.260592],[-75.615688,6.260613],[-75.615707,6.260635],[-75.615733,6.260662],[-75.615759,6.260688],[-75.615786,6.260713],[-75.615805,6.260734],[-75.615817,6.26076],[-75.615825,6.260796],[-75.615825,6.260834],[-75.61583,6.260863],[-75.615871,6.260924],[-75.615985,6.260988],[-75.616038,6.261066],[-75.616089,6.261105],[-75.616123,6.261139],[-75.616144,6.261159],[-75.616166,6.261175],[-75.616189,6.261191],[-75.616218,6.261216],[-75.61625,6.261237],[-75.616282,6.261257],[-75.616316,6.261275],[-75.616348,6.261294],[-75.616376,6.261319],[-75.616397,6.261338],[-75.616419,6.261356],[-75.616442,6.261374],[-75.616463,6.261391],[-75.616482,6.261412],[-75.6165,6.261434],[-75.616519,6.261454],[-75.616539,6.261474],[-75.616562,6.261503],[-75.6166,6.261589],[-75.616624,6.261637],[-75.616637,6.261809],[-75.616682,6.262021],[-75.616699,6.262094],[-75.616705,6.262151],[-75.61673,6.262126],[-75.616746,6.262103],[-75.616763,6.26208],[-75.61678,6.262059],[-75.616795,6.262034],[-75.616802,6.262008],[-75.616815,6.261982],[-75.616832,6.26196],[-75.616853,6.261942],[-75.616873,6.261924],[-75.616885,6.261899],[-75.616898,6.261863],[-75.616939,6.261844],[-75.616948,6.261816],[-75.616944,6.261781],[-75.616942,6.261743],[-75.616956,6.261711],[-75.616986,6.26169],[-75.617022,6.261687],[-75.61705,6.261688],[-75.617078,6.26169],[-75.617115,6.261692],[-75.617143,6.261694],[-75.61717,6.261696],[-75.617198,6.261698],[-75.617226,6.261698],[-75.617254,6.261698],[-75.617281,6.261702],[-75.617294,6.261724],[-75.617294,6.261751],[-75.617291,6.261789],[-75.617289,6.261816],[-75.617287,6.261844],[-75.61727,6.261864],[-75.617263,6.26189],[-75.617262,6.261919],[-75.617257,6.261945],[-75.617266,6.261987],[-75.617301,6.262005],[-75.617328,6.262011],[-75.617396,6.262073],[-75.61739,6.262105],[-75.617372,6.262136],[-75.617351,6.262154],[-75.617337,6.262177],[-75.617335,6.262214],[-75.617344,6.26224],[-75.617355,6.262265],[-75.617364,6.262301],[-75.617365,6.262336],[-75.617339,6.262361],[-75.617326,6.262384],[-75.617323,6.262411],[-75.617322,6.26244],[-75.61732,6.262467],[-75.617324,6.262504],[-75.617347,6.262532],[-75.617368,6.262549],[-75.617388,6.26257],[-75.617424,6.262612],[-75.617449,6.262648],[-75.617504,6.262635],[-75.617526,6.262617],[-75.617558,6.262598],[-75.617593,6.262584],[-75.617629,6.262574],[-75.617666,6.262567],[-75.617703,6.262561],[-75.617736,6.262545],[-75.617763,6.262541],[-75.617784,6.262559],[-75.617809,6.262588],[-75.617834,6.262616],[-75.617858,6.262644],[-75.617884,6.262671],[-75.617911,6.262697],[-75.617936,6.262724],[-75.617948,6.262748],[-75.61795,6.262776],[-75.617947,6.262804],[-75.617933,6.262828],[-75.617929,6.262856],[-75.617963,6.262864],[-75.617995,6.262883],[-75.618031,6.262893],[-75.618066,6.262902],[-75.618091,6.262928],[-75.618106,6.262961],[-75.618113,6.262988],[-75.618122,6.263012],[-75.618135,6.263104],[-75.618152,6.263195],[-75.618172,6.263177],[-75.618191,6.263135],[-75.618207,6.263108],[-75.618232,6.263084],[-75.618278,6.263049],[-75.618315,6.263019],[-75.618337,6.263002],[-75.61836,6.262987],[-75.61839,6.262965],[-75.618422,6.262948],[-75.618449,6.262939],[-75.618476,6.262933],[-75.618513,6.262931],[-75.61854,6.26293],[-75.618568,6.26293],[-75.6186,6.262946],[-75.618628,6.26297],[-75.618656,6.262995],[-75.618686,6.263016],[-75.61871,6.263032],[-75.61873,6.263051],[-75.618749,6.263073],[-75.618769,6.263091],[-75.618794,6.263104],[-75.618816,6.263123],[-75.618837,6.263141],[-75.618858,6.26316],[-75.618887,6.263183],[-75.618912,6.263196],[-75.618936,6.263208],[-75.618961,6.263234],[-75.618997,6.263234],[-75.619034,6.263239],[-75.619067,6.263254],[-75.619099,6.263275],[-75.619123,6.263291],[-75.619145,6.263308],[-75.619166,6.263338],[-75.619171,6.263374],[-75.619176,6.26341],[-75.619184,6.263448],[-75.619195,6.263483],[-75.619204,6.26351],[-75.619292,6.263622],[-75.619324,6.263621],[-75.619358,6.263627],[-75.619372,6.26365],[-75.619386,6.263674],[-75.619404,6.263707],[-75.619423,6.26374],[-75.61944,6.263773],[-75.61945,6.263809],[-75.619461,6.263846],[-75.619484,6.263875],[-75.619502,6.263896],[-75.619518,6.263918],[-75.619539,6.263937],[-75.619561,6.263953],[-75.619569,6.263978],[-75.619567,6.264006],[-75.619565,6.264034],[-75.619564,6.264061],[-75.619565,6.264099],[-75.619567,6.264127],[-75.61957,6.264154],[-75.619573,6.264182],[-75.619594,6.264229],[-75.619615,6.264189],[-75.619629,6.264161],[-75.619643,6.264126],[-75.619654,6.264101],[-75.619665,6.264076],[-75.619674,6.264049],[-75.619692,6.264028],[-75.619716,6.263999],[-75.619733,6.263967],[-75.619751,6.263945],[-75.619767,6.263923],[-75.619786,6.263891],[-75.619808,6.263861],[-75.619825,6.263839],[-75.619843,6.263817],[-75.619862,6.263785],[-75.619863,6.263748],[-75.619861,6.26371],[-75.61986,6.263684],[-75.61986,6.263656],[-75.619863,6.263618],[-75.619869,6.263581],[-75.619879,6.263545],[-75.619889,6.263509],[-75.619899,6.263473],[-75.619914,6.263438],[-75.619931,6.263405],[-75.619948,6.263372],[-75.619962,6.263347],[-75.619975,6.263322],[-75.620002,6.263295],[-75.620036,6.263292],[-75.620069,6.263309],[-75.620093,6.263323],[-75.620114,6.263341],[-75.62014,6.263367],[-75.620167,6.263394],[-75.620188,6.263411],[-75.620211,6.263433],[-75.620238,6.263454],[-75.620265,6.263463],[-75.620396,6.263439],[-75.620423,6.263431],[-75.62045,6.263423],[-75.620487,6.263418],[-75.620514,6.26344],[-75.620526,6.263466],[-75.620532,6.263493],[-75.620542,6.263519],[-75.620561,6.26354],[-75.620587,6.263567],[-75.620614,6.263592],[-75.620638,6.263605],[-75.620682,6.263612],[-75.62072,6.26361],[-75.620753,6.263593],[-75.620782,6.26357],[-75.620811,6.263546],[-75.620834,6.26353],[-75.620859,6.263517],[-75.620882,6.263502],[-75.620907,6.263488],[-75.620944,6.263478],[-75.620971,6.263475],[-75.620998,6.26348],[-75.621025,6.263487],[-75.621052,6.263481],[-75.621078,6.263455],[-75.621097,6.263434],[-75.621113,6.263411],[-75.621134,6.263382],[-75.621168,6.263372],[-75.621202,6.263386],[-75.62122,6.263418],[-75.62124,6.263449],[-75.621256,6.263472],[-75.621269,6.263498],[-75.621286,6.263531],[-75.621303,6.263565],[-75.621318,6.263588],[-75.621334,6.263611],[-75.621356,6.263642],[-75.621376,6.263674],[-75.621393,6.263706],[-75.621412,6.263727],[-75.621432,6.263747],[-75.621458,6.263775],[-75.621487,6.2638],[-75.62152,6.263815],[-75.621543,6.263831],[-75.621564,6.263849],[-75.621591,6.263874],[-75.62162,6.263898],[-75.621649,6.263922],[-75.621669,6.263941],[-75.62169,6.263959],[-75.621743,6.263982],[-75.621714,6.26393],[-75.621704,6.263903],[-75.621687,6.263882],[-75.621668,6.263861],[-75.621643,6.263849],[-75.621628,6.263809],[-75.621612,6.263787],[-75.621597,6.263763],[-75.621584,6.263738],[-75.62157,6.263714],[-75.621553,6.263692],[-75.621473,6.263585],[-75.62146,6.263561],[-75.621447,6.263536],[-75.621433,6.263512],[-75.621416,6.263489],[-75.621396,6.263458],[-75.621383,6.263433],[-75.621376,6.263406],[-75.621373,6.263377],[-75.621372,6.263349],[-75.621371,6.263321],[-75.621371,6.263294],[-75.62137,6.263256],[-75.621372,6.263229],[-75.621377,6.263201],[-75.621381,6.263173],[-75.621383,6.263146],[-75.621381,6.263109],[-75.621375,6.263072],[-75.621376,6.263035],[-75.621378,6.262998],[-75.621385,6.26296],[-75.621392,6.262923],[-75.621396,6.262895],[-75.6214,6.262867],[-75.621414,6.262833],[-75.621436,6.262804],[-75.621471,6.262795],[-75.621499,6.262798],[-75.621523,6.262812],[-75.621556,6.262827],[-75.621593,6.262829],[-75.62162,6.262836],[-75.621647,6.262843],[-75.621683,6.262852],[-75.621713,6.26284],[-75.621674,6.262768],[-75.621506,6.262515],[-75.621545,6.262498],[-75.62157,6.262481],[-75.621596,6.262464],[-75.621632,6.262447],[-75.621663,6.262437],[-75.621702,6.262454],[-75.621753,6.262456],[-75.62178,6.262451],[-75.621842,6.262433],[-75.621888,6.262423],[-75.621934,6.262425],[-75.621989,6.262433],[-75.622042,6.262451],[-75.622083,6.262472],[-75.622134,6.262493],[-75.622168,6.262509],[-75.622211,6.262526],[-75.622238,6.262533],[-75.622272,6.262548],[-75.622307,6.26256],[-75.622342,6.262573],[-75.622387,6.262586],[-75.622431,6.262601],[-75.622476,6.262608],[-75.622514,6.262612],[-75.622588,6.262613],[-75.622616,6.262609],[-75.622652,6.262604],[-75.62269,6.2626],[-75.622725,6.262589],[-75.622767,6.26257],[-75.622817,6.262544],[-75.622866,6.262518],[-75.622914,6.262489],[-75.622953,6.262464],[-75.623004,6.26244],[-75.623036,6.262421],[-75.623295,6.26229],[-75.623363,6.262373],[-75.623392,6.262371],[-75.623453,6.26238],[-75.623597,6.262433],[-75.623693,6.262475],[-75.623773,6.262524],[-75.623935,6.262623],[-75.624122,6.262739],[-75.624174,6.262757],[-75.624231,6.26275],[-75.624271,6.262731],[-75.624255,6.26271],[-75.624225,6.262689],[-75.6242,6.262661],[-75.624174,6.262611],[-75.624149,6.262562],[-75.624128,6.262531],[-75.624109,6.262498],[-75.62408,6.262439],[-75.624066,6.262415],[-75.624052,6.26239],[-75.624034,6.26237],[-75.624021,6.262345],[-75.624011,6.262319],[-75.623994,6.262286],[-75.623968,6.262246],[-75.62395,6.262213],[-75.62393,6.262181],[-75.623898,6.262124],[-75.623876,6.262093],[-75.623859,6.262071],[-75.62384,6.26205],[-75.623811,6.262026],[-75.623786,6.262014],[-75.62376,6.262007],[-75.623726,6.261992],[-75.623695,6.261969],[-75.623667,6.261946],[-75.623648,6.261926],[-75.623612,6.261896],[-75.623592,6.261876],[-75.623563,6.261852],[-75.623523,6.261815],[-75.623505,6.261794],[-75.623482,6.261764],[-75.623446,6.26171],[-75.623429,6.261676],[-75.623412,6.261634],[-75.623403,6.261607],[-75.62339,6.261572],[-75.62338,6.261546],[-75.623372,6.261519],[-75.623358,6.261474],[-75.623348,6.261438],[-75.62334,6.261382],[-75.623335,6.261344],[-75.623323,6.261308],[-75.623302,6.261267],[-75.623282,6.261235],[-75.623268,6.261211],[-75.623249,6.26119],[-75.623224,6.261152],[-75.623211,6.261117],[-75.623213,6.261089],[-75.623226,6.261045],[-75.62324,6.261022],[-75.623253,6.260997],[-75.623275,6.260968],[-75.623298,6.260939],[-75.623319,6.260908],[-75.623336,6.260886],[-75.623355,6.260866],[-75.623379,6.260838],[-75.623394,6.260815],[-75.623405,6.260779],[-75.623416,6.260734],[-75.62343,6.2607],[-75.623451,6.260659],[-75.62347,6.260615],[-75.623492,6.260564],[-75.623499,6.260528],[-75.623503,6.26049],[-75.623501,6.260454],[-75.623497,6.260407],[-75.623498,6.260361],[-75.623511,6.260328],[-75.62353,6.260296],[-75.62353,6.26025],[-75.623516,6.260226],[-75.623505,6.2602],[-75.623487,6.260148],[-75.623472,6.260124],[-75.62345,6.260084],[-75.623421,6.260061],[-75.623396,6.26005],[-75.623359,6.260046],[-75.623325,6.260031],[-75.623293,6.260003],[-75.623269,6.259978],[-75.623276,6.259943],[-75.623264,6.259896],[-75.623231,6.259845],[-75.623117,6.259724],[-75.623,6.259643],[-75.622868,6.259577],[-75.622835,6.259547],[-75.622807,6.25951],[-75.62279,6.259482],[-75.622804,6.259458],[-75.622821,6.259429],[-75.622846,6.259387],[-75.622865,6.259353],[-75.622884,6.259323],[-75.622902,6.259291],[-75.622921,6.259259],[-75.62294,6.259226],[-75.622959,6.259194],[-75.622978,6.259162],[-75.622998,6.259127],[-75.623019,6.259091],[-75.623035,6.259064],[-75.623048,6.259041],[-75.623075,6.258996],[-75.623094,6.258963],[-75.623115,6.258928],[-75.623137,6.25889],[-75.623156,6.258857],[-75.623177,6.258821],[-75.623199,6.258784],[-75.623224,6.25874],[-75.623244,6.258708],[-75.623262,6.258677],[-75.62328,6.258646],[-75.623301,6.25861],[-75.623322,6.258574],[-75.623338,6.258545],[-75.623357,6.258515],[-75.623381,6.258474],[-75.6234,6.258441],[-75.623418,6.258408],[-75.623421,6.258371],[-75.62342,6.258334],[-75.62342,6.258297],[-75.623419,6.258248],[-75.623418,6.258204],[-75.623417,6.25815],[-75.623417,6.258122],[-75.623416,6.258096],[-75.623415,6.258066],[-75.623415,6.25803],[-75.623414,6.257984],[-75.623413,6.257936],[-75.623413,6.257893],[-75.623412,6.257853],[-75.623412,6.257825],[-75.623411,6.257777],[-75.62341,6.25773],[-75.623409,6.25767],[-75.62341,6.257636],[-75.623435,6.257648],[-75.62346,6.25766],[-75.623482,6.257677],[-75.623511,6.257701],[-75.62354,6.257724],[-75.623561,6.257743],[-75.623582,6.257761],[-75.623606,6.257772],[-75.623634,6.257769],[-75.623662,6.257764],[-75.62369,6.257763],[-75.623726,6.257771],[-75.62375,6.257785],[-75.623773,6.257802],[-75.623804,6.257823],[-75.623828,6.257837],[-75.623851,6.257856],[-75.62388,6.257882],[-75.623981,6.257979],[-75.624005,6.257998],[-75.62403,6.258021],[-75.624056,6.258039],[-75.62414,6.258112],[-75.624199,6.258166],[-75.624218,6.258184],[-75.624241,6.258201],[-75.624272,6.258221],[-75.624298,6.258235],[-75.624324,6.258245],[-75.624351,6.25825],[-75.624379,6.258254],[-75.624412,6.258267],[-75.624441,6.258288],[-75.624461,6.258308],[-75.624476,6.25833],[-75.624493,6.258362],[-75.624519,6.258388],[-75.624547,6.258413],[-75.624582,6.258435],[-75.624612,6.258451],[-75.624644,6.25847],[-75.624668,6.258484],[-75.624694,6.258494],[-75.624722,6.258501],[-75.62475,6.258506],[-75.624777,6.258512],[-75.624804,6.258522],[-75.624842,6.258541],[-75.62488,6.258549],[-75.62492,6.258592],[-75.624948,6.258629],[-75.624973,6.25866],[-75.625024,6.258716],[-75.625059,6.25873],[-75.625084,6.258742],[-75.625117,6.258758],[-75.625152,6.258788],[-75.625178,6.258814],[-75.625212,6.258846],[-75.625249,6.258887],[-75.625279,6.258908],[-75.625314,6.258919],[-75.625365,6.258944],[-75.625401,6.258951],[-75.625467,6.258956],[-75.625513,6.258961],[-75.625541,6.258965],[-75.625588,6.258963],[-75.625633,6.258954],[-75.625688,6.258946],[-75.625716,6.258944],[-75.625752,6.258951],[-75.625774,6.25898],[-75.625791,6.259013],[-75.625814,6.259042],[-75.625847,6.259059],[-75.625892,6.259092],[-75.625923,6.259126],[-75.625946,6.259155],[-75.625966,6.259187],[-75.625984,6.259208],[-75.626024,6.259247],[-75.62605,6.259273],[-75.626069,6.259293],[-75.626089,6.259312],[-75.626114,6.259341],[-75.626142,6.259365],[-75.626163,6.259385],[-75.626188,6.259412],[-75.626212,6.25944],[-75.626232,6.25946],[-75.62627,6.2595],[-75.626298,6.259525],[-75.626322,6.259554],[-75.626364,6.259591],[-75.626383,6.259612],[-75.626408,6.25965],[-75.626429,6.259667],[-75.62645,6.259685],[-75.626474,6.259713],[-75.626503,6.259761],[-75.626525,6.25979],[-75.626547,6.259821],[-75.626566,6.259841],[-75.62659,6.259862],[-75.626613,6.25989],[-75.626631,6.259923],[-75.626657,6.259972],[-75.626686,6.259993],[-75.626742,6.260066],[-75.626763,6.260108],[-75.626782,6.260142],[-75.626795,6.260168],[-75.626805,6.260195],[-75.626818,6.26025],[-75.626827,6.260316],[-75.626839,6.260392],[-75.626847,6.260429],[-75.626856,6.260456],[-75.62687,6.260481],[-75.626908,6.260536],[-75.626928,6.260557],[-75.62696,6.260592],[-75.626993,6.260627],[-75.627033,6.260657],[-75.627073,6.260685],[-75.627106,6.260705],[-75.627139,6.260723],[-75.627169,6.260745],[-75.627206,6.260786],[-75.627228,6.260804],[-75.627246,6.260825],[-75.627272,6.260874],[-75.627287,6.260908],[-75.627304,6.260941],[-75.627307,6.261073],[-75.627306,6.261217],[-75.627304,6.261275],[-75.627305,6.261361],[-75.627307,6.261408],[-75.627317,6.261444],[-75.627342,6.26147],[-75.627367,6.261481],[-75.627395,6.261483],[-75.627468,6.261493],[-75.627562,6.261493],[-75.6276,6.26149],[-75.627637,6.261483],[-75.627664,6.261477],[-75.627692,6.261475],[-75.62772,6.261476],[-75.627742,6.261491],[-75.627755,6.261525],[-75.627757,6.261554],[-75.627762,6.2616],[-75.627765,6.261638],[-75.627767,6.261714],[-75.627767,6.261762],[-75.627769,6.261799],[-75.627769,6.261828],[-75.627769,6.261884],[-75.62777,6.261913],[-75.627777,6.261941],[-75.627788,6.261966],[-75.627813,6.262007],[-75.627858,6.262069],[-75.627889,6.262105],[-75.627906,6.262126],[-75.627935,6.26215],[-75.627957,6.262166],[-75.627983,6.262177],[-75.62802,6.262184],[-75.628066,6.262189],[-75.628089,6.262203],[-75.628112,6.262253],[-75.628108,6.26228],[-75.6281,6.262307],[-75.628078,6.262336],[-75.628037,6.262357],[-75.628023,6.262379],[-75.628046,6.262428],[-75.628066,6.262483],[-75.628051,6.262548],[-75.628039,6.262573],[-75.628028,6.262608],[-75.628029,6.262645],[-75.628033,6.262673],[-75.628046,6.262726],[-75.628062,6.262758],[-75.628112,6.262779],[-75.628133,6.262798],[-75.628154,6.262828],[-75.628174,6.262859],[-75.628201,6.262885],[-75.628242,6.262936],[-75.628265,6.262977],[-75.628386,6.263231],[-75.628398,6.263256],[-75.628414,6.26329],[-75.628419,6.263317],[-75.628424,6.263391],[-75.628407,6.263442],[-75.628368,6.263468],[-75.628324,6.263502],[-75.628279,6.26355],[-75.628249,6.263586],[-75.628218,6.26362],[-75.628205,6.263645],[-75.628188,6.263688],[-75.628173,6.263711],[-75.628154,6.263743],[-75.628134,6.263784],[-75.62815,6.263815],[-75.628164,6.263856],[-75.62817,6.263909],[-75.628222,6.263917],[-75.6283,6.263818],[-75.628453,6.263668],[-75.628528,6.26358],[-75.628576,6.263498],[-75.628637,6.263309],[-75.628707,6.263071],[-75.628769,6.262859],[-75.628786,6.262801],[-75.628799,6.262763],[-75.628839,6.262635],[-75.628865,6.262525],[-75.62886,6.262434],[-75.628812,6.262288],[-75.628715,6.261985],[-75.62868,6.261922],[-75.628645,6.261859],[-75.628567,6.261775],[-75.628428,6.261669],[-75.628344,6.261605],[-75.62823,6.261521],[-75.630974,6.259383],[-75.63107,6.259308],[-75.632389,6.258261],[-75.632351,6.258256],[-75.632291,6.258254],[-75.632229,6.258254],[-75.632173,6.258247],[-75.632113,6.258225],[-75.632072,6.258203],[-75.632046,6.258185],[-75.632023,6.25815],[-75.632012,6.258112],[-75.632,6.258083],[-75.631972,6.258052],[-75.631919,6.258017],[-75.631859,6.257986],[-75.631808,6.257967],[-75.631773,6.257969],[-75.631732,6.25798],[-75.631686,6.25799],[-75.631648,6.257994],[-75.631608,6.257993],[-75.631568,6.257982],[-75.631536,6.257967],[-75.63151,6.257962],[-75.631469,6.257962],[-75.63141,6.25797],[-75.631366,6.257964],[-75.631318,6.257943],[-75.631286,6.257937],[-75.631238,6.257911],[-75.631225,6.257881],[-75.631215,6.257844],[-75.631209,6.257819],[-75.631202,6.257792],[-75.631192,6.257765],[-75.631179,6.257741],[-75.631165,6.257717],[-75.631149,6.257694],[-75.631124,6.257665],[-75.631103,6.257648],[-75.631079,6.257633],[-75.631048,6.257613],[-75.631021,6.257588],[-75.631014,6.257553],[-75.631029,6.25753],[-75.631049,6.257511],[-75.631073,6.257483],[-75.631092,6.257452],[-75.631099,6.257425],[-75.631089,6.257321],[-75.631075,6.257286],[-75.631053,6.257256],[-75.631027,6.257229],[-75.630998,6.257205],[-75.630968,6.257182],[-75.630938,6.25716],[-75.630906,6.25714],[-75.630873,6.257122],[-75.630839,6.257105],[-75.630807,6.257086],[-75.630782,6.257073],[-75.630754,6.25707],[-75.630698,6.257067],[-75.630661,6.257064],[-75.630633,6.25706],[-75.630605,6.257057],[-75.63054,6.257055],[-75.630512,6.257053],[-75.630465,6.257051],[-75.630437,6.257051],[-75.6304,6.257049],[-75.630369,6.257028],[-75.63037,6.256974],[-75.630374,6.256946],[-75.630376,6.256909],[-75.630375,6.256871],[-75.630378,6.256843],[-75.630389,6.256817],[-75.630416,6.256757],[-75.630418,6.25673],[-75.630395,6.256708],[-75.630366,6.256687],[-75.630345,6.25667],[-75.630316,6.256648],[-75.630285,6.256623],[-75.630266,6.256597],[-75.63019,6.256518],[-75.630164,6.256498],[-75.630135,6.256475],[-75.630112,6.256458],[-75.63006,6.256419],[-75.630029,6.256397],[-75.629998,6.256378],[-75.629957,6.256355],[-75.629934,6.25634],[-75.629902,6.256321],[-75.629878,6.256306],[-75.629853,6.256293],[-75.629821,6.256272],[-75.629778,6.256237],[-75.629756,6.256219],[-75.629736,6.2562],[-75.629708,6.256175],[-75.629684,6.256148],[-75.629677,6.256121],[-75.629669,6.256094],[-75.62964,6.256071],[-75.629616,6.256058],[-75.629592,6.256042],[-75.629565,6.256016],[-75.62954,6.255989],[-75.629518,6.255958],[-75.629498,6.255927],[-75.629476,6.255897],[-75.62946,6.255875],[-75.629446,6.255851],[-75.629427,6.255818],[-75.629414,6.255793],[-75.629398,6.255771],[-75.629375,6.255741],[-75.629355,6.25571],[-75.629337,6.255675],[-75.629297,6.255598],[-75.629282,6.255573],[-75.629268,6.25555],[-75.629245,6.25552],[-75.629224,6.255489],[-75.629205,6.255456],[-75.62919,6.255433],[-75.629173,6.255411],[-75.629149,6.255383],[-75.629131,6.255361],[-75.629114,6.255339],[-75.629095,6.255317],[-75.629075,6.255297],[-75.629049,6.25527],[-75.629029,6.25525],[-75.629007,6.255233],[-75.628977,6.255209],[-75.62895,6.255184],[-75.62892,6.255163],[-75.628888,6.255144],[-75.628863,6.255132],[-75.628837,6.255118],[-75.628807,6.255098],[-75.628786,6.255068],[-75.628789,6.25503],[-75.628798,6.254995],[-75.628813,6.25496],[-75.628831,6.254927],[-75.628859,6.254903],[-75.628876,6.254871],[-75.628889,6.254847],[-75.628904,6.254823],[-75.628927,6.254793],[-75.628956,6.254771],[-75.628993,6.254769],[-75.629029,6.254763],[-75.629057,6.254738],[-75.629084,6.254712],[-75.629106,6.254695],[-75.629123,6.254675],[-75.629151,6.254685],[-75.629253,6.254763],[-75.629378,6.254863],[-75.629453,6.254926],[-75.62953,6.254993],[-75.629602,6.255035],[-75.629657,6.255065],[-75.629718,6.255084],[-75.629807,6.255107],[-75.629887,6.25514],[-75.629975,6.255195],[-75.630025,6.255245],[-75.630067,6.255295],[-75.630114,6.25535],[-75.630161,6.255381],[-75.630213,6.255405],[-75.630288,6.25543],[-75.630373,6.255434],[-75.630459,6.255428],[-75.630542,6.255413],[-75.630601,6.255405],[-75.630706,6.255386],[-75.630799,6.255358],[-75.630882,6.255325],[-75.630954,6.255287],[-75.631021,6.255243],[-75.631087,6.255212],[-75.631139,6.255206],[-75.63125,6.255239],[-75.63133,6.255262],[-75.631408,6.255272],[-75.631491,6.255267],[-75.63159,6.255233],[-75.631661,6.255193],[-75.631653,6.255158],[-75.631648,6.255122],[-75.631645,6.255093],[-75.631642,6.255065],[-75.631637,6.255037],[-75.63163,6.25501],[-75.631617,6.254973],[-75.631585,6.25487],[-75.631575,6.254833],[-75.631572,6.254805],[-75.631572,6.254777],[-75.63158,6.254741],[-75.631596,6.254718],[-75.631615,6.254698],[-75.631641,6.254672],[-75.631666,6.254658],[-75.631696,6.254654],[-75.631731,6.254652],[-75.631768,6.254648],[-75.631805,6.254638],[-75.631836,6.254618],[-75.631861,6.254591],[-75.631879,6.254558],[-75.631891,6.254522],[-75.631899,6.254495],[-75.631926,6.254464],[-75.631961,6.254447],[-75.631995,6.254431],[-75.632019,6.254417],[-75.632041,6.2544],[-75.632061,6.254381],[-75.632075,6.254356],[-75.632085,6.254321],[-75.632095,6.254285],[-75.632092,6.254249],[-75.632068,6.254221],[-75.63205,6.254199],[-75.632035,6.254175],[-75.632019,6.254141],[-75.631998,6.2541],[-75.631985,6.254075],[-75.631963,6.254045],[-75.631936,6.254019],[-75.631908,6.253995],[-75.631888,6.253974],[-75.631872,6.253952],[-75.631859,6.253927],[-75.631849,6.2539],[-75.631829,6.253848],[-75.631812,6.253815],[-75.631789,6.253786],[-75.63173,6.253724],[-75.631707,6.253701],[-75.631678,6.253677],[-75.631628,6.253653],[-75.631606,6.253636],[-75.631585,6.253617],[-75.631562,6.253588],[-75.631543,6.253555],[-75.63153,6.253519],[-75.631529,6.253493],[-75.631528,6.253464],[-75.631528,6.253427],[-75.631528,6.253399],[-75.631536,6.253373],[-75.631556,6.253355],[-75.63158,6.25334],[-75.631611,6.25332],[-75.631634,6.253304],[-75.631653,6.253284],[-75.631672,6.253263],[-75.631693,6.253246],[-75.631727,6.25323],[-75.63176,6.253212],[-75.631791,6.253191],[-75.631814,6.253174],[-75.631829,6.253151],[-75.631836,6.253114],[-75.631836,6.253077],[-75.631835,6.253036],[-75.631835,6.253002],[-75.631841,6.252975],[-75.63185,6.252948],[-75.63186,6.252922],[-75.631933,6.252804],[-75.631947,6.252769],[-75.631957,6.252742],[-75.631968,6.252716],[-75.631984,6.252691],[-75.631993,6.252665],[-75.632002,6.252638],[-75.63201,6.252612],[-75.632021,6.252586],[-75.632033,6.25256],[-75.632051,6.25252],[-75.632016,6.252526],[-75.63198,6.252539],[-75.631955,6.25255],[-75.631929,6.252562],[-75.631895,6.252578],[-75.63186,6.252588],[-75.631832,6.252592],[-75.631804,6.252594],[-75.631776,6.252593],[-75.631748,6.252594],[-75.631711,6.252593],[-75.631683,6.252592],[-75.631655,6.252592],[-75.631618,6.25259],[-75.63158,6.252587],[-75.631544,6.252578],[-75.631511,6.252561],[-75.63148,6.252542],[-75.631449,6.25252],[-75.631419,6.252497],[-75.631396,6.252481],[-75.631372,6.252467],[-75.631344,6.252443],[-75.631323,6.252423],[-75.631305,6.252402],[-75.631276,6.252379],[-75.631247,6.252353],[-75.631055,6.252183],[-75.63103,6.252171],[-75.631004,6.25216],[-75.630982,6.252144],[-75.630961,6.252126],[-75.630936,6.252112],[-75.63091,6.252104],[-75.630882,6.252105],[-75.630844,6.25211],[-75.630818,6.252117],[-75.63079,6.252125],[-75.630753,6.252133],[-75.630716,6.252138],[-75.630679,6.252133],[-75.630642,6.252122],[-75.630607,6.252108],[-75.63058,6.252099],[-75.630553,6.252092],[-75.630516,6.252086],[-75.63048,6.252079],[-75.630452,6.252074],[-75.630424,6.25207],[-75.630397,6.252065],[-75.630369,6.25206],[-75.630332,6.252057],[-75.630304,6.252057],[-75.630277,6.252062],[-75.630251,6.252073],[-75.630228,6.252088],[-75.630201,6.252113],[-75.630183,6.252135],[-75.630167,6.252157],[-75.630148,6.252177],[-75.630127,6.252196],[-75.630103,6.25221],[-75.630078,6.252222],[-75.630043,6.252235],[-75.630015,6.252236],[-75.629987,6.252232],[-75.629951,6.252225],[-75.629917,6.252211],[-75.629881,6.252205],[-75.629849,6.252187],[-75.629814,6.252195],[-75.629782,6.252214],[-75.629745,6.252224],[-75.62971,6.252225],[-75.629702,6.252198],[-75.629696,6.252161],[-75.629688,6.252125],[-75.629674,6.252091],[-75.629657,6.252057],[-75.629646,6.252023],[-75.629597,6.251961],[-75.629637,6.251914],[-75.629655,6.251864],[-75.629665,6.25181],[-75.629665,6.251774],[-75.629657,6.251741],[-75.629625,6.251703],[-75.629589,6.251695],[-75.629537,6.251697],[-75.6295,6.251697],[-75.629443,6.251687],[-75.629363,6.250816],[-75.62937,6.25076],[-75.629375,6.250625],[-75.62937,6.250598],[-75.629486,6.250589],[-75.629556,6.250572],[-75.629646,6.250573],[-75.629701,6.250581],[-75.629837,6.250602],[-75.629887,6.250605],[-75.629913,6.250606],[-75.630125,6.250604],[-75.630138,6.250554],[-75.630157,6.250491],[-75.630205,6.250448],[-75.630272,6.25038],[-75.630313,6.250349],[-75.630333,6.250302],[-75.630335,6.250248],[-75.630346,6.250187],[-75.630381,6.250146],[-75.630481,6.250117],[-75.630508,6.250101],[-75.630647,6.250058],[-75.630691,6.25004],[-75.630719,6.250025],[-75.630753,6.250009],[-75.630781,6.250002],[-75.630812,6.25],[-75.630844,6.249999],[-75.630877,6.24999],[-75.630906,6.249967],[-75.630932,6.249945],[-75.630977,6.249964],[-75.63101,6.249976],[-75.631055,6.249994],[-75.631245,6.250078],[-75.631364,6.250146],[-75.632214,6.250438],[-75.63216,6.250393],[-75.632106,6.25035],[-75.632029,6.250303],[-75.631995,6.250269],[-75.631968,6.250222],[-75.631914,6.250084],[-75.631883,6.249984],[-75.631842,6.249914],[-75.631751,6.24982],[-75.631704,6.249766],[-75.631677,6.249705],[-75.631663,6.249665],[-75.63165,6.249625],[-75.63163,6.249547],[-75.631599,6.249483],[-75.631441,6.249264],[-75.631334,6.249112],[-75.631247,6.249023],[-75.631148,6.248956],[-75.631109,6.248931],[-75.630852,6.24881],[-75.630652,6.248718],[-75.63018,6.24845],[-75.630033,6.248334],[-75.630002,6.248304],[-75.629963,6.248231],[-75.629949,6.248176],[-75.629973,6.248161],[-75.630019,6.248163],[-75.630153,6.248171],[-75.630394,6.248202],[-75.630432,6.248202],[-75.630492,6.248202],[-75.630753,6.248215],[-75.630857,6.248268],[-75.63099,6.248351],[-75.631139,6.2485],[-75.631222,6.248562],[-75.631319,6.248619],[-75.631463,6.248691],[-75.631555,6.248763],[-75.631674,6.248906],[-75.631712,6.248951],[-75.631781,6.249037],[-75.631895,6.249188],[-75.631938,6.249213],[-75.63199,6.249142],[-75.632056,6.249089],[-75.632109,6.24905],[-75.632154,6.249021],[-75.632209,6.249011],[-75.632245,6.249005],[-75.632295,6.248972],[-75.632363,6.248948],[-75.632414,6.248915],[-75.632454,6.248876],[-75.632457,6.248841],[-75.632444,6.248804],[-75.632409,6.248771],[-75.632366,6.248738],[-75.632305,6.248706],[-75.632252,6.24867],[-75.632182,6.248632],[-75.632134,6.248594],[-75.632094,6.248571],[-75.632046,6.248546],[-75.632003,6.248534],[-75.63194,6.248528],[-75.631877,6.248532],[-75.631809,6.248536],[-75.631761,6.248546],[-75.631719,6.248546],[-75.631683,6.248544],[-75.631638,6.248524],[-75.63159,6.248496],[-75.631537,6.248463],[-75.631486,6.248438],[-75.631431,6.248411],[-75.631378,6.248393],[-75.631323,6.248368],[-75.631282,6.248342],[-75.631234,6.248286],[-75.631201,6.248241],[-75.631181,6.248181],[-75.631171,6.24813],[-75.631186,6.248075],[-75.631221,6.24802],[-75.631256,6.247999],[-75.631347,6.247959],[-75.631402,6.247928],[-75.631442,6.247854],[-75.631447,6.247772],[-75.631428,6.247696],[-75.631387,6.247647],[-75.631326,6.247611],[-75.631251,6.247575],[-75.63119,6.247561],[-75.631132,6.24752],[-75.631081,6.247459],[-75.631048,6.247409],[-75.631003,6.247338],[-75.630963,6.247278],[-75.630912,6.247213],[-75.630877,6.247131],[-75.630842,6.247061],[-75.630811,6.247016],[-75.630792,6.246996],[-75.630754,6.246986],[-75.630716,6.246986],[-75.630673,6.246965],[-75.630645,6.246943],[-75.630628,6.246912],[-75.630607,6.246865],[-75.630595,6.246811],[-75.63059,6.246731],[-75.630592,6.24667],[-75.630587,6.246594],[-75.630582,6.246531],[-75.630562,6.246488],[-75.630532,6.246461],[-75.630494,6.246441],[-75.630449,6.246426],[-75.630401,6.24642],[-75.630363,6.246418],[-75.63029,6.246418],[-75.630214,6.24642],[-75.630176,6.24642],[-75.630139,6.246416],[-75.630098,6.246393],[-75.630043,6.246345],[-75.629998,6.246318],[-75.62996,6.246297],[-75.629895,6.246281],[-75.629854,6.246279],[-75.629814,6.246279],[-75.629784,6.246296],[-75.629761,6.24632],[-75.629741,6.24634],[-75.629703,6.246361],[-75.62964,6.246365],[-75.6296,6.246365],[-75.62955,6.246355],[-75.629494,6.246338],[-75.629464,6.246318],[-75.629408,6.246279],[-75.629343,6.246232],[-75.629295,6.246204],[-75.629252,6.246181],[-75.629217,6.246168],[-75.629154,6.246158],[-75.629101,6.246154],[-75.629051,6.246146],[-75.629008,6.246126],[-75.628968,6.246101],[-75.62892,6.246078],[-75.628877,6.246062],[-75.628829,6.24606],[-75.628779,6.24607],[-75.628739,6.246087],[-75.628549,6.245722],[-75.628319,6.245364],[-75.628162,6.245368],[-75.627905,6.245371],[-75.627815,6.245384],[-75.627782,6.245389],[-75.627748,6.245393],[-75.62769,6.245398],[-75.627634,6.245396],[-75.6276,6.24539],[-75.627566,6.245385],[-75.627437,6.24536],[-75.627329,6.245364],[-75.627273,6.245388],[-75.627191,6.245429],[-75.627166,6.245451],[-75.627102,6.245574],[-75.627086,6.245597],[-75.627063,6.245615],[-75.627041,6.245639],[-75.627029,6.245671],[-75.627025,6.245699],[-75.627024,6.245736],[-75.62702,6.245779],[-75.627009,6.245821],[-75.626991,6.24586],[-75.626959,6.245869],[-75.626726,6.245977],[-75.626687,6.246006],[-75.626653,6.24605],[-75.626614,6.246093],[-75.626561,6.246205],[-75.626512,6.246274],[-75.626502,6.246298],[-75.626514,6.246334],[-75.626457,6.246377],[-75.626381,6.246401],[-75.62629,6.246412],[-75.626195,6.246412],[-75.626083,6.246389],[-75.626007,6.246363],[-75.625916,6.246344],[-75.625856,6.246319],[-75.625819,6.246276],[-75.625737,6.246203],[-75.62567,6.246135],[-75.625594,6.246046],[-75.625567,6.246024],[-75.625525,6.24601],[-75.625477,6.246011],[-75.625385,6.246022],[-75.625313,6.246026],[-75.625248,6.246048],[-75.625176,6.246076],[-75.625128,6.24608],[-75.62508,6.246069],[-75.62504,6.246059],[-75.624997,6.246065],[-75.624959,6.246059],[-75.624921,6.246042],[-75.624881,6.246051],[-75.624851,6.246088],[-75.624787,6.246188],[-75.62471,6.246251],[-75.624642,6.246284],[-75.62454,6.246289],[-75.624418,6.246296],[-75.624294,6.246301],[-75.624215,6.246305],[-75.624168,6.2463],[-75.624129,6.246282],[-75.624077,6.246241],[-75.624015,6.24618],[-75.62394,6.246089],[-75.623883,6.245984],[-75.623864,6.245941],[-75.623827,6.245898],[-75.623787,6.24587],[-75.623728,6.245842],[-75.62367,6.245821],[-75.623614,6.245823],[-75.623511,6.245836],[-75.623411,6.245851],[-75.623358,6.245851],[-75.62329,6.245844],[-75.623252,6.245831],[-75.623258,6.245798],[-75.623248,6.245758],[-75.623217,6.245698],[-75.623159,6.245586],[-75.623173,6.245562],[-75.623216,6.245521],[-75.623663,6.245252],[-75.622378,6.244191],[-75.622437,6.244124],[-75.622513,6.244036],[-75.622889,6.243606],[-75.622935,6.243555],[-75.622968,6.243489],[-75.622992,6.243305],[-75.622951,6.243342],[-75.622928,6.243371],[-75.622899,6.243394],[-75.622865,6.243408],[-75.622828,6.243417],[-75.622781,6.243421],[-75.622752,6.243421],[-75.622724,6.243416],[-75.622695,6.243404],[-75.622665,6.243384],[-75.622646,6.243363],[-75.622633,6.243338],[-75.62264,6.243304],[-75.622661,6.243272],[-75.622683,6.243242],[-75.622702,6.24322],[-75.622719,6.243198],[-75.62274,6.243166],[-75.622761,6.243135],[-75.622774,6.243111],[-75.622786,6.243085],[-75.622796,6.243059],[-75.622803,6.243031],[-75.622812,6.242995],[-75.622822,6.24296],[-75.62284,6.242927],[-75.62287,6.242906],[-75.622896,6.242895],[-75.622958,6.242875],[-75.622985,6.242867],[-75.623011,6.242857],[-75.623061,6.242833],[-75.623086,6.24282],[-75.62311,6.242807],[-75.623143,6.24279],[-75.623168,6.242778],[-75.623209,6.242756],[-75.623242,6.242737],[-75.623275,6.242718],[-75.623298,6.242705],[-75.623324,6.242694],[-75.623359,6.24268],[-75.623384,6.242669],[-75.623438,6.242652],[-75.623462,6.242643],[-75.62348,6.242615],[-75.62345,6.242596],[-75.623426,6.24258],[-75.623399,6.24256],[-75.62336,6.242555],[-75.623337,6.242541],[-75.623311,6.242515],[-75.623289,6.242497],[-75.623265,6.242481],[-75.623239,6.242472],[-75.623203,6.242462],[-75.623178,6.242449],[-75.623139,6.242427],[-75.623113,6.242414],[-75.623086,6.242406],[-75.62305,6.242397],[-75.623015,6.242388],[-75.622906,6.242328],[-75.622883,6.242305],[-75.622856,6.242278],[-75.622838,6.242257],[-75.622822,6.242234],[-75.622805,6.242201],[-75.622795,6.242166],[-75.622789,6.242109],[-75.62279,6.242081],[-75.622796,6.242053],[-75.622803,6.242027],[-75.622808,6.241998],[-75.622816,6.241942],[-75.622821,6.241913],[-75.622827,6.241867],[-75.622832,6.241838],[-75.622838,6.241811],[-75.622845,6.241775],[-75.622845,6.241747],[-75.622839,6.241701],[-75.622805,6.241699],[-75.62277,6.241712],[-75.622743,6.241725],[-75.622635,6.24178],[-75.622603,6.241792],[-75.622566,6.241798],[-75.622534,6.241799],[-75.622506,6.241799],[-75.62248,6.241798],[-75.622359,6.241784],[-75.622321,6.241781],[-75.622264,6.241777],[-75.622226,6.241779],[-75.622189,6.241784],[-75.622161,6.24179],[-75.622133,6.241794],[-75.622095,6.2418],[-75.62206,6.24181],[-75.622025,6.241825],[-75.621999,6.241836],[-75.621972,6.241844],[-75.621938,6.241859],[-75.621913,6.241871],[-75.621888,6.241883],[-75.621862,6.241892],[-75.621835,6.241893],[-75.621812,6.241879],[-75.621798,6.241854],[-75.621784,6.24182],[-75.621773,6.241785],[-75.621771,6.241747],[-75.621775,6.241709],[-75.621781,6.241682],[-75.621791,6.241655],[-75.621804,6.24162],[-75.621822,6.241588],[-75.621841,6.241555],[-75.621857,6.241532],[-75.621873,6.241508],[-75.621894,6.241477],[-75.621913,6.241445],[-75.62193,6.241411],[-75.621944,6.241376],[-75.621953,6.241341],[-75.621959,6.241303],[-75.621959,6.241275],[-75.621954,6.241247],[-75.621935,6.241215],[-75.621912,6.241186],[-75.621886,6.241159],[-75.621862,6.241131],[-75.621845,6.241098],[-75.621836,6.241061],[-75.621834,6.241033],[-75.621837,6.241005],[-75.621836,6.240969],[-75.621805,6.240939],[-75.621769,6.240928],[-75.621732,6.240922],[-75.621697,6.240909],[-75.621666,6.24089],[-75.62164,6.240862],[-75.621624,6.240829],[-75.62162,6.240792],[-75.62162,6.240735],[-75.62162,6.240697],[-75.621606,6.240664],[-75.621562,6.240661],[-75.621527,6.240671],[-75.621491,6.240683],[-75.621455,6.240691],[-75.621421,6.240676],[-75.621399,6.24066],[-75.621376,6.240643],[-75.621347,6.240617],[-75.621326,6.240588],[-75.621301,6.240561],[-75.621272,6.240537],[-75.62124,6.240517],[-75.621204,6.24051],[-75.62117,6.240521],[-75.621137,6.24054],[-75.621103,6.240555],[-75.62107,6.240573],[-75.62105,6.240592],[-75.621031,6.240613],[-75.621002,6.240635],[-75.620965,6.240639],[-75.620936,6.240638],[-75.620908,6.240633],[-75.620879,6.240631],[-75.620775,6.24066],[-75.62075,6.240672],[-75.620714,6.240681],[-75.620681,6.240677],[-75.620671,6.240707],[-75.620642,6.240756],[-75.620628,6.240779],[-75.620623,6.240818],[-75.620615,6.240848],[-75.620598,6.240873],[-75.620575,6.240904],[-75.62055,6.240934],[-75.620535,6.240956],[-75.62052,6.240981],[-75.620503,6.241009],[-75.620481,6.241041],[-75.620461,6.241071],[-75.620443,6.241103],[-75.620422,6.241134],[-75.620406,6.241168],[-75.62039,6.241196],[-75.620367,6.241231],[-75.620349,6.241262],[-75.620335,6.241291],[-75.620328,6.241332],[-75.620323,6.241379],[-75.620322,6.241411],[-75.620323,6.241463],[-75.620323,6.241489],[-75.620321,6.241528],[-75.620318,6.241557],[-75.62031,6.241583],[-75.6203,6.241614],[-75.620293,6.241639],[-75.620286,6.241671],[-75.620279,6.241707],[-75.620272,6.241746],[-75.62026,6.241788],[-75.620253,6.241821],[-75.62024,6.241866],[-75.620226,6.241907],[-75.620209,6.241937],[-75.620188,6.241968],[-75.620165,6.242],[-75.62014,6.242027],[-75.620121,6.242047],[-75.620094,6.242074],[-75.620073,6.242098],[-75.620052,6.242127],[-75.620033,6.242152],[-75.620012,6.242179],[-75.619996,6.2422],[-75.619974,6.242228],[-75.61994,6.24227],[-75.619915,6.24229],[-75.619856,6.24232],[-75.619817,6.242329],[-75.619778,6.242338],[-75.619742,6.242348],[-75.619717,6.242358],[-75.619688,6.242373],[-75.619656,6.242385],[-75.619625,6.242389],[-75.619587,6.24239],[-75.619535,6.242391],[-75.619496,6.242392],[-75.619459,6.24239],[-75.619421,6.242387],[-75.619373,6.242378],[-75.619451,6.242133],[-75.619455,6.242096],[-75.619459,6.24206],[-75.619466,6.242023],[-75.619479,6.241989],[-75.619493,6.241965],[-75.619499,6.241938],[-75.619501,6.241909],[-75.6195,6.241863],[-75.619498,6.241835],[-75.619492,6.241806],[-75.619484,6.24177],[-75.619477,6.241734],[-75.619468,6.241696],[-75.619455,6.241643],[-75.619445,6.241606],[-75.619431,6.241582],[-75.619411,6.241562],[-75.619392,6.241542],[-75.61937,6.241524],[-75.619345,6.241513],[-75.619318,6.241509],[-75.619279,6.241505],[-75.619242,6.241496],[-75.619207,6.241482],[-75.619172,6.241466],[-75.619146,6.241455],[-75.61912,6.241444],[-75.619084,6.241431],[-75.619047,6.24142],[-75.61901,6.241414],[-75.618983,6.241409],[-75.618957,6.241396],[-75.618932,6.241383],[-75.618906,6.24137],[-75.618873,6.241353],[-75.618837,6.24134],[-75.618801,6.241332],[-75.618764,6.241329],[-75.618726,6.241328],[-75.618697,6.241328],[-75.618669,6.241326],[-75.618641,6.241324],[-75.618614,6.241319],[-75.618587,6.24131],[-75.618561,6.2413],[-75.618525,6.241285],[-75.61849,6.241274],[-75.618454,6.241263],[-75.618407,6.241255],[-75.618379,6.24125],[-75.618351,6.241248],[-75.618322,6.241246],[-75.618285,6.241246],[-75.618247,6.241245],[-75.61821,6.24124],[-75.618172,6.241237],[-75.618144,6.241232],[-75.618117,6.241228],[-75.61808,6.241228],[-75.618033,6.241233],[-75.617993,6.241245],[-75.617957,6.241253],[-75.617913,6.241245],[-75.617877,6.241241],[-75.617843,6.241226],[-75.617812,6.241205],[-75.617793,6.241184],[-75.617773,6.241165],[-75.617748,6.241151],[-75.617724,6.241136],[-75.617691,6.241119],[-75.617655,6.241105],[-75.617619,6.241111],[-75.617585,6.241124],[-75.617534,6.241133],[-75.617499,6.241129],[-75.617466,6.241123],[-75.617438,6.241122],[-75.61741,6.241117],[-75.617373,6.24111],[-75.617338,6.241099],[-75.617305,6.241082],[-75.617281,6.241067],[-75.617257,6.241053],[-75.617223,6.241037],[-75.617196,6.24103],[-75.617168,6.241027],[-75.61714,6.241023],[-75.617103,6.241023],[-75.617075,6.241024],[-75.617038,6.241023],[-75.617013,6.241012],[-75.616987,6.241002],[-75.616959,6.24098],[-75.616945,6.240945],[-75.616932,6.24091],[-75.616907,6.240887],[-75.61687,6.240878],[-75.616839,6.240857],[-75.616819,6.240837],[-75.6168,6.240815],[-75.616782,6.240795],[-75.616765,6.240772],[-75.616743,6.240741],[-75.61672,6.240711],[-75.616696,6.240682],[-75.616669,6.24067],[-75.616655,6.240717],[-75.616648,6.240753],[-75.616636,6.240789],[-75.616631,6.240824],[-75.616636,6.240862],[-75.616637,6.2409],[-75.616626,6.240925],[-75.616604,6.240943],[-75.616574,6.240964],[-75.616547,6.240969],[-75.61652,6.240969],[-75.616486,6.240982],[-75.616463,6.240997],[-75.616441,6.241015],[-75.616413,6.241039],[-75.616387,6.241048],[-75.616362,6.241036],[-75.616341,6.241017],[-75.616322,6.240996],[-75.6163,6.240966],[-75.616278,6.240936],[-75.616255,6.240921],[-75.616228,6.240925],[-75.616206,6.240941],[-75.616186,6.24096],[-75.616166,6.24098],[-75.616144,6.240997],[-75.615984,6.24101],[-75.615966,6.240979],[-75.615955,6.240953],[-75.615943,6.240908],[-75.615935,6.240872],[-75.615931,6.240835],[-75.615929,6.240799],[-75.615916,6.240775],[-75.615897,6.240753],[-75.615869,6.240727],[-75.615844,6.2407],[-75.615824,6.240668],[-75.615802,6.240638],[-75.61579,6.240613],[-75.615776,6.240578],[-75.615761,6.240556],[-75.615742,6.240535],[-75.615722,6.240515],[-75.615704,6.240493],[-75.615691,6.240469],[-75.615687,6.240442],[-75.61569,6.240414],[-75.615686,6.240378],[-75.615659,6.240351],[-75.615627,6.240337],[-75.615594,6.240322],[-75.615571,6.240306],[-75.615548,6.24029],[-75.615513,6.240279],[-75.615486,6.240268],[-75.615463,6.240253],[-75.615435,6.240226],[-75.615411,6.240197],[-75.615388,6.240168],[-75.615362,6.240148],[-75.615326,6.240158],[-75.615292,6.240172],[-75.615257,6.240166],[-75.615225,6.240146],[-75.615191,6.240135],[-75.615164,6.240142],[-75.615141,6.240158],[-75.615115,6.240184],[-75.615086,6.240206],[-75.615058,6.240232],[-75.614939,6.240288],[-75.614901,6.240299],[-75.614859,6.240326],[-75.614814,6.240344],[-75.614782,6.240343],[-75.614746,6.240337],[-75.614626,6.240326],[-75.614598,6.240322],[-75.614561,6.240321],[-75.614524,6.240325],[-75.614497,6.240328],[-75.614469,6.240331],[-75.614432,6.240333],[-75.614395,6.240334],[-75.614358,6.240334],[-75.614321,6.240334],[-75.614284,6.240331],[-75.614256,6.240327],[-75.614228,6.240327],[-75.614191,6.240327],[-75.614154,6.240329],[-75.614118,6.240339],[-75.614082,6.240348],[-75.614057,6.240359],[-75.614028,6.24036],[-75.613998,6.240353],[-75.613957,6.240346],[-75.614056,6.240131],[-75.614066,6.240099],[-75.614068,6.240036],[-75.614068,6.239993],[-75.614073,6.239908],[-75.614095,6.239763],[-75.614107,6.239707],[-75.614109,6.239645],[-75.614109,6.239605],[-75.614099,6.239581],[-75.614076,6.239545],[-75.614012,6.239484],[-75.613929,6.239417],[-75.613916,6.239382],[-75.613922,6.239318],[-75.614086,6.239225],[-75.613951,6.239163],[-75.613725,6.239059],[-75.613614,6.239003],[-75.613572,6.238973],[-75.613531,6.238945],[-75.613486,6.238894],[-75.613477,6.238862],[-75.613467,6.238827],[-75.613444,6.238766],[-75.613402,6.238651],[-75.613365,6.238587],[-75.613309,6.238511],[-75.61315,6.238323],[-75.613139,6.238276],[-75.613115,6.238233],[-75.61308,6.238188],[-75.613038,6.238158],[-75.612995,6.238122],[-75.612951,6.238086],[-75.61291,6.238044],[-75.612879,6.237998],[-75.612851,6.237954],[-75.61282,6.237912],[-75.612787,6.237867],[-75.612756,6.237826],[-75.612728,6.237791],[-75.612696,6.23775],[-75.61267,6.23771],[-75.612668,6.237655],[-75.612669,6.237601],[-75.61267,6.237545],[-75.612681,6.237489],[-75.612691,6.237418],[-75.612695,6.237389],[-75.612697,6.23734],[-75.612695,6.237283],[-75.612692,6.237238],[-75.612671,6.237184],[-75.612652,6.237135],[-75.612623,6.237109],[-75.61259,6.237092],[-75.612616,6.237037],[-75.612708,6.236841],[-75.612797,6.236627],[-75.61285,6.236536],[-75.612952,6.236386],[-75.613013,6.236275],[-75.613029,6.236238],[-75.613173,6.236277],[-75.613311,6.236338],[-75.6135,6.236419],[-75.613583,6.236448],[-75.613637,6.236474],[-75.613822,6.236575],[-75.613881,6.236602],[-75.613927,6.236607],[-75.614003,6.236644],[-75.61406,6.236657],[-75.61433,6.236713],[-75.61447,6.23667],[-75.614612,6.236642],[-75.614649,6.236603],[-75.61467,6.236451],[-75.614602,6.23604],[-75.614677,6.236051],[-75.614724,6.236068],[-75.614754,6.236086],[-75.614785,6.236108],[-75.614808,6.236126],[-75.614829,6.236145],[-75.614864,6.236171],[-75.614902,6.236198],[-75.614945,6.236228],[-75.614985,6.236254],[-75.615029,6.236285],[-75.61507,6.23631],[-75.615111,6.236335],[-75.615165,6.236365],[-75.615204,6.236394],[-75.615251,6.236426],[-75.615289,6.236451],[-75.615334,6.236474],[-75.615396,6.236506],[-75.615438,6.23653],[-75.615485,6.236554],[-75.615532,6.236572],[-75.615594,6.236596],[-75.615638,6.236608],[-75.615699,6.236616],[-75.615739,6.236617],[-75.615775,6.236597],[-75.615816,6.236567],[-75.615867,6.236536],[-75.615916,6.236513],[-75.615975,6.236508],[-75.616022,6.236506],[-75.616085,6.236509],[-75.616148,6.236516],[-75.616203,6.236532],[-75.616258,6.236546],[-75.616305,6.23656],[-75.616351,6.236571],[-75.616399,6.236587],[-75.616442,6.236591],[-75.616495,6.23659],[-75.616555,6.236593],[-75.616606,6.236596],[-75.616668,6.236603],[-75.616715,6.236613],[-75.616777,6.236624],[-75.616824,6.236635],[-75.616876,6.236655],[-75.61692,6.236674],[-75.616972,6.236698],[-75.617018,6.23671],[-75.617069,6.236721],[-75.617123,6.236741],[-75.617169,6.236767],[-75.617214,6.236808],[-75.617253,6.236845],[-75.617291,6.23688],[-75.617329,6.2369],[-75.617365,6.236924],[-75.617413,6.236935],[-75.617462,6.236938],[-75.617509,6.236939],[-75.617549,6.236929],[-75.617585,6.236908],[-75.61762,6.23688],[-75.617649,6.236843],[-75.617685,6.236795],[-75.617729,6.236754],[-75.617781,6.236736],[-75.617848,6.236738],[-75.617892,6.236776],[-75.617925,6.23682],[-75.617955,6.236857],[-75.617984,6.236893],[-75.618019,6.236935],[-75.618051,6.236951],[-75.618097,6.236952],[-75.618147,6.236945],[-75.618202,6.236926],[-75.618231,6.236901],[-75.61826,6.236857],[-75.618299,6.236814],[-75.618356,6.236779],[-75.61842,6.236768],[-75.618478,6.236788],[-75.618515,6.23683],[-75.618547,6.236867],[-75.618576,6.236907],[-75.618608,6.236939],[-75.618643,6.236971],[-75.618686,6.236994],[-75.618739,6.23702],[-75.618773,6.237056],[-75.61881,6.237091],[-75.618846,6.237129],[-75.618866,6.237174],[-75.618894,6.237208],[-75.618934,6.237239],[-75.618978,6.237261],[-75.619029,6.23728],[-75.61908,6.237279],[-75.619132,6.23727],[-75.619171,6.237246],[-75.619207,6.237211],[-75.619234,6.237177],[-75.619257,6.237136],[-75.619279,6.237091],[-75.619302,6.237034],[-75.619338,6.236987],[-75.619387,6.236956],[-75.619435,6.23694],[-75.619489,6.236922],[-75.619532,6.236903],[-75.619575,6.236878],[-75.61962,6.236856],[-75.619659,6.236828],[-75.619694,6.236799],[-75.619737,6.236772],[-75.619787,6.236753],[-75.619837,6.236737],[-75.619884,6.236722],[-75.619929,6.23671],[-75.619984,6.236702],[-75.62004,6.236698],[-75.620089,6.236695],[-75.620137,6.236692],[-75.620183,6.236691],[-75.620239,6.236694],[-75.620286,6.236706],[-75.620331,6.236718],[-75.620379,6.236727],[-75.620422,6.23674],[-75.620475,6.236742],[-75.620531,6.236742],[-75.620586,6.236753],[-75.620635,6.236766],[-75.620689,6.236784],[-75.620739,6.236797],[-75.620788,6.236807],[-75.620828,6.236802],[-75.620876,6.236788],[-75.62092,6.236774],[-75.62097,6.236756],[-75.621021,6.236736],[-75.621066,6.236711],[-75.621106,6.236688],[-75.621148,6.236662],[-75.621193,6.236633],[-75.621235,6.236601],[-75.62127,6.236571],[-75.621309,6.236543],[-75.621341,6.236521],[-75.621388,6.236486],[-75.621429,6.236453],[-75.621464,6.236413],[-75.621504,6.236383],[-75.621544,6.236356],[-75.621591,6.236334],[-75.621634,6.236307],[-75.62168,6.236277],[-75.621741,6.236266],[-75.621796,6.236288],[-75.62183,6.236325],[-75.621871,6.236368],[-75.621887,6.236413],[-75.621917,6.236442],[-75.621952,6.236464],[-75.621996,6.236477],[-75.622047,6.236478],[-75.62208,6.236476],[-75.622098,6.236447],[-75.622119,6.236404],[-75.622151,6.23635],[-75.622173,6.236311],[-75.6222,6.236265],[-75.622232,6.236228],[-75.622259,6.236191],[-75.622288,6.236151],[-75.622311,6.236113],[-75.622336,6.236064],[-75.622359,6.23602],[-75.622395,6.235977],[-75.62245,6.235934],[-75.622528,6.235889],[-75.622579,6.235861],[-75.622638,6.235838],[-75.622648,6.235812],[-75.622671,6.235789],[-75.622687,6.235764],[-75.622693,6.235732],[-75.622687,6.235701],[-75.622685,6.235667],[-75.622692,6.235635],[-75.622704,6.23561],[-75.622729,6.235582],[-75.622764,6.235557],[-75.622789,6.235532],[-75.6228,6.235495],[-75.622807,6.235465],[-75.622778,6.235468],[-75.622709,6.235506],[-75.622664,6.235546],[-75.622587,6.235631],[-75.622512,6.235731],[-75.622439,6.235776],[-75.622251,6.235837],[-75.621896,6.235882],[-75.621678,6.235913],[-75.621447,6.235913],[-75.621344,6.235913],[-75.621101,6.235872],[-75.62107,6.235857],[-75.620943,6.235796],[-75.620853,6.235762],[-75.620629,6.23568],[-75.620457,6.235619],[-75.620335,6.235603],[-75.620082,6.235619],[-75.619925,6.235652],[-75.619691,6.235711],[-75.619637,6.235723],[-75.619381,6.235771],[-75.619286,6.235782],[-75.618992,6.235782],[-75.618683,6.235731],[-75.618435,6.235676],[-75.61817,6.235543],[-75.617952,6.235365],[-75.617468,6.235027],[-75.617352,6.23497],[-75.616693,6.234869],[-75.616625,6.234846],[-75.616498,6.234765],[-75.616308,6.234665],[-75.616219,6.234618],[-75.616021,6.234556],[-75.615875,6.234521],[-75.615149,6.234455],[-75.614921,6.234476],[-75.614895,6.234482],[-75.61486,6.233754],[-75.614909,6.233766],[-75.614936,6.233763],[-75.614967,6.233767],[-75.615024,6.233774],[-75.615051,6.233778],[-75.615092,6.233783],[-75.615135,6.233785],[-75.615173,6.233785],[-75.615209,6.233785],[-75.615252,6.233785],[-75.615294,6.233785],[-75.615338,6.233785],[-75.61537,6.233787],[-75.615413,6.233789],[-75.615446,6.233791],[-75.615489,6.233794],[-75.615549,6.233806],[-75.615548,6.233742],[-75.615548,6.23371],[-75.615546,6.233577],[-75.615546,6.233522],[-75.615525,6.233501],[-75.615486,6.233463],[-75.61544,6.23342],[-75.615468,6.233413],[-75.615467,6.233377],[-75.615463,6.23335],[-75.615406,6.233342],[-75.615411,6.2333],[-75.615408,6.233239],[-75.615402,6.233172],[-75.61547,6.23318],[-75.61546,6.233116],[-75.615451,6.233056],[-75.615446,6.233017],[-75.615457,6.232972],[-75.615477,6.232898],[-75.615492,6.232847],[-75.615507,6.23279],[-75.615549,6.232799],[-75.615623,6.232823],[-75.615686,6.232822],[-75.6157,6.23278],[-75.61571,6.232747],[-75.615725,6.2327],[-75.615746,6.232634],[-75.615771,6.232557],[-75.615799,6.232494],[-75.615816,6.232433],[-75.615825,6.232365],[-75.615831,6.232322],[-75.615838,6.232243],[-75.615804,6.232241],[-75.615793,6.232189],[-75.615783,6.232145],[-75.615826,6.231988],[-75.615866,6.231938],[-75.615895,6.2319],[-75.615922,6.231864],[-75.615959,6.231818],[-75.615991,6.231776],[-75.616035,6.231737],[-75.616062,6.231681],[-75.616049,6.231639],[-75.616039,6.231602],[-75.616069,6.231594],[-75.616049,6.231548],[-75.616004,6.231496],[-75.615961,6.231451],[-75.615936,6.231462],[-75.615888,6.231472],[-75.615849,6.23143],[-75.615816,6.231399],[-75.615793,6.231377],[-75.615774,6.231359],[-75.61575,6.231336],[-75.61572,6.231308],[-75.615682,6.231277],[-75.615656,6.231261],[-75.615627,6.231242],[-75.615588,6.231225],[-75.615555,6.231211],[-75.61553,6.2312],[-75.615498,6.231182],[-75.615458,6.23116],[-75.615387,6.231121],[-75.615363,6.231132],[-75.615303,6.231135],[-75.615254,6.231139],[-75.615194,6.231142],[-75.615137,6.231144],[-75.61508,6.231132],[-75.61502,6.231118],[-75.614959,6.231105],[-75.614897,6.231079],[-75.614855,6.23107],[-75.614799,6.23106],[-75.614739,6.231047],[-75.614679,6.23103],[-75.614625,6.231018],[-75.614574,6.231007],[-75.614521,6.230994],[-75.61427,6.230975],[-75.614213,6.230966],[-75.61415,6.230956],[-75.614056,6.230941],[-75.614048,6.230973],[-75.613974,6.230962],[-75.613924,6.230939],[-75.613938,6.230915],[-75.613965,6.23089],[-75.613998,6.230865],[-75.614117,6.230783],[-75.614149,6.230765],[-75.614173,6.23075],[-75.614203,6.230735],[-75.614234,6.230721],[-75.614264,6.230708],[-75.614306,6.230694],[-75.614351,6.230683],[-75.614398,6.230679],[-75.614515,6.230643],[-75.614539,6.230632],[-75.614563,6.230622],[-75.614587,6.230614],[-75.614613,6.230609],[-75.614639,6.230606],[-75.614706,6.230592],[-75.61474,6.230585],[-75.61477,6.230577],[-75.614801,6.230571],[-75.614829,6.230578],[-75.614893,6.230622],[-75.614959,6.230656],[-75.614965,6.23062],[-75.61498,6.230575],[-75.615017,6.230501],[-75.615038,6.23047],[-75.615059,6.23044],[-75.615077,6.230418],[-75.615095,6.230396],[-75.615121,6.23037],[-75.615145,6.230357],[-75.615171,6.230346],[-75.615207,6.230336],[-75.615244,6.230329],[-75.615272,6.230327],[-75.6153,6.230328],[-75.615338,6.230328],[-75.615375,6.230331],[-75.615412,6.230341],[-75.61544,6.230344],[-75.615469,6.230346],[-75.615507,6.230348],[-75.615545,6.230349],[-75.615582,6.230342],[-75.615617,6.23033],[-75.615651,6.230319],[-75.615685,6.230312],[-75.615768,6.230301],[-75.6158,6.230293],[-75.615833,6.23029],[-75.615865,6.230287],[-75.615894,6.230275],[-75.615924,6.230267],[-75.615969,6.230258],[-75.616004,6.230248],[-75.616035,6.230237],[-75.61607,6.230232],[-75.616096,6.230228],[-75.61612,6.230218],[-75.61615,6.230204],[-75.616175,6.230199],[-75.616212,6.230198],[-75.616248,6.230198],[-75.616298,6.230195],[-75.616331,6.23018],[-75.616285,6.230149],[-75.616257,6.230129],[-75.616238,6.230103],[-75.616221,6.230076],[-75.616203,6.230046],[-75.616175,6.230008],[-75.616147,6.229974],[-75.616127,6.229946],[-75.616098,6.229907],[-75.616078,6.229887],[-75.616056,6.22987],[-75.616029,6.229845],[-75.616012,6.229823],[-75.615998,6.229799],[-75.61598,6.229767],[-75.61596,6.229734],[-75.615937,6.229703],[-75.615918,6.229681],[-75.615898,6.22966],[-75.615878,6.229641],[-75.615858,6.229622],[-75.615837,6.229591],[-75.615815,6.229561],[-75.61579,6.229534],[-75.615762,6.229509],[-75.615732,6.229487],[-75.615709,6.229473],[-75.615687,6.229455],[-75.615662,6.229427],[-75.615639,6.229399],[-75.615621,6.229377],[-75.615603,6.229355],[-75.615584,6.229335],[-75.61556,6.229311],[-75.615535,6.229288],[-75.61551,6.229268],[-75.615474,6.22924],[-75.61544,6.229211],[-75.615414,6.229189],[-75.615363,6.229141],[-75.615335,6.229113],[-75.615311,6.22909],[-75.615286,6.229066],[-75.615261,6.229044],[-75.615239,6.229019],[-75.61521,6.228985],[-75.61519,6.228957],[-75.615176,6.228928],[-75.615166,6.228885],[-75.615173,6.228841],[-75.615204,6.228811],[-75.615236,6.228802],[-75.615262,6.228793],[-75.61529,6.22879],[-75.615317,6.228787],[-75.615352,6.228783],[-75.615382,6.228777],[-75.615425,6.228766],[-75.615457,6.228756],[-75.615484,6.228742],[-75.615509,6.228724],[-75.615537,6.22871],[-75.615564,6.228692],[-75.615593,6.228679],[-75.61562,6.228665],[-75.615651,6.228646],[-75.615683,6.228626],[-75.615723,6.228597],[-75.615756,6.228566],[-75.615783,6.228529],[-75.615817,6.228501],[-75.615847,6.228487],[-75.615874,6.228468],[-75.61591,6.228442],[-75.615938,6.228424],[-75.615978,6.228386],[-75.616002,6.228365],[-75.616029,6.228347],[-75.616064,6.228329],[-75.616093,6.228325],[-75.616122,6.22832],[-75.616159,6.228307],[-75.616184,6.228284],[-75.616149,6.228273],[-75.616122,6.228265],[-75.616092,6.228244],[-75.616073,6.228224],[-75.616062,6.228198],[-75.616047,6.228165],[-75.616038,6.228139],[-75.616032,6.228111],[-75.616026,6.22807],[-75.615978,6.227955],[-75.615966,6.22793],[-75.615948,6.227903],[-75.615881,6.227865],[-75.615868,6.227901],[-75.615835,6.227902],[-75.615801,6.22789],[-75.615776,6.227879],[-75.61575,6.22787],[-75.615713,6.227864],[-75.615678,6.227853],[-75.615645,6.227838],[-75.615618,6.22783],[-75.61559,6.227827],[-75.615553,6.227827],[-75.615515,6.227827],[-75.615478,6.22783],[-75.61545,6.227833],[-75.615424,6.227842],[-75.615401,6.227869],[-75.615384,6.227903],[-75.615359,6.227928],[-75.615332,6.227933],[-75.615307,6.227922],[-75.615277,6.227901],[-75.615249,6.227876],[-75.615224,6.227848],[-75.615196,6.227824],[-75.615164,6.227805],[-75.615139,6.227793],[-75.615015,6.227744],[-75.614994,6.227726],[-75.61497,6.227698],[-75.614942,6.227672],[-75.614908,6.227658],[-75.614872,6.227644],[-75.614841,6.227624],[-75.614815,6.227598],[-75.614797,6.227577],[-75.614777,6.227558],[-75.614747,6.227535],[-75.614713,6.227519],[-75.614679,6.227505],[-75.614648,6.227486],[-75.614617,6.227465],[-75.614589,6.227459],[-75.614561,6.22746],[-75.614523,6.227461],[-75.614486,6.227464],[-75.614458,6.22746],[-75.61443,6.22745],[-75.614397,6.227431],[-75.614371,6.227405],[-75.614356,6.227371],[-75.614351,6.227343],[-75.61434,6.227318],[-75.614324,6.227286],[-75.614321,6.227257],[-75.614315,6.227221],[-75.614276,6.22726],[-75.614245,6.227281],[-75.61421,6.227294],[-75.614183,6.227296],[-75.614157,6.227285],[-75.614132,6.227272],[-75.614108,6.227257],[-75.614075,6.227234],[-75.614038,6.227218],[-75.614003,6.227205],[-75.613967,6.227193],[-75.613932,6.227181],[-75.613906,6.22717],[-75.61388,6.22716],[-75.613846,6.227147],[-75.613809,6.227136],[-75.613773,6.227126],[-75.613736,6.227121],[-75.613699,6.227121],[-75.613671,6.227122],[-75.613643,6.227122],[-75.613607,6.227114],[-75.613583,6.227098],[-75.613557,6.22708],[-75.613529,6.227062],[-75.613505,6.227047],[-75.613482,6.227032],[-75.613457,6.227019],[-75.613433,6.227006],[-75.613408,6.226993],[-75.613382,6.226982],[-75.613348,6.226967],[-75.613313,6.226953],[-75.613279,6.226939],[-75.613245,6.226923],[-75.613196,6.226896],[-75.613164,6.226877],[-75.613133,6.226857],[-75.613109,6.226841],[-75.613085,6.226827],[-75.613062,6.226811],[-75.61303,6.226794],[-75.61299,6.226787],[-75.613015,6.226849],[-75.612999,6.22687],[-75.612969,6.226875],[-75.612937,6.226856],[-75.612905,6.226838],[-75.612873,6.226818],[-75.612839,6.226803],[-75.612805,6.226786],[-75.612774,6.226766],[-75.61275,6.226752],[-75.612724,6.226743],[-75.612696,6.226741],[-75.612678,6.226761],[-75.612669,6.226797],[-75.61266,6.226834],[-75.612641,6.226866],[-75.612622,6.226887],[-75.612599,6.226901],[-75.612573,6.226913],[-75.612546,6.226921],[-75.61251,6.226932],[-75.612483,6.226936],[-75.612454,6.226939],[-75.612417,6.226942],[-75.612379,6.226943],[-75.612351,6.226943],[-75.612323,6.226944],[-75.612286,6.226947],[-75.612252,6.226961],[-75.612228,6.226975],[-75.612203,6.226987],[-75.612153,6.227052],[-75.612144,6.227088],[-75.612144,6.227126],[-75.612145,6.227164],[-75.612146,6.227192],[-75.612149,6.22722],[-75.612152,6.227247],[-75.612158,6.227276],[-75.61217,6.227312],[-75.61218,6.227347],[-75.612193,6.227383],[-75.612199,6.22742],[-75.612201,6.227449],[-75.612206,6.227477],[-75.612209,6.227505],[-75.612207,6.227533],[-75.612191,6.227566],[-75.612173,6.227588],[-75.612156,6.22761],[-75.612134,6.22764],[-75.612113,6.227671],[-75.612099,6.227695],[-75.612084,6.227719],[-75.61207,6.227744],[-75.612057,6.227769],[-75.612042,6.227803],[-75.612028,6.227838],[-75.612013,6.227861],[-75.612,6.227887],[-75.611983,6.22792],[-75.611967,6.227943],[-75.611944,6.227958],[-75.611826,6.227997],[-75.611795,6.228017],[-75.611765,6.228038],[-75.611728,6.228043],[-75.6117,6.228044],[-75.611652,6.228046],[-75.611615,6.22805],[-75.611587,6.228054],[-75.611559,6.228054],[-75.611524,6.228041],[-75.611491,6.228025],[-75.611466,6.228013],[-75.611439,6.228004],[-75.611404,6.227991],[-75.611368,6.227974],[-75.611327,6.227849],[-75.611293,6.227829],[-75.611259,6.22783],[-75.611232,6.22784],[-75.611209,6.227856],[-75.611188,6.227874],[-75.611162,6.227883],[-75.611128,6.227898],[-75.6111,6.227923],[-75.611075,6.227951],[-75.611046,6.227974],[-75.611009,6.227982],[-75.610981,6.228004],[-75.610965,6.228027],[-75.610949,6.228051],[-75.610926,6.22808],[-75.61091,6.228113],[-75.610878,6.228167],[-75.610861,6.2282],[-75.610849,6.228235],[-75.610843,6.228272],[-75.610843,6.228309],[-75.610843,6.228347],[-75.610843,6.228385],[-75.610841,6.228423],[-75.610836,6.22846],[-75.610831,6.228489],[-75.610825,6.228517],[-75.610813,6.228551],[-75.610803,6.228589],[-75.61079,6.228624],[-75.610766,6.228652],[-75.610744,6.228671],[-75.610731,6.228695],[-75.610723,6.22873],[-75.610721,6.228759],[-75.610719,6.228787],[-75.610718,6.228815],[-75.610716,6.228844],[-75.610711,6.22888],[-75.610707,6.228917],[-75.610703,6.228954],[-75.610697,6.228991],[-75.610688,6.229028],[-75.610681,6.229065],[-75.610668,6.2291],[-75.610657,6.229135],[-75.610642,6.22917],[-75.610613,6.22919],[-75.610585,6.229193],[-75.610557,6.229194],[-75.610519,6.229192],[-75.610482,6.229192],[-75.610444,6.229193],[-75.610417,6.229201],[-75.610391,6.229212],[-75.610355,6.229223],[-75.610326,6.229227],[-75.610298,6.229228],[-75.610269,6.229228],[-75.610244,6.229218],[-75.610213,6.229196],[-75.610058,6.229104],[-75.610034,6.229088],[-75.610002,6.229071],[-75.609968,6.229057],[-75.609947,6.229039],[-75.609927,6.22902],[-75.60991,6.228989],[-75.609898,6.228953],[-75.609893,6.228916],[-75.609892,6.228888],[-75.60989,6.228859],[-75.609886,6.228832],[-75.609875,6.228806],[-75.609863,6.22877],[-75.609849,6.228736],[-75.609838,6.2287],[-75.609826,6.228664],[-75.609816,6.228629],[-75.609809,6.228602],[-75.609804,6.228573],[-75.6098,6.228537],[-75.609801,6.228462],[-75.609802,6.228424],[-75.609801,6.228396],[-75.609802,6.228368],[-75.609803,6.22833],[-75.609803,6.228292],[-75.609804,6.228264],[-75.609804,6.228235],[-75.609804,6.228198],[-75.609805,6.22816],[-75.609805,6.228131],[-75.609806,6.228094],[-75.609807,6.228066],[-75.609799,6.228031],[-75.609782,6.227998],[-75.609763,6.227966],[-75.609741,6.227936],[-75.609717,6.22791],[-75.609724,6.227859],[-75.609741,6.227822],[-75.609755,6.227775],[-75.609768,6.227725],[-75.609776,6.227674],[-75.609784,6.227625],[-75.609791,6.227583],[-75.609795,6.227536],[-75.609801,6.227488],[-75.609807,6.227452],[-75.609813,6.227407],[-75.609817,6.227373],[-75.609822,6.227345],[-75.609828,6.227307],[-75.609836,6.227269],[-75.60989,6.227031],[-75.609868,6.227006],[-75.609847,6.226986],[-75.609821,6.226978],[-75.609784,6.226979],[-75.609756,6.226981],[-75.609718,6.226983],[-75.60969,6.226982],[-75.609665,6.226971],[-75.609642,6.226955],[-75.609617,6.226928],[-75.609592,6.226882],[-75.609581,6.226856],[-75.609575,6.226832],[-75.609564,6.226728],[-75.60956,6.226699],[-75.609553,6.226672],[-75.609542,6.226647],[-75.609529,6.226622],[-75.609516,6.226598],[-75.609504,6.226573],[-75.609491,6.226548],[-75.609472,6.226515],[-75.609466,6.226482],[-75.609496,6.226463],[-75.609532,6.226456],[-75.609566,6.226442],[-75.609601,6.22643],[-75.609636,6.226441],[-75.60966,6.226455],[-75.609684,6.226469],[-75.609706,6.226487],[-75.609734,6.226512],[-75.609756,6.226528],[-75.609787,6.226546],[-75.609825,6.226546],[-75.609861,6.226537],[-75.609885,6.226522],[-75.609815,6.226323],[-75.609808,6.226296],[-75.609798,6.226258],[-75.609787,6.226223],[-75.609777,6.226195],[-75.609767,6.226161],[-75.609755,6.226131],[-75.609742,6.226104],[-75.609724,6.226066],[-75.609706,6.226036],[-75.609692,6.226013],[-75.609678,6.225985],[-75.609662,6.225949],[-75.609645,6.225913],[-75.60963,6.225886],[-75.609615,6.225857],[-75.609601,6.225822],[-75.609587,6.225781],[-75.609576,6.22574],[-75.609579,6.225711],[-75.609579,6.225683],[-75.609578,6.225646],[-75.60957,6.22561],[-75.60956,6.225574],[-75.609551,6.225546],[-75.609545,6.22552],[-75.609531,6.225485],[-75.609521,6.225457],[-75.60952,6.225422],[-75.609519,6.225394],[-75.60952,6.225357],[-75.609518,6.225319],[-75.609511,6.225283],[-75.609501,6.225247],[-75.6095,6.22521],[-75.609506,6.225173],[-75.60951,6.225145],[-75.609519,6.225119],[-75.609536,6.225085],[-75.609555,6.225053],[-75.609578,6.225024],[-75.609604,6.224997],[-75.609631,6.224972],[-75.60966,6.224948],[-75.609688,6.224924],[-75.609711,6.224908],[-75.609733,6.224891],[-75.609766,6.224886],[-75.609786,6.224904],[-75.609799,6.224929],[-75.609818,6.22496],[-75.609837,6.224991],[-75.609849,6.225016],[-75.609862,6.225041],[-75.609886,6.225069],[-75.609904,6.225102],[-75.609923,6.225135],[-75.609938,6.225169],[-75.609944,6.225206],[-75.609944,6.225234],[-75.609947,6.225262],[-75.60996,6.225297],[-75.609981,6.225335],[-75.610004,6.225318],[-75.610035,6.225308],[-75.610072,6.225308],[-75.610109,6.225315],[-75.610153,6.225336],[-75.610156,6.225298],[-75.610161,6.225261],[-75.61018,6.225229],[-75.610195,6.225205],[-75.610201,6.225178],[-75.61021,6.225152],[-75.610231,6.225134],[-75.61026,6.225111],[-75.610289,6.225087],[-75.610319,6.225066],[-75.61035,6.225046],[-75.610371,6.225029],[-75.610395,6.225015],[-75.610431,6.225008],[-75.610468,6.225013],[-75.610494,6.225024],[-75.610518,6.225038],[-75.610549,6.225058],[-75.610583,6.225074],[-75.610617,6.225088],[-75.610653,6.225097],[-75.61069,6.225103],[-75.610718,6.225107],[-75.610746,6.225108],[-75.610781,6.22512],[-75.610805,6.225134],[-75.61083,6.225146],[-75.610854,6.225161],[-75.610875,6.225179],[-75.610906,6.225199],[-75.610929,6.225216],[-75.610947,6.225237],[-75.610965,6.225259],[-75.610982,6.225282],[-75.611013,6.225299],[-75.61105,6.225302],[-75.611077,6.225294],[-75.611102,6.225283],[-75.611126,6.225269],[-75.611149,6.225253],[-75.611181,6.225235],[-75.611209,6.225212],[-75.611232,6.225182],[-75.611257,6.225154],[-75.611273,6.22512],[-75.611279,6.225083],[-75.611286,6.225046],[-75.611296,6.225021],[-75.611309,6.224996],[-75.611333,6.224966],[-75.611355,6.224949],[-75.611379,6.224936],[-75.611403,6.224921],[-75.611424,6.224903],[-75.611453,6.224878],[-75.611491,6.224858],[-75.611525,6.224848],[-75.611571,6.224838],[-75.611549,6.224779],[-75.611541,6.224752],[-75.61153,6.224727],[-75.61151,6.224691],[-75.611488,6.224662],[-75.611467,6.224642],[-75.611446,6.224625],[-75.611419,6.2246],[-75.611391,6.224574],[-75.61136,6.224554],[-75.611326,6.224539],[-75.6113,6.224528],[-75.611277,6.224512],[-75.611255,6.224494],[-75.611235,6.224474],[-75.611212,6.224444],[-75.611204,6.224418],[-75.611207,6.224391],[-75.611265,6.224325],[-75.611298,6.224329],[-75.611321,6.224315],[-75.61131,6.224279],[-75.61132,6.224246],[-75.611353,6.224235],[-75.61139,6.224225],[-75.611426,6.224226],[-75.61146,6.224241],[-75.611491,6.22423],[-75.611521,6.224207],[-75.611552,6.224188],[-75.611579,6.224181],[-75.611604,6.22417],[-75.611633,6.224146],[-75.611653,6.224115],[-75.611663,6.224089],[-75.611677,6.224065],[-75.611702,6.224038],[-75.611727,6.224011],[-75.611739,6.223977],[-75.611733,6.22395],[-75.611732,6.223922],[-75.611722,6.223886],[-75.611715,6.22386],[-75.611713,6.223832],[-75.611714,6.223794],[-75.611705,6.223758],[-75.611689,6.223724],[-75.611669,6.223693],[-75.61165,6.223661],[-75.611631,6.22363],[-75.611608,6.2236],[-75.611589,6.223581],[-75.611567,6.223563],[-75.611536,6.223541],[-75.611506,6.223518],[-75.611484,6.223502],[-75.611461,6.223485],[-75.611434,6.223459],[-75.611417,6.223437],[-75.611399,6.223414],[-75.611376,6.223385],[-75.611357,6.223365],[-75.611338,6.223344],[-75.611313,6.223317],[-75.611287,6.22329],[-75.611266,6.223271],[-75.611246,6.223251],[-75.611228,6.223229],[-75.611211,6.223207],[-75.611196,6.223184],[-75.611179,6.223162],[-75.611161,6.223141],[-75.611139,6.223124],[-75.611114,6.223112],[-75.611093,6.223096],[-75.611086,6.22307],[-75.611092,6.223043],[-75.611118,6.223018],[-75.61114,6.223002],[-75.611165,6.222992],[-75.611184,6.222963],[-75.611198,6.222928],[-75.611214,6.222906],[-75.611232,6.222884],[-75.611255,6.222854],[-75.611282,6.222828],[-75.611309,6.222804],[-75.611337,6.22278],[-75.611368,6.222759],[-75.611394,6.22275],[-75.611473,6.222735],[-75.611506,6.222737],[-75.611542,6.222748],[-75.611567,6.222759],[-75.611592,6.222771],[-75.611635,6.222805],[-75.611677,6.222843],[-75.611701,6.222858],[-75.611725,6.222871],[-75.611753,6.222895],[-75.61178,6.222922],[-75.611805,6.222949],[-75.611827,6.222965],[-75.611849,6.222982],[-75.611872,6.222997],[-75.611897,6.22301],[-75.611932,6.223011],[-75.61196,6.222988],[-75.611995,6.222976],[-75.612031,6.222984],[-75.612058,6.222992],[-75.612083,6.223002],[-75.612115,6.22302],[-75.612138,6.223037],[-75.612157,6.223057],[-75.612182,6.223084],[-75.612202,6.223115],[-75.612213,6.223142],[-75.612226,6.223168],[-75.612245,6.223196],[-75.612272,6.22318],[-75.612296,6.223152],[-75.612328,6.223135],[-75.612359,6.223115],[-75.612389,6.223093],[-75.612422,6.223073],[-75.612398,6.223053],[-75.612364,6.223037],[-75.612338,6.223024],[-75.612311,6.223013],[-75.612281,6.222997],[-75.612239,6.222962],[-75.612204,6.222934],[-75.612178,6.222901],[-75.612164,6.222866],[-75.612147,6.222845],[-75.61212,6.222819],[-75.612092,6.222795],[-75.61206,6.222776],[-75.612032,6.222751],[-75.612011,6.222733],[-75.611994,6.222712],[-75.611967,6.222687],[-75.611939,6.222663],[-75.611923,6.222629],[-75.611905,6.222597],[-75.611885,6.222566],[-75.611874,6.222531],[-75.61188,6.222495],[-75.611904,6.222468],[-75.611933,6.222443],[-75.611965,6.222425],[-75.611993,6.222419],[-75.61202,6.222415],[-75.612054,6.222402],[-75.612083,6.222377],[-75.612103,6.222356],[-75.612118,6.222333],[-75.612137,6.222301],[-75.612159,6.22227],[-75.612176,6.222248],[-75.6122,6.222234],[-75.612229,6.222211],[-75.612255,6.222183],[-75.61228,6.222156],[-75.612301,6.222125],[-75.612319,6.222092],[-75.612343,6.222066],[-75.612349,6.222032],[-75.61234,6.222006],[-75.61233,6.22198],[-75.612336,6.221944],[-75.612355,6.221913],[-75.612384,6.221891],[-75.612417,6.221877],[-75.612434,6.221856],[-75.612447,6.221832],[-75.612517,6.221674],[-75.612488,6.221671],[-75.612441,6.221662],[-75.612379,6.221628],[-75.612312,6.221562],[-75.612259,6.221504],[-75.612231,6.221457],[-75.612212,6.221384],[-75.612169,6.221322],[-75.612107,6.221232],[-75.61203,6.221159],[-75.611896,6.221059],[-75.6118,6.221001],[-75.611695,6.220954],[-75.61161,6.220939],[-75.61148,6.220954],[-75.611251,6.220997],[-75.611084,6.221016],[-75.610978,6.221044],[-75.610918,6.221059],[-75.610859,6.221077],[-75.610827,6.221028],[-75.610811,6.220997],[-75.610796,6.220965],[-75.610776,6.220922],[-75.610764,6.220889],[-75.610752,6.220856],[-75.610739,6.220824],[-75.610725,6.220792],[-75.61071,6.220748],[-75.610699,6.220714],[-75.610689,6.22068],[-75.610678,6.220635],[-75.610669,6.22059],[-75.610658,6.220551],[-75.610642,6.220476],[-75.610639,6.220429],[-75.610635,6.220394],[-75.610632,6.220359],[-75.610634,6.220323],[-75.610644,6.22029],[-75.610663,6.220242],[-75.610679,6.22021],[-75.610717,6.220151],[-75.610741,6.220111],[-75.610778,6.220051],[-75.610801,6.220009],[-75.610818,6.219978],[-75.610859,6.219909],[-75.610886,6.21987],[-75.610928,6.219814],[-75.610959,6.219779],[-75.610992,6.219746],[-75.611025,6.219714],[-75.611081,6.219671],[-75.611118,6.219642],[-75.611154,6.219612],[-75.61121,6.219569],[-75.611248,6.219541],[-75.611308,6.219492],[-75.611337,6.219464],[-75.611366,6.219428],[-75.61142,6.219383],[-75.611451,6.219366],[-75.611478,6.219344],[-75.611505,6.219322],[-75.611529,6.219296],[-75.611561,6.219262],[-75.611588,6.219226],[-75.611612,6.219196],[-75.61164,6.219171],[-75.611666,6.219154],[-75.611733,6.219133],[-75.611759,6.219121],[-75.611793,6.219102],[-75.611829,6.219096],[-75.611856,6.219088],[-75.611881,6.21908],[-75.611914,6.219062],[-75.611973,6.219015],[-75.612028,6.218964],[-75.612063,6.218934],[-75.612094,6.218911],[-75.612123,6.218892],[-75.612149,6.218869],[-75.612176,6.218846],[-75.612198,6.218815],[-75.612164,6.218817],[-75.61209,6.21882],[-75.612063,6.218815],[-75.612036,6.218806],[-75.612009,6.218799],[-75.611978,6.21879],[-75.611952,6.21879],[-75.611906,6.218801],[-75.611879,6.218806],[-75.61185,6.218806],[-75.611814,6.218798],[-75.611778,6.218785],[-75.611753,6.218773],[-75.611727,6.218762],[-75.611692,6.218749],[-75.611647,6.21874],[-75.611594,6.218736],[-75.611552,6.218734],[-75.61152,6.218716],[-75.611498,6.218698],[-75.611473,6.218686],[-75.611435,6.218684],[-75.611386,6.218681],[-75.611353,6.218678],[-75.611316,6.218676],[-75.611278,6.218675],[-75.611241,6.218671],[-75.611212,6.21867],[-75.611185,6.218673],[-75.611147,6.218678],[-75.61111,6.218685],[-75.611064,6.218692],[-75.611022,6.218688],[-75.610983,6.218678],[-75.610942,6.218661],[-75.610912,6.218651],[-75.610881,6.218645],[-75.610853,6.218628],[-75.610823,6.218609],[-75.610781,6.218591],[-75.610757,6.218605],[-75.610728,6.218614],[-75.610712,6.218579],[-75.610561,6.218468],[-75.61052,6.218479],[-75.610478,6.21849],[-75.610448,6.218499],[-75.610407,6.21851],[-75.610354,6.218522],[-75.610317,6.218532],[-75.610279,6.218545],[-75.610248,6.218559],[-75.610218,6.218574],[-75.610191,6.218584],[-75.610146,6.218596],[-75.610113,6.218606],[-75.610086,6.218612],[-75.610046,6.218622],[-75.610011,6.218625],[-75.609981,6.218626],[-75.609937,6.218627],[-75.609885,6.218628],[-75.609851,6.218628],[-75.609751,6.218629],[-75.609711,6.21863],[-75.609676,6.218631],[-75.609626,6.218631],[-75.609586,6.21863],[-75.60956,6.218627],[-75.60953,6.218621],[-75.609502,6.218614],[-75.609466,6.218604],[-75.609425,6.218593],[-75.609371,6.218581],[-75.609314,6.218565],[-75.609287,6.218556],[-75.60926,6.218545],[-75.609231,6.218531],[-75.609201,6.218512],[-75.609176,6.218495],[-75.609156,6.218479],[-75.609123,6.218453],[-75.6091,6.218433],[-75.609079,6.218413],[-75.609058,6.218396],[-75.609037,6.218379],[-75.609009,6.218358],[-75.608947,6.218289],[-75.608927,6.218268],[-75.608904,6.218243],[-75.60888,6.218216],[-75.608859,6.218195],[-75.608835,6.218173],[-75.608811,6.218151],[-75.608791,6.218134],[-75.608757,6.218111],[-75.608716,6.218083],[-75.608687,6.218064],[-75.608662,6.218049],[-75.608635,6.218032],[-75.608608,6.218014],[-75.608579,6.21799],[-75.608558,6.21797],[-75.608539,6.217947],[-75.608518,6.217922],[-75.608502,6.217899],[-75.608485,6.217875],[-75.608469,6.217853],[-75.608451,6.217831],[-75.608426,6.217809],[-75.6084,6.217797],[-75.608362,6.217806],[-75.608332,6.217838],[-75.608298,6.217887],[-75.608252,6.217941],[-75.608221,6.217969],[-75.608191,6.217999],[-75.608159,6.218034],[-75.608128,6.218065],[-75.608097,6.218094],[-75.608062,6.218128],[-75.60803,6.218157],[-75.607998,6.218184],[-75.607974,6.218204],[-75.607948,6.218228],[-75.607924,6.218252],[-75.6079,6.218279],[-75.60787,6.218311],[-75.607841,6.218337],[-75.60781,6.218363],[-75.607777,6.218382],[-75.60774,6.218389],[-75.607706,6.218384],[-75.607678,6.218377],[-75.607651,6.218367],[-75.607624,6.218347],[-75.607596,6.218322],[-75.607562,6.218292],[-75.607535,6.218269],[-75.607507,6.218246],[-75.607482,6.218229],[-75.60746,6.218215],[-75.607424,6.218197],[-75.607383,6.218178],[-75.607351,6.218163],[-75.607318,6.218148],[-75.607279,6.218129],[-75.607237,6.218108],[-75.607194,6.218087],[-75.607154,6.218073],[-75.607118,6.218064],[-75.607081,6.218054],[-75.607052,6.218041],[-75.607026,6.218031],[-75.606994,6.21802],[-75.606952,6.21801],[-75.606915,6.217997],[-75.606819,6.217955],[-75.606724,6.217927],[-75.606675,6.217889],[-75.606654,6.217871],[-75.60663,6.217853],[-75.606608,6.217838],[-75.606584,6.21782],[-75.60656,6.217803],[-75.606539,6.217786],[-75.606518,6.217764],[-75.606498,6.217741],[-75.606473,6.217711],[-75.606451,6.21768],[-75.606436,6.217651],[-75.606421,6.217613],[-75.606405,6.217579],[-75.606386,6.217542],[-75.606353,6.2175],[-75.606332,6.217472],[-75.606306,6.217448],[-75.606271,6.217417],[-75.606238,6.217384],[-75.606214,6.217359],[-75.606189,6.217334],[-75.60615,6.217309],[-75.606109,6.217287],[-75.606065,6.217271],[-75.60603,6.217267],[-75.605995,6.217267],[-75.605948,6.21727],[-75.605904,6.217284],[-75.605863,6.217305],[-75.605822,6.217329],[-75.605782,6.217351],[-75.60574,6.21737],[-75.605708,6.217383],[-75.605675,6.217395],[-75.605635,6.21741],[-75.605586,6.217419],[-75.605504,6.217421],[-75.605451,6.217423],[-75.605376,6.217407],[-75.605331,6.217391],[-75.605289,6.217372],[-75.605252,6.217346],[-75.605217,6.217315],[-75.605183,6.217283],[-75.605149,6.217251],[-75.605116,6.217217],[-75.605082,6.217185],[-75.605046,6.217154],[-75.605011,6.217124],[-75.604979,6.217089],[-75.604947,6.217054],[-75.604919,6.217017],[-75.604894,6.216979],[-75.604871,6.216938],[-75.604851,6.216896],[-75.604838,6.216865],[-75.604827,6.216831],[-75.604818,6.216798],[-75.604813,6.216763],[-75.60481,6.216716],[-75.604805,6.216669],[-75.604793,6.216625],[-75.604774,6.216582],[-75.604759,6.216552],[-75.604733,6.216529],[-75.604703,6.216518],[-75.604634,6.216488],[-75.604603,6.216486],[-75.604568,6.216486],[-75.604521,6.216486],[-75.604486,6.216487],[-75.604451,6.216487],[-75.604404,6.216488],[-75.604357,6.216493],[-75.604328,6.216502],[-75.604225,6.216527],[-75.604184,6.216548],[-75.60414,6.216564],[-75.604095,6.216578],[-75.60406,6.216586],[-75.604025,6.216588],[-75.603978,6.216589],[-75.603943,6.216589],[-75.603907,6.216588],[-75.603861,6.216587],[-75.603825,6.216587],[-75.60379,6.216585],[-75.603743,6.216583],[-75.603696,6.216582],[-75.603661,6.216582],[-75.603626,6.216581],[-75.603591,6.216575],[-75.603554,6.216552],[-75.603525,6.216527],[-75.603488,6.216499],[-75.603461,6.216477],[-75.603433,6.216457],[-75.603405,6.216436],[-75.603375,6.216418],[-75.603334,6.216398],[-75.60329,6.216384],[-75.603251,6.216358],[-75.603225,6.216335],[-75.603193,6.216301],[-75.60317,6.216275],[-75.603149,6.216247],[-75.60313,6.216217],[-75.603115,6.216185],[-75.603102,6.216153],[-75.603099,6.216114],[-75.603119,6.216078],[-75.603138,6.216054],[-75.603172,6.216089],[-75.603197,6.216114],[-75.60322,6.21614],[-75.603245,6.216163],[-75.603263,6.216182],[-75.603287,6.216209],[-75.60331,6.216236],[-75.60333,6.216259],[-75.603363,6.216288],[-75.603397,6.216315],[-75.603432,6.216338],[-75.603461,6.216353],[-75.603491,6.216367],[-75.603521,6.216379],[-75.603554,6.216392],[-75.603587,6.216405],[-75.603617,6.216417],[-75.603657,6.216426],[-75.603702,6.216434],[-75.603746,6.216438],[-75.603779,6.216439],[-75.603815,6.216439],[-75.603858,6.216438],[-75.603889,6.216433],[-75.603916,6.216427],[-75.603942,6.216414],[-75.603977,6.216398],[-75.604017,6.216379],[-75.604094,6.216339],[-75.604125,6.216321],[-75.604155,6.216306],[-75.604182,6.216289],[-75.604203,6.216274],[-75.604238,6.216258],[-75.604278,6.216238],[-75.604319,6.216218],[-75.604348,6.216201],[-75.604371,6.216188],[-75.604402,6.216173],[-75.604443,6.21615],[-75.604479,6.216135],[-75.604514,6.216123],[-75.604546,6.216112],[-75.604572,6.216104],[-75.604607,6.216097],[-75.604652,6.216087],[-75.604688,6.216079],[-75.604716,6.216076],[-75.604753,6.216075],[-75.604798,6.216075],[-75.604828,6.21607],[-75.604858,6.216064],[-75.604888,6.216053],[-75.604917,6.21604],[-75.60496,6.216019],[-75.604983,6.216004],[-75.605002,6.215984],[-75.605017,6.215962],[-75.605027,6.215936],[-75.605038,6.215902],[-75.605052,6.215858],[-75.605066,6.215815],[-75.605075,6.215781],[-75.605087,6.215746],[-75.6051,6.215703],[-75.605113,6.215658],[-75.605121,6.215625],[-75.605134,6.215589],[-75.605151,6.215545],[-75.605163,6.215511],[-75.605178,6.215478],[-75.605194,6.215437],[-75.60521,6.215392],[-75.605227,6.215359],[-75.605247,6.215317],[-75.605263,6.215286],[-75.605278,6.215255],[-75.605298,6.215213],[-75.605314,6.215182],[-75.605329,6.215155],[-75.605351,6.215115],[-75.604888,6.214076],[-75.60491,6.214039],[-75.604936,6.213998],[-75.60496,6.21396],[-75.604987,6.213919],[-75.605018,6.213885],[-75.605056,6.213844],[-75.605087,6.213811],[-75.605116,6.213779],[-75.605139,6.213754],[-75.605174,6.213709],[-75.605195,6.213682],[-75.605216,6.213657],[-75.605237,6.213639],[-75.60526,6.21362],[-75.60528,6.213603],[-75.605309,6.213579],[-75.605336,6.213555],[-75.60536,6.213535],[-75.605386,6.213514],[-75.605424,6.213482],[-75.605459,6.213452],[-75.605496,6.213422],[-75.605524,6.213398],[-75.605572,6.213358],[-75.605071,6.212946],[-75.604942,6.212919],[-75.604896,6.212906],[-75.604851,6.212896],[-75.60481,6.212878],[-75.604781,6.212859],[-75.604759,6.212844],[-75.604447,6.212394],[-75.604213,6.212056],[-75.604822,6.211608],[-75.604505,6.211168],[-75.604666,6.211079],[-75.604704,6.211058],[-75.604727,6.211031],[-75.604756,6.210995],[-75.604825,6.210964],[-75.604884,6.210933],[-75.604944,6.210915],[-75.604976,6.210909],[-75.605022,6.210909],[-75.605075,6.210908],[-75.605122,6.210892],[-75.605153,6.210883],[-75.605183,6.210868],[-75.605215,6.210849],[-75.605238,6.210833],[-75.605301,6.210789],[-75.605338,6.210737],[-75.605368,6.210704],[-75.605398,6.210676],[-75.605422,6.210656],[-75.605464,6.210622],[-75.605516,6.210606],[-75.605554,6.210592],[-75.605599,6.210573],[-75.605674,6.210566],[-75.605788,6.210548],[-75.605871,6.210531],[-75.605948,6.210518],[-75.606005,6.210516],[-75.606087,6.210497],[-75.606132,6.210477],[-75.606211,6.210447],[-75.606263,6.210415],[-75.606287,6.21039],[-75.606332,6.210356],[-75.60642,6.21031],[-75.60645,6.210293],[-75.606556,6.210244],[-75.606643,6.210179],[-75.606708,6.21013],[-75.606749,6.210114],[-75.606794,6.210123],[-75.606838,6.210138],[-75.606869,6.210155],[-75.606897,6.210175],[-75.606935,6.210202],[-75.606973,6.210229],[-75.607015,6.210248],[-75.607061,6.210243],[-75.607103,6.210224],[-75.607135,6.210211],[-75.607193,6.210213],[-75.607234,6.210219],[-75.607281,6.210222],[-75.607328,6.210222],[-75.607363,6.210218],[-75.607395,6.210205],[-75.607436,6.210183],[-75.607478,6.210163],[-75.607511,6.21015],[-75.607544,6.210137],[-75.607588,6.210122],[-75.607633,6.21011],[-75.607677,6.210097],[-75.607712,6.21009],[-75.607745,6.21008],[-75.607794,6.210049],[-75.60783,6.210019],[-75.607862,6.209985],[-75.607904,6.20993],[-75.607931,6.209893],[-75.607958,6.209854],[-75.607983,6.209815],[-75.608009,6.209777],[-75.608029,6.209748],[-75.608052,6.209721],[-75.608082,6.209685],[-75.608107,6.209661],[-75.608291,6.209607],[-75.608325,6.2096],[-75.608372,6.209595],[-75.608418,6.209587],[-75.608452,6.209578],[-75.608486,6.209571],[-75.608531,6.209557],[-75.608576,6.209544],[-75.608608,6.209531],[-75.608661,6.209507],[-75.608702,6.209488],[-75.608733,6.209471],[-75.608763,6.209455],[-75.608807,6.209439],[-75.608834,6.209413],[-75.608794,6.2094],[-75.608749,6.209384],[-75.608705,6.209369],[-75.608672,6.209357],[-75.608638,6.209347],[-75.608592,6.209343],[-75.608555,6.209348],[-75.608509,6.20937],[-75.608463,6.209371],[-75.608416,6.20937],[-75.608369,6.209378],[-75.608323,6.209382],[-75.608279,6.209368],[-75.608212,6.209317],[-75.608173,6.209294],[-75.608134,6.209269],[-75.608101,6.209275],[-75.608072,6.209295],[-75.608042,6.20933],[-75.608014,6.209368],[-75.607991,6.209393],[-75.607965,6.209417],[-75.607924,6.209439],[-75.607893,6.209454],[-75.607862,6.20947],[-75.607817,6.209493],[-75.607781,6.209516],[-75.607752,6.209534],[-75.607723,6.209554],[-75.607694,6.209574],[-75.607664,6.209591],[-75.607619,6.209604],[-75.607585,6.209601],[-75.607564,6.209574],[-75.607551,6.209541],[-75.607544,6.209507],[-75.607538,6.209468],[-75.607536,6.209437],[-75.607531,6.20939],[-75.607525,6.209343],[-75.607528,6.209295],[-75.607527,6.209248],[-75.60752,6.209214],[-75.607514,6.209179],[-75.60751,6.209132],[-75.607498,6.2091],[-75.607455,6.209109],[-75.607415,6.209125],[-75.607374,6.209142],[-75.60734,6.209144],[-75.607285,6.209139],[-75.60724,6.209151],[-75.607209,6.209183],[-75.607186,6.209224],[-75.60716,6.209262],[-75.607126,6.209294],[-75.607088,6.20932],[-75.607043,6.209331],[-75.607008,6.209333],[-75.606974,6.209341],[-75.606944,6.209357],[-75.606912,6.209372],[-75.606868,6.209385],[-75.606834,6.209387],[-75.6068,6.209394],[-75.606764,6.209393],[-75.606732,6.20938],[-75.606689,6.209363],[-75.606647,6.209342],[-75.606605,6.209326],[-75.606561,6.209341],[-75.606518,6.209358],[-75.606475,6.209376],[-75.606445,6.209392],[-75.606418,6.209415],[-75.606384,6.209446],[-75.606353,6.209482],[-75.606316,6.20951],[-75.606284,6.209525],[-75.606253,6.209544],[-75.606204,6.209536],[-75.606149,6.209525],[-75.606127,6.20956],[-75.606092,6.209549],[-75.606057,6.209521],[-75.60604,6.209486],[-75.606058,6.209461],[-75.606089,6.209427],[-75.606109,6.209399],[-75.606129,6.20937],[-75.60614,6.209327],[-75.606122,6.209298],[-75.606182,6.209221],[-75.606238,6.209168],[-75.606296,6.209147],[-75.606347,6.209142],[-75.606402,6.209149],[-75.606451,6.209142],[-75.606523,6.209115],[-75.606587,6.209078],[-75.60673,6.209008],[-75.606866,6.208945],[-75.606901,6.208922],[-75.606965,6.208848],[-75.607049,6.208758],[-75.607069,6.208725],[-75.607101,6.208674],[-75.60714,6.208588],[-75.607148,6.208546],[-75.60714,6.208465],[-75.607133,6.208407],[-75.607138,6.208361],[-75.607185,6.208218],[-75.607227,6.208088],[-75.607247,6.207982],[-75.607259,6.207909],[-75.607264,6.207841],[-75.607254,6.207774],[-75.607232,6.207716],[-75.60719,6.20753],[-75.60718,6.207486],[-75.607185,6.207449],[-75.607182,6.207414],[-75.607069,6.207313],[-75.607011,6.207275],[-75.606957,6.207253],[-75.606746,6.207207],[-75.606511,6.207135],[-75.606464,6.20712],[-75.606395,6.207088],[-75.606285,6.206984],[-75.606198,6.206901],[-75.606058,6.206754],[-75.606012,6.206679],[-75.605991,6.206613],[-75.605987,6.206527],[-75.605996,6.206394],[-75.606012,6.206264],[-75.606012,6.206201],[-75.605995,6.20612],[-75.606016,6.206097],[-75.606038,6.206072],[-75.606041,6.206039],[-75.606027,6.205998],[-75.606028,6.205952],[-75.606033,6.205905],[-75.60604,6.205859],[-75.606048,6.205825],[-75.606063,6.205793],[-75.606083,6.205765],[-75.606113,6.205748],[-75.606148,6.205741],[-75.606181,6.205751],[-75.606227,6.205755],[-75.606268,6.205773],[-75.60629,6.2058],[-75.606314,6.205825],[-75.606343,6.205845],[-75.606376,6.205854],[-75.606422,6.205862],[-75.606466,6.205877],[-75.6065,6.205887],[-75.606535,6.205886],[-75.60658,6.205875],[-75.60662,6.205851],[-75.606644,6.205827],[-75.606664,6.205797],[-75.606684,6.205767],[-75.606705,6.20574],[-75.606727,6.205699],[-75.606703,6.205663],[-75.606728,6.205631],[-75.606763,6.205599],[-75.606788,6.205586],[-75.60682,6.205577],[-75.606864,6.205577],[-75.606902,6.205579],[-75.606935,6.205592],[-75.606958,6.205606],[-75.60701,6.205648],[-75.60705,6.205686],[-75.607073,6.205706],[-75.607131,6.205749],[-75.607177,6.205786],[-75.607255,6.205865],[-75.60732,6.205917],[-75.6074,6.205983],[-75.607457,6.206021],[-75.607557,6.206063],[-75.607648,6.20608],[-75.6078,6.206071],[-75.607893,6.206055],[-75.607952,6.206052],[-75.608005,6.206056],[-75.60808,6.206078],[-75.608105,6.206085],[-75.608135,6.206089],[-75.608164,6.206083],[-75.608259,6.20603],[-75.608303,6.206004],[-75.608367,6.205982],[-75.608495,6.205943],[-75.60862,6.205881],[-75.608667,6.205871],[-75.608715,6.205865],[-75.608788,6.205867],[-75.60889,6.205887],[-75.608986,6.205921],[-75.609196,6.206],[-75.609231,6.206014],[-75.609283,6.206062],[-75.609324,6.20606],[-75.609354,6.206036],[-75.609374,6.205973],[-75.609379,6.20587],[-75.609396,6.205832],[-75.609426,6.205817],[-75.609541,6.205856],[-75.609657,6.205882],[-75.609799,6.205872],[-75.609884,6.205861],[-75.60996,6.20586],[-75.60998,6.205833],[-75.609956,6.205788],[-75.609917,6.205743],[-75.6099,6.205707],[-75.609898,6.205674],[-75.609913,6.20563],[-75.609945,6.205618],[-75.60999,6.205605],[-75.610036,6.205597],[-75.610105,6.205585],[-75.610163,6.205578],[-75.610199,6.205577],[-75.610246,6.205577],[-75.610291,6.205589],[-75.610321,6.205606],[-75.610349,6.205628],[-75.610376,6.205649],[-75.610395,6.205679],[-75.610401,6.205714],[-75.610403,6.205761],[-75.610432,6.205793],[-75.610479,6.205794],[-75.610521,6.205774],[-75.610558,6.205747],[-75.610586,6.205725],[-75.61061,6.205699],[-75.610654,6.205646],[-75.610714,6.205575],[-75.610768,6.20553],[-75.610808,6.205502],[-75.610827,6.205477],[-75.610825,6.205451],[-75.610787,6.205458],[-75.610746,6.205477],[-75.610698,6.205527],[-75.610664,6.205558],[-75.610636,6.205579],[-75.610602,6.205588],[-75.610556,6.205592],[-75.610508,6.205592],[-75.610454,6.205573],[-75.610408,6.205567],[-75.610367,6.205545],[-75.610326,6.205523],[-75.610294,6.205509],[-75.610262,6.205496],[-75.61023,6.205483],[-75.610203,6.205461],[-75.610154,6.20546],[-75.610115,6.205487],[-75.610074,6.205509],[-75.610033,6.205531],[-75.609996,6.205558],[-75.609953,6.205576],[-75.609919,6.205573],[-75.609886,6.205559],[-75.609844,6.205539],[-75.609803,6.205518],[-75.60976,6.205498],[-75.609739,6.205465],[-75.609759,6.205436],[-75.609773,6.205405],[-75.609772,6.20537],[-75.609731,6.205334],[-75.609614,6.205297],[-75.609564,6.20528],[-75.609527,6.205253],[-75.609492,6.205223],[-75.609452,6.205199],[-75.60942,6.205184],[-75.609391,6.205164],[-75.609371,6.205137],[-75.609352,6.205107],[-75.609304,6.205081],[-75.609259,6.205069],[-75.609212,6.205069],[-75.609165,6.20507],[-75.609114,6.205065],[-75.609084,6.205058],[-75.609052,6.205044],[-75.609021,6.205026],[-75.608993,6.205006],[-75.608956,6.204977],[-75.608919,6.204948],[-75.60888,6.204923],[-75.608841,6.204896],[-75.608802,6.204871],[-75.608757,6.204856],[-75.60871,6.204854],[-75.608663,6.204851],[-75.608625,6.204841],[-75.608502,6.204817],[-75.608467,6.20479],[-75.608432,6.204761],[-75.608396,6.204732],[-75.608381,6.204685],[-75.608395,6.20464],[-75.608372,6.204594],[-75.608326,6.204565],[-75.608321,6.204533],[-75.608319,6.204502],[-75.608292,6.204487],[-75.608252,6.204467],[-75.608212,6.204446],[-75.608172,6.204421],[-75.608131,6.204399],[-75.608063,6.204383],[-75.608021,6.204362],[-75.607983,6.204336],[-75.607946,6.204309],[-75.607931,6.204257],[-75.607948,6.204213],[-75.607961,6.204169],[-75.607958,6.204119],[-75.607922,6.204117],[-75.607887,6.204119],[-75.60785,6.204125],[-75.607818,6.204136],[-75.607789,6.204156],[-75.607756,6.204156],[-75.607716,6.204132],[-75.607676,6.204091],[-75.607652,6.204066],[-75.607621,6.204032],[-75.607586,6.204002],[-75.607552,6.20397],[-75.607525,6.203949],[-75.607496,6.203928],[-75.607467,6.203909],[-75.607438,6.203888],[-75.607405,6.203857],[-75.607372,6.203825],[-75.607341,6.203791],[-75.607311,6.203774],[-75.607281,6.203766],[-75.607153,6.203759],[-75.607125,6.203756],[-75.607091,6.203747],[-75.607048,6.203741],[-75.607009,6.203737],[-75.606975,6.203731],[-75.606932,6.203714],[-75.606892,6.20369],[-75.606853,6.203666],[-75.606854,6.203531],[-75.606863,6.203475],[-75.606861,6.203441],[-75.606824,6.203418],[-75.606783,6.203395],[-75.606749,6.203364],[-75.606729,6.203336],[-75.606717,6.203303],[-75.606715,6.203257],[-75.606725,6.203188],[-75.606731,6.203141],[-75.606744,6.203097],[-75.606761,6.203053],[-75.606782,6.203011],[-75.606795,6.202967],[-75.606787,6.202933],[-75.606766,6.202911],[-75.606733,6.202908],[-75.606701,6.20292],[-75.606666,6.202929],[-75.606623,6.202945],[-75.606592,6.20296],[-75.606557,6.202967],[-75.606511,6.202964],[-75.606484,6.202945],[-75.606464,6.202916],[-75.606458,6.202871],[-75.606466,6.202826],[-75.606451,6.202794],[-75.606441,6.202761],[-75.606443,6.202715],[-75.606454,6.202671],[-75.606455,6.202624],[-75.606439,6.20258],[-75.60643,6.202534],[-75.606419,6.202489],[-75.606406,6.202437],[-75.606397,6.202404],[-75.606381,6.20238],[-75.606345,6.202385],[-75.606314,6.202399],[-75.606284,6.202408],[-75.606255,6.202414],[-75.60622,6.202412],[-75.606186,6.202403],[-75.606151,6.202403],[-75.606117,6.202411],[-75.606082,6.202418],[-75.606048,6.202424],[-75.606012,6.202424],[-75.605978,6.202417],[-75.605944,6.202408],[-75.605898,6.202399],[-75.605863,6.2024],[-75.605843,6.202421],[-75.60586,6.202463],[-75.605879,6.202505],[-75.605897,6.202548],[-75.605925,6.202585],[-75.605942,6.202638],[-75.605938,6.202673],[-75.605919,6.202702],[-75.605897,6.202729],[-75.605873,6.202754],[-75.605834,6.20278],[-75.605801,6.20279],[-75.605767,6.2028],[-75.605728,6.202824],[-75.605698,6.20286],[-75.605663,6.202888],[-75.605631,6.202903],[-75.605591,6.202918],[-75.60554,6.202937],[-75.605476,6.202952],[-75.605457,6.202998],[-75.60544,6.203024],[-75.605392,6.203046],[-75.605397,6.20308],[-75.605384,6.203124],[-75.605369,6.203168],[-75.605357,6.2032],[-75.605341,6.203231],[-75.605323,6.203261],[-75.605299,6.203287],[-75.605257,6.203305],[-75.605211,6.203307],[-75.605177,6.203302],[-75.605142,6.203298],[-75.605109,6.203287],[-75.605077,6.203272],[-75.605045,6.203258],[-75.604991,6.203236],[-75.604948,6.203218],[-75.604915,6.203206],[-75.604882,6.203192],[-75.604849,6.20318],[-75.604817,6.203169],[-75.604773,6.20315],[-75.604733,6.203127],[-75.604704,6.203107],[-75.604673,6.203089],[-75.604642,6.203074],[-75.604615,6.203052],[-75.60458,6.203022],[-75.604549,6.202987],[-75.604514,6.202957],[-75.604488,6.202935],[-75.604459,6.202915],[-75.604416,6.202897],[-75.604371,6.202894],[-75.604333,6.202919],[-75.604302,6.202935],[-75.604268,6.202942],[-75.604222,6.202948],[-75.604174,6.202949],[-75.604139,6.202949],[-75.604103,6.202948],[-75.604057,6.202942],[-75.604031,6.202903],[-75.604053,6.202862],[-75.604072,6.202819],[-75.604093,6.202668],[-75.604069,6.202636],[-75.604041,6.202599],[-75.604025,6.202556],[-75.604011,6.202524],[-75.603993,6.202483],[-75.603974,6.20244],[-75.603957,6.202409],[-75.603939,6.202378],[-75.603921,6.202349],[-75.603897,6.202323],[-75.603861,6.202294],[-75.60383,6.20226],[-75.603813,6.202217],[-75.603818,6.202168],[-75.603829,6.202138],[-75.603836,6.202104],[-75.603836,6.202057],[-75.603825,6.202012],[-75.603814,6.201967],[-75.603812,6.201932],[-75.603812,6.201897],[-75.603806,6.201851],[-75.603797,6.201817],[-75.603783,6.201785],[-75.603764,6.201744],[-75.603742,6.201717],[-75.603716,6.201693],[-75.603678,6.201666],[-75.603636,6.201647],[-75.603602,6.201635],[-75.60357,6.201621],[-75.60354,6.201591],[-75.603534,6.201549],[-75.603505,6.201513],[-75.603487,6.201483],[-75.603473,6.201456],[-75.603458,6.20142],[-75.603443,6.201388],[-75.603424,6.201345],[-75.603409,6.201301],[-75.603402,6.201255],[-75.603395,6.20121],[-75.603376,6.201167],[-75.603392,6.201115],[-75.603408,6.201072],[-75.60341,6.201026],[-75.603391,6.200983],[-75.603362,6.200948],[-75.603348,6.200916],[-75.60334,6.200882],[-75.603333,6.200837],[-75.603332,6.200802],[-75.603328,6.200767],[-75.603318,6.200733],[-75.603301,6.200701],[-75.603286,6.200658],[-75.603273,6.200625],[-75.603272,6.20059],[-75.60325,6.200538],[-75.603227,6.200498],[-75.603167,6.200385],[-75.60309,6.200263],[-75.603077,6.200222],[-75.603067,6.200178],[-75.603062,6.200108],[-75.603056,6.200063],[-75.603033,6.20003],[-75.603006,6.200042],[-75.602968,6.200057],[-75.602924,6.20007],[-75.602891,6.200075],[-75.602858,6.200061],[-75.602823,6.200038],[-75.602792,6.200026],[-75.602759,6.200019],[-75.602726,6.200008],[-75.602692,6.200007],[-75.602656,6.200005],[-75.602618,6.200001],[-75.602582,6.19999],[-75.602554,6.199965],[-75.602527,6.199922],[-75.602504,6.19988],[-75.602489,6.199859],[-75.60246,6.199836],[-75.602426,6.199821],[-75.602386,6.199802],[-75.60234,6.199796],[-75.602305,6.199796],[-75.602271,6.19979],[-75.602239,6.199775],[-75.602217,6.199748],[-75.60219,6.199714],[-75.601785,6.199939],[-75.601741,6.199966],[-75.601666,6.200087],[-75.60158,6.200148],[-75.601519,6.200194],[-75.601475,6.200207],[-75.601429,6.200217],[-75.601383,6.200226],[-75.601349,6.200234],[-75.601315,6.200241],[-75.601268,6.200247],[-75.601232,6.200248],[-75.601186,6.200249],[-75.601151,6.200245],[-75.601116,6.200239],[-75.601082,6.200228],[-75.601038,6.200209],[-75.600974,6.200178],[-75.60093,6.200162],[-75.600896,6.20015],[-75.600862,6.200138],[-75.600816,6.20013],[-75.600769,6.20013],[-75.600722,6.20013],[-75.600662,6.200133],[-75.600604,6.200132],[-75.600556,6.200135],[-75.600487,6.200135],[-75.60044,6.20013],[-75.600394,6.200123],[-75.600348,6.200116],[-75.600301,6.200111],[-75.600255,6.200107],[-75.600219,6.200103],[-75.600184,6.200097],[-75.600149,6.200092],[-75.600114,6.200086],[-75.600079,6.20008],[-75.600045,6.200076],[-75.600009,6.200073],[-75.599963,6.200072],[-75.599836,6.200075],[-75.599754,6.200076],[-75.599719,6.200078],[-75.599684,6.20008],[-75.599638,6.20008],[-75.599592,6.200079],[-75.599521,6.200077],[-75.599475,6.200075],[-75.59944,6.200075],[-75.599394,6.200075],[-75.599359,6.200075],[-75.599313,6.200074],[-75.599255,6.200075],[-75.599209,6.200082],[-75.599164,6.200094],[-75.599118,6.200094],[-75.599075,6.200076],[-75.599033,6.200055],[-75.598967,6.200029],[-75.598901,6.200005],[-75.598856,6.199993],[-75.598811,6.19998],[-75.598748,6.199947],[-75.598709,6.199921],[-75.598672,6.199893],[-75.598646,6.199869],[-75.59862,6.199847],[-75.598585,6.199816],[-75.598517,6.199755],[-75.598493,6.19973],[-75.598468,6.199706],[-75.598434,6.199673],[-75.598402,6.199639],[-75.59838,6.199613],[-75.598354,6.199585],[-75.598326,6.199552],[-75.598299,6.199519],[-75.598277,6.199434],[-75.59821,6.199238],[-75.598123,6.19922],[-75.598007,6.199196],[-75.597863,6.199174],[-75.597844,6.199171],[-75.597754,6.199127],[-75.597628,6.199103],[-75.597516,6.199076],[-75.597473,6.199068],[-75.597427,6.199059],[-75.597389,6.199048],[-75.597323,6.199029],[-75.597227,6.198997],[-75.597159,6.198988],[-75.596998,6.198943],[-75.596885,6.198918],[-75.596801,6.198879],[-75.596766,6.198836],[-75.596728,6.198789],[-75.596638,6.198717],[-75.596589,6.198607],[-75.596578,6.198584],[-75.596559,6.19855],[-75.596569,6.198475],[-75.596596,6.198461],[-75.596559,6.198372],[-75.596539,6.198354],[-75.596235,6.19822],[-75.596193,6.198201],[-75.596185,6.198197],[-75.596163,6.198186],[-75.596109,6.198157],[-75.596069,6.198129],[-75.596027,6.198099],[-75.595973,6.198053],[-75.595938,6.198018],[-75.595901,6.197984],[-75.595854,6.19794],[-75.595796,6.197878],[-75.595743,6.197821],[-75.595718,6.197793],[-75.595661,6.197705],[-75.595594,6.197598],[-75.595568,6.197551],[-75.595402,6.197239],[-75.595371,6.197187],[-75.595342,6.197167],[-75.595286,6.197133],[-75.595236,6.197195],[-75.595233,6.197199],[-75.594835,6.19771],[-75.592515,6.196603],[-75.592212,6.196379],[-75.592264,6.195872],[-75.591746,6.193011],[-75.591605,6.193324],[-75.591558,6.193425],[-75.591092,6.193704],[-75.590531,6.193831],[-75.590109,6.194012],[-75.58977,6.194158],[-75.589608,6.194275],[-75.588712,6.194651],[-75.588703,6.194654],[-75.588597,6.194699],[-75.588398,6.194805],[-75.588398,6.194805],[-75.587577,6.195241],[-75.587342,6.195241],[-75.587116,6.195178],[-75.586845,6.194979],[-75.586375,6.194545],[-75.586023,6.194238],[-75.585724,6.194129],[-75.584297,6.193867],[-75.582688,6.193569],[-75.582173,6.193478],[-75.582318,6.193017],[-75.582381,6.192764],[-75.582384,6.192754],[-75.58239,6.192737],[-75.582544,6.192058],[-75.582697,6.191443],[-75.582714,6.191372],[-75.58284,6.190836],[-75.582843,6.190825],[-75.582941,6.190304],[-75.583094,6.189683],[-75.583111,6.189641],[-75.583111,6.189641],[-75.583152,6.189487],[-75.583207,6.18928],[-75.583255,6.189146],[-75.583284,6.189058],[-75.583298,6.189016],[-75.583298,6.189014],[-75.583295,6.188983],[-75.583294,6.188975],[-75.583243,6.188893],[-75.583243,6.188892],[-75.583221,6.188857],[-75.583068,6.188459],[-75.582955,6.188155],[-75.58282,6.1881],[-75.582784,6.188091],[-75.582567,6.188034],[-75.582325,6.187964],[-75.582088,6.187893],[-75.581973,6.187865],[-75.581907,6.18784],[-75.581848,6.187828],[-75.581848,6.187828],[-75.581847,6.187827],[-75.581765,6.187794],[-75.581711,6.187785],[-75.581649,6.187757],[-75.581437,6.187595],[-75.581385,6.187556],[-75.581351,6.18751],[-75.580798,6.187017],[-75.580525,6.186772],[-75.580446,6.186663],[-75.580418,6.186615],[-75.580402,6.186588],[-75.5803,6.186155],[-75.580181,6.185651],[-75.580112,6.185346],[-75.580073,6.185176],[-75.580044,6.185043],[-75.580005,6.18487],[-75.579996,6.184607],[-75.57995,6.184246],[-75.579896,6.184092],[-75.579815,6.183938],[-75.579792,6.183902],[-75.57977,6.183866],[-75.579661,6.183757],[-75.579599,6.183693],[-75.579555,6.183661],[-75.579514,6.18363],[-75.579471,6.183594],[-75.579448,6.183574],[-75.579419,6.183554],[-75.579228,6.183414],[-75.578496,6.182962],[-75.577827,6.182546],[-75.57724,6.182193],[-75.576924,6.182021],[-75.576806,6.181994],[-75.576756,6.18199],[-75.576707,6.181985],[-75.576481,6.181985],[-75.576108,6.181977],[-75.575962,6.181868],[-75.575857,6.181798],[-75.575694,6.181689],[-75.575555,6.181546],[-75.575413,6.181424],[-75.575315,6.181235],[-75.575276,6.180985],[-75.575206,6.180794],[-75.574951,6.180693],[-75.574625,6.180593],[-75.574455,6.180558],[-75.574391,6.180505],[-75.574309,6.180378],[-75.574256,6.180307],[-75.57421,6.18028],[-75.574111,6.180277],[-75.573874,6.18026],[-75.573623,6.180159],[-75.573433,6.180014],[-75.573163,6.179774],[-75.57274,6.179411],[-75.572448,6.179295],[-75.572032,6.179201],[-75.571827,6.179156],[-75.571663,6.179101],[-75.57166,6.179101],[-75.571564,6.179101],[-75.571563,6.179102],[-75.571486,6.179172],[-75.57148,6.179177],[-75.57148,6.179177],[-75.571373,6.179302],[-75.571372,6.179302],[-75.571324,6.179311],[-75.571239,6.179328],[-75.571201,6.179325],[-75.571131,6.179321],[-75.571111,6.179319],[-75.571102,6.179317],[-75.570938,6.179276],[-75.570907,6.179273],[-75.570906,6.179273],[-75.570901,6.179272],[-75.570758,6.17924],[-75.570553,6.179173],[-75.570499,6.179162],[-75.570351,6.179131],[-75.570219,6.179194],[-75.570098,6.179185],[-75.569972,6.179137],[-75.56993,6.179123],[-75.569865,6.179095],[-75.569701,6.179046],[-75.569574,6.178932],[-75.569447,6.178857],[-75.569285,6.17875],[-75.569125,6.178759],[-75.568969,6.17877],[-75.568827,6.178712],[-75.568679,6.178595],[-75.568429,6.178407],[-75.568295,6.178306],[-75.568265,6.178281],[-75.568256,6.178273],[-75.568233,6.178246],[-75.568219,6.178224],[-75.568202,6.178199],[-75.568178,6.178173],[-75.568158,6.178153],[-75.568138,6.178128],[-75.568115,6.178102],[-75.568095,6.178081],[-75.568093,6.178079],[-75.568072,6.178046],[-75.56807,6.178042],[-75.56805,6.178011],[-75.568049,6.17801],[-75.568049,6.178009],[-75.568033,6.177973],[-75.568014,6.177945],[-75.567996,6.177908],[-75.567974,6.177876],[-75.56795,6.177833],[-75.567928,6.177798],[-75.56791,6.177754],[-75.567884,6.177707],[-75.567869,6.177674],[-75.567852,6.177627],[-75.567834,6.17759],[-75.567799,6.177552],[-75.567765,6.177525],[-75.567727,6.177489],[-75.567697,6.177464],[-75.567673,6.177441],[-75.567641,6.177411],[-75.567609,6.177379],[-75.567589,6.177359],[-75.567569,6.17734],[-75.567536,6.177314],[-75.567498,6.177286],[-75.567454,6.177261],[-75.567415,6.177237],[-75.567388,6.177221],[-75.567362,6.177202],[-75.567336,6.177183],[-75.567291,6.177154],[-75.567262,6.17713],[-75.567241,6.17711],[-75.567217,6.177088],[-75.56719,6.177067],[-75.567161,6.177047],[-75.567107,6.176995],[-75.56699,6.176949],[-75.566821,6.176877],[-75.566686,6.176816],[-75.56654,6.17676],[-75.566422,6.176735],[-75.566321,6.176717],[-75.566295,6.176669],[-75.566293,6.176667],[-75.566262,6.176614],[-75.566262,6.176587],[-75.566245,6.176482],[-75.566225,6.176449],[-75.56618,6.176371],[-75.56608,6.176255],[-75.56595,6.17622],[-75.565782,6.17619],[-75.565639,6.176235],[-75.565526,6.17627],[-75.565302,6.176424],[-75.5653,6.176424],[-75.565165,6.176425],[-75.564931,6.176424],[-75.564742,6.176391],[-75.564682,6.176351],[-75.564672,6.176344],[-75.564663,6.176332],[-75.564605,6.176256],[-75.564506,6.176191],[-75.564388,6.176172],[-75.564071,6.17612],[-75.563902,6.176054],[-75.563802,6.175855],[-75.563759,6.175677],[-75.563684,6.175642],[-75.563592,6.175647],[-75.563591,6.175647],[-75.563525,6.175694],[-75.563515,6.1757],[-75.56351,6.175706],[-75.56343,6.175785],[-75.563424,6.175785],[-75.563373,6.175785],[-75.56328,6.175785],[-75.563214,6.175803],[-75.56318,6.17583],[-75.56315,6.175854],[-75.563087,6.175928],[-75.563072,6.175945],[-75.562971,6.176049],[-75.562896,6.176163],[-75.56289,6.176173],[-75.56289,6.176173],[-75.562832,6.176208],[-75.562816,6.176218],[-75.562816,6.176218],[-75.562693,6.176218],[-75.562554,6.17618],[-75.562456,6.176046],[-75.562385,6.176012],[-75.562297,6.176034],[-75.562294,6.176035],[-75.562237,6.176145],[-75.562165,6.176244],[-75.562161,6.176245],[-75.562032,6.176265],[-75.56177,6.176272],[-75.561479,6.176238],[-75.561409,6.176229],[-75.561353,6.17622],[-75.561208,6.176175],[-75.560984,6.176099],[-75.560912,6.17611],[-75.560804,6.176118],[-75.560677,6.176047],[-75.560561,6.175984],[-75.560431,6.175867],[-75.560369,6.175872],[-75.560367,6.175872],[-75.560305,6.175901],[-75.560305,6.175901],[-75.560253,6.175901],[-75.560187,6.175883],[-75.560061,6.175839],[-75.55986,6.175738],[-75.559836,6.175732],[-75.55982,6.175728],[-75.559837,6.175776],[-75.559884,6.175847],[-75.55991,6.175894],[-75.559924,6.175937],[-75.559935,6.175988],[-75.559942,6.176028],[-75.559955,6.176071],[-75.559977,6.176101],[-75.560015,6.176085],[-75.560033,6.176121],[-75.560025,6.176156],[-75.560019,6.176192],[-75.560024,6.176225],[-75.56003,6.176257],[-75.560026,6.176286],[-75.56002,6.176315],[-75.560015,6.176342],[-75.560008,6.176368],[-75.559994,6.17639],[-75.559977,6.176414],[-75.559973,6.176455],[-75.559976,6.1765],[-75.559955,6.176532],[-75.559923,6.176507],[-75.55991,6.176473],[-75.559883,6.176498],[-75.559877,6.176529],[-75.559854,6.176558],[-75.559787,6.176611],[-75.559749,6.176636],[-75.559677,6.176676],[-75.559642,6.176694],[-75.559609,6.176735],[-75.559575,6.176796],[-75.559574,6.176883],[-75.559536,6.176899],[-75.559512,6.176946],[-75.559504,6.176988],[-75.559511,6.177043],[-75.559507,6.177085],[-75.559477,6.17711],[-75.559435,6.177131],[-75.559393,6.177143],[-75.559344,6.177151],[-75.559295,6.177166],[-75.559189,6.177157],[-75.559152,6.177163],[-75.559107,6.177177],[-75.55906,6.177182],[-75.559008,6.177192],[-75.558976,6.177204],[-75.558933,6.177218],[-75.558889,6.177244],[-75.558847,6.177276],[-75.558803,6.177319],[-75.558789,6.177363],[-75.558794,6.177396],[-75.558808,6.177439],[-75.55882,6.177494],[-75.558804,6.177524],[-75.558794,6.177573],[-75.55875,6.177591],[-75.558732,6.177617],[-75.558646,6.177753],[-75.55868,6.177774],[-75.558702,6.177853],[-75.558715,6.177906],[-75.558716,6.17796],[-75.558719,6.178018],[-75.558721,6.178064],[-75.558726,6.178108],[-75.558726,6.178152],[-75.55872,6.1782],[-75.558703,6.178244],[-75.55869,6.178283],[-75.558691,6.178327],[-75.558683,6.17837],[-75.558663,6.178412],[-75.558643,6.178445],[-75.55862,6.178498],[-75.558612,6.178543],[-75.558611,6.178596],[-75.558597,6.178669],[-75.558598,6.178713],[-75.558609,6.17877],[-75.558616,6.178831],[-75.558615,6.178879],[-75.558555,6.178996],[-75.558538,6.179042],[-75.558516,6.179189],[-75.558533,6.179268],[-75.558539,6.179305],[-75.558541,6.179337],[-75.558562,6.179381],[-75.558586,6.179429],[-75.558593,6.179467],[-75.558573,6.17952],[-75.558547,6.179582],[-75.558522,6.179609],[-75.558482,6.179628],[-75.55845,6.179648],[-75.558499,6.179682],[-75.55853,6.179726],[-75.558561,6.179763],[-75.558593,6.179794],[-75.558625,6.179813],[-75.558653,6.179834],[-75.55869,6.179867],[-75.558716,6.179901],[-75.558744,6.179939],[-75.558769,6.179975],[-75.558798,6.180016],[-75.558815,6.180054],[-75.558831,6.180094],[-75.558837,6.180144],[-75.558835,6.180186],[-75.558837,6.18023],[-75.558841,6.180269],[-75.558853,6.18031],[-75.558857,6.180363],[-75.558868,6.180408],[-75.558872,6.180451],[-75.558873,6.180495],[-75.558873,6.180543],[-75.558873,6.180587],[-75.558872,6.180639],[-75.558865,6.180686],[-75.558886,6.180736],[-75.558878,6.180839],[-75.558929,6.180882],[-75.558954,6.180929],[-75.55899,6.180959],[-75.559029,6.181002],[-75.559069,6.181042],[-75.559101,6.181075],[-75.559138,6.18111],[-75.559173,6.181141],[-75.559218,6.181166],[-75.559262,6.181193],[-75.559306,6.181221],[-75.559348,6.181247],[-75.559388,6.181281],[-75.559423,6.181328],[-75.559464,6.181403],[-75.559476,6.181447],[-75.559468,6.181493],[-75.559434,6.181526],[-75.559399,6.181552],[-75.559363,6.181574],[-75.559322,6.18157],[-75.55927,6.181553],[-75.559231,6.181539],[-75.559179,6.181537],[-75.559131,6.181545],[-75.559083,6.181563],[-75.559043,6.181575],[-75.559003,6.181582],[-75.558951,6.181569],[-75.558907,6.181545],[-75.558873,6.181522],[-75.558829,6.181509],[-75.558781,6.181513],[-75.558737,6.181505],[-75.558692,6.18151],[-75.55866,6.181534],[-75.558619,6.181557],[-75.558574,6.181569],[-75.558526,6.181571],[-75.558488,6.181562],[-75.558442,6.181559],[-75.558403,6.18157],[-75.558363,6.181583],[-75.558319,6.181598],[-75.558276,6.181629],[-75.558242,6.18167],[-75.558198,6.181733],[-75.558171,6.181769],[-75.558121,6.181811],[-75.558088,6.181794],[-75.558055,6.181757],[-75.557991,6.1817],[-75.557969,6.181682],[-75.557939,6.181651],[-75.557913,6.18162],[-75.557896,6.181595],[-75.557875,6.18156],[-75.557854,6.181541],[-75.557828,6.181524],[-75.557792,6.181509],[-75.557766,6.181507],[-75.557726,6.181515],[-75.557688,6.181489],[-75.557654,6.181441],[-75.557635,6.181411],[-75.557603,6.181386],[-75.557574,6.18135],[-75.557553,6.181324],[-75.557516,6.181307],[-75.557471,6.18128],[-75.557452,6.181256],[-75.557428,6.181225],[-75.5574,6.181194],[-75.557369,6.181156],[-75.557342,6.181133],[-75.55731,6.18111],[-75.557273,6.181091],[-75.557224,6.18108],[-75.557186,6.181069],[-75.557158,6.181056],[-75.557124,6.181047],[-75.557071,6.181048],[-75.557021,6.181044],[-75.556993,6.181043],[-75.556946,6.181046],[-75.556908,6.181058],[-75.556876,6.18107],[-75.556825,6.181085],[-75.556782,6.181102],[-75.556746,6.181119],[-75.556703,6.181141],[-75.55667,6.181156],[-75.556642,6.181169],[-75.556605,6.181185],[-75.556571,6.181202],[-75.556541,6.181206],[-75.556508,6.181207],[-75.556477,6.181199],[-75.556447,6.181181],[-75.556417,6.181155],[-75.55639,6.18113],[-75.556344,6.181124],[-75.556305,6.181133],[-75.55628,6.18114],[-75.556233,6.181149],[-75.5562,6.181155],[-75.556172,6.181163],[-75.556138,6.181195],[-75.556094,6.181197],[-75.556062,6.181193],[-75.556024,6.181186],[-75.555984,6.181183],[-75.55594,6.181193],[-75.555903,6.181208],[-75.555869,6.181224],[-75.555824,6.18123],[-75.555785,6.181229],[-75.555748,6.181231],[-75.555711,6.181233],[-75.555656,6.181213],[-75.555613,6.18119],[-75.555574,6.18118],[-75.555496,6.18116],[-75.55546,6.181152],[-75.555445,6.181176],[-75.555408,6.181309],[-75.555395,6.181429],[-75.55542,6.181602],[-75.555601,6.182184],[-75.555609,6.182231],[-75.555618,6.182274],[-75.555615,6.182313],[-75.555612,6.182353],[-75.555598,6.182399],[-75.555582,6.18245],[-75.555559,6.182504],[-75.555546,6.182538],[-75.555534,6.182567],[-75.555511,6.182625],[-75.5555,6.182649],[-75.555489,6.182679],[-75.555475,6.182712],[-75.555463,6.18274],[-75.555449,6.182778],[-75.55543,6.18284],[-75.55542,6.182875],[-75.555411,6.182918],[-75.555406,6.182966],[-75.555409,6.183007],[-75.555413,6.183044],[-75.555427,6.183094],[-75.555437,6.183124],[-75.555452,6.183154],[-75.555472,6.183191],[-75.555488,6.183218],[-75.555509,6.183243],[-75.55553,6.183268],[-75.555551,6.183286],[-75.555606,6.183327],[-75.555641,6.183353],[-75.555679,6.183368],[-75.555756,6.183402],[-75.55581,6.183423],[-75.555849,6.183438],[-75.55588,6.183449],[-75.555911,6.183458],[-75.555939,6.183467],[-75.555988,6.18348],[-75.556041,6.183496],[-75.556074,6.183506],[-75.556168,6.183517],[-75.556212,6.183518],[-75.556251,6.183521],[-75.556296,6.183523],[-75.556386,6.183535],[-75.556562,6.183545],[-75.556639,6.183549],[-75.556673,6.183551],[-75.556743,6.183554],[-75.556833,6.183558],[-75.556867,6.18356],[-75.556897,6.183586],[-75.556918,6.183627],[-75.556933,6.183661],[-75.556924,6.183712],[-75.55692,6.183738],[-75.556906,6.183818],[-75.556901,6.183854],[-75.556862,6.184075],[-75.556855,6.184112],[-75.556848,6.184153],[-75.556842,6.184186],[-75.556835,6.184222],[-75.556829,6.184255],[-75.556819,6.184311],[-75.556811,6.184352],[-75.556802,6.184396],[-75.5568,6.184424],[-75.556796,6.18447],[-75.556792,6.184524],[-75.556789,6.184562],[-75.556781,6.184665],[-75.556781,6.184719],[-75.556781,6.18475],[-75.556782,6.184779],[-75.556782,6.184807],[-75.556782,6.184876],[-75.556782,6.184909],[-75.556782,6.18498],[-75.556782,6.185011],[-75.556783,6.185053],[-75.556783,6.1851],[-75.556783,6.185142],[-75.556783,6.185197],[-75.556783,6.185251],[-75.556771,6.185329],[-75.556726,6.185377],[-75.556877,6.185488],[-75.556842,6.185524],[-75.55677,6.185487],[-75.556726,6.185473],[-75.556687,6.18546],[-75.556636,6.18544],[-75.556592,6.185426],[-75.556546,6.185417],[-75.556503,6.185413],[-75.556452,6.185411],[-75.5564,6.18541],[-75.556346,6.185411],[-75.556292,6.185417],[-75.55624,6.185425],[-75.556196,6.185435],[-75.556151,6.185451],[-75.556098,6.185474],[-75.556057,6.185497],[-75.556007,6.18553],[-75.555971,6.18556],[-75.555932,6.185593],[-75.555908,6.18562],[-75.555868,6.185669],[-75.555831,6.185712],[-75.555753,6.185791],[-75.555728,6.185812],[-75.555705,6.185833],[-75.555681,6.185854],[-75.555657,6.185872],[-75.55563,6.18589],[-75.555601,6.185909],[-75.555574,6.185927],[-75.555539,6.185952],[-75.555505,6.185978],[-75.555468,6.186013],[-75.555419,6.186029],[-75.555413,6.186065],[-75.555355,6.186103],[-75.555326,6.186136],[-75.55531,6.18617],[-75.555305,6.186199],[-75.555303,6.186228],[-75.555301,6.186272],[-75.555288,6.186323],[-75.555266,6.186368],[-75.55523,6.186393],[-75.555194,6.186418],[-75.555182,6.186457],[-75.555164,6.186493],[-75.555128,6.186539],[-75.555123,6.186569],[-75.555119,6.1866],[-75.555103,6.186628],[-75.555075,6.18665],[-75.555057,6.186674],[-75.555041,6.186701],[-75.555037,6.186737],[-75.555028,6.186764],[-75.55503,6.186792],[-75.555035,6.186821],[-75.555036,6.186861],[-75.555032,6.186896],[-75.55501,6.186932],[-75.554996,6.186956],[-75.554978,6.186979],[-75.55496,6.187],[-75.554943,6.187028],[-75.554936,6.187061],[-75.554933,6.187106],[-75.554929,6.187135],[-75.554925,6.187161],[-75.554924,6.187197],[-75.554927,6.187242],[-75.554926,6.18727],[-75.554922,6.187302],[-75.55491,6.187326],[-75.554848,6.187428],[-75.554825,6.187453],[-75.554795,6.187474],[-75.55476,6.187486],[-75.554723,6.187486],[-75.55468,6.187482],[-75.554645,6.187503],[-75.554617,6.187556],[-75.554591,6.187576],[-75.554554,6.187583],[-75.554507,6.187583],[-75.554471,6.187593],[-75.55444,6.187598],[-75.554405,6.187592],[-75.554377,6.187589],[-75.554347,6.187598],[-75.554303,6.187615],[-75.554276,6.187634],[-75.554281,6.187667],[-75.554264,6.187693],[-75.554226,6.187709],[-75.554198,6.187703],[-75.554168,6.187698],[-75.554143,6.187694],[-75.554117,6.18769],[-75.554084,6.187685],[-75.554056,6.187682],[-75.554013,6.187676],[-75.553976,6.18767],[-75.553936,6.187663],[-75.5539,6.187655],[-75.553873,6.187649],[-75.553834,6.187641],[-75.553783,6.18763],[-75.553755,6.187621],[-75.553718,6.187611],[-75.553669,6.187604],[-75.553696,6.187651],[-75.553717,6.187677],[-75.553735,6.187707],[-75.553739,6.187741],[-75.553755,6.187778],[-75.553803,6.187797],[-75.553826,6.187825],[-75.553827,6.187859],[-75.553818,6.187922],[-75.55381,6.187948],[-75.553796,6.187993],[-75.553783,6.188036],[-75.553773,6.188063],[-75.55376,6.188101],[-75.553751,6.188128],[-75.553718,6.188194],[-75.553705,6.188216],[-75.553706,6.188244],[-75.553718,6.188268],[-75.553728,6.188293],[-75.55372,6.188319],[-75.553694,6.188336],[-75.553723,6.188361],[-75.553764,6.188385],[-75.553793,6.188403],[-75.553814,6.188427],[-75.553829,6.188454],[-75.553841,6.188479],[-75.55385,6.188511],[-75.553858,6.188545],[-75.553875,6.188593],[-75.553888,6.18863],[-75.553895,6.18867],[-75.553902,6.188713],[-75.553907,6.188747],[-75.553911,6.188773],[-75.553911,6.188819],[-75.553913,6.188854],[-75.553921,6.188896],[-75.553925,6.188923],[-75.553927,6.188966],[-75.553929,6.189011],[-75.553928,6.189056],[-75.55392,6.189113],[-75.553918,6.189161],[-75.553923,6.189206],[-75.553929,6.189239],[-75.55394,6.18928],[-75.553952,6.189324],[-75.55395,6.189366],[-75.553941,6.189402],[-75.55394,6.189432],[-75.553941,6.189465],[-75.553943,6.189491],[-75.553932,6.18952],[-75.553907,6.189501],[-75.55387,6.189505],[-75.553824,6.189536],[-75.553824,6.189573],[-75.553826,6.189606],[-75.553828,6.189637],[-75.55383,6.189678],[-75.553832,6.189706],[-75.553834,6.189758],[-75.553814,6.189806],[-75.553811,6.189835],[-75.55381,6.189867],[-75.553798,6.189896],[-75.553768,6.189924],[-75.553786,6.189949],[-75.553815,6.189976],[-75.553839,6.189996],[-75.553851,6.190023],[-75.553853,6.190061],[-75.553859,6.19009],[-75.553881,6.190113],[-75.553907,6.190136],[-75.554025,6.190533],[-75.554023,6.190576],[-75.553993,6.190597],[-75.553932,6.190617],[-75.553911,6.190657],[-75.553902,6.190686],[-75.553885,6.190707],[-75.553846,6.190746],[-75.553831,6.19077],[-75.553823,6.190795],[-75.553818,6.190842],[-75.553812,6.190875],[-75.55381,6.190901],[-75.553801,6.190942],[-75.55378,6.190973],[-75.553774,6.191002],[-75.553786,6.191034],[-75.553797,6.191065],[-75.553818,6.191195],[-75.553819,6.191222],[-75.553817,6.191268],[-75.553815,6.191296],[-75.553814,6.191331],[-75.553824,6.191366],[-75.553837,6.191395],[-75.55386,6.191438],[-75.553887,6.19147],[-75.553913,6.191499],[-75.553932,6.191519],[-75.553952,6.191538],[-75.553978,6.191566],[-75.554023,6.191607],[-75.554046,6.191631],[-75.554067,6.191657],[-75.55408,6.191683],[-75.554091,6.191711],[-75.554099,6.191746],[-75.554104,6.191776],[-75.554105,6.191804],[-75.554102,6.191836],[-75.554094,6.191862],[-75.554084,6.19189],[-75.554075,6.191916],[-75.554062,6.191948],[-75.554042,6.19199],[-75.554026,6.192023],[-75.554002,6.192073],[-75.553987,6.192108],[-75.553971,6.192152],[-75.553958,6.192186],[-75.553949,6.192211],[-75.553938,6.192238],[-75.553923,6.192271],[-75.553908,6.192306],[-75.553883,6.192361],[-75.553872,6.19239],[-75.553858,6.192421],[-75.553835,6.192453],[-75.553812,6.192477],[-75.55379,6.192501],[-75.553762,6.192524],[-75.553727,6.192526],[-75.553695,6.192522],[-75.553657,6.19252],[-75.553629,6.192539],[-75.553589,6.192555],[-75.553556,6.19256],[-75.553504,6.192566],[-75.553531,6.192611],[-75.553539,6.19265],[-75.55355,6.19268],[-75.553573,6.192721],[-75.553583,6.19275],[-75.553587,6.192786],[-75.553595,6.192825],[-75.553602,6.192855],[-75.55361,6.192888],[-75.553619,6.192915],[-75.553618,6.192945],[-75.553602,6.192967],[-75.553579,6.192982],[-75.553581,6.193032],[-75.553609,6.193049],[-75.55364,6.193052],[-75.553667,6.193054],[-75.553703,6.193058],[-75.553739,6.193068],[-75.553763,6.193078],[-75.553789,6.193093],[-75.553807,6.193114],[-75.553815,6.193146],[-75.553812,6.193175],[-75.553804,6.193211],[-75.553793,6.193252],[-75.553783,6.193281],[-75.553759,6.193299],[-75.553723,6.193322],[-75.553686,6.193344],[-75.553657,6.193357],[-75.553617,6.193363],[-75.553577,6.193371],[-75.553546,6.193383],[-75.553507,6.193409],[-75.553472,6.19344],[-75.553439,6.193466],[-75.553403,6.193485],[-75.553375,6.193489],[-75.553331,6.193491],[-75.553303,6.193492],[-75.553275,6.193513],[-75.553308,6.193553],[-75.553312,6.193584],[-75.553319,6.193611],[-75.553311,6.193637],[-75.553291,6.19366],[-75.553282,6.193689],[-75.553298,6.193713],[-75.553319,6.193744],[-75.553322,6.193777],[-75.553299,6.19381],[-75.553283,6.193835],[-75.553276,6.193864],[-75.553277,6.193903],[-75.553282,6.193942],[-75.553293,6.19397],[-75.553273,6.193994],[-75.553276,6.194037],[-75.553266,6.194061],[-75.553244,6.19409],[-75.55321,6.194096],[-75.553167,6.194098],[-75.553129,6.194107],[-75.553099,6.194128],[-75.553082,6.194152],[-75.553061,6.194198],[-75.553059,6.194242],[-75.553073,6.194302],[-75.55308,6.194328],[-75.553085,6.194357],[-75.553085,6.194387],[-75.553074,6.194412],[-75.553057,6.194431],[-75.553035,6.194445],[-75.55301,6.194452],[-75.552981,6.194459],[-75.552947,6.19446],[-75.552886,6.194461],[-75.552849,6.194466],[-75.55281,6.194458],[-75.552817,6.194503],[-75.55281,6.194532],[-75.55281,6.194559],[-75.55281,6.194586],[-75.552803,6.194617],[-75.55279,6.194654],[-75.552788,6.194685],[-75.552794,6.194711],[-75.552814,6.194741],[-75.552837,6.194755],[-75.552868,6.194774],[-75.552901,6.194793],[-75.552943,6.194803],[-75.552972,6.194804],[-75.552998,6.194814],[-75.553027,6.19484],[-75.553052,6.194873],[-75.553045,6.194906],[-75.553027,6.194936],[-75.553005,6.194979],[-75.552989,6.195003],[-75.552974,6.195025],[-75.552947,6.195051],[-75.552905,6.195073],[-75.552879,6.195087],[-75.552856,6.195104],[-75.552822,6.19513],[-75.552793,6.195158],[-75.552733,6.195275],[-75.552722,6.19531],[-75.552707,6.195349],[-75.552702,6.195375],[-75.552702,6.195415],[-75.552704,6.195458],[-75.552707,6.19549],[-75.552713,6.195516],[-75.552715,6.195543],[-75.552714,6.195573],[-75.552716,6.1956],[-75.552714,6.195634],[-75.552703,6.195662],[-75.552686,6.195684],[-75.552663,6.195697],[-75.55264,6.195709],[-75.552613,6.195728],[-75.552584,6.195764],[-75.552553,6.195789],[-75.552514,6.195809],[-75.552485,6.195819],[-75.552449,6.195839],[-75.552417,6.19586],[-75.552392,6.195882],[-75.552371,6.195915],[-75.552357,6.195946],[-75.552341,6.195981],[-75.552325,6.196013],[-75.552308,6.196042],[-75.552294,6.196065],[-75.552283,6.196096],[-75.55227,6.196131],[-75.552258,6.196159],[-75.552233,6.196197],[-75.552214,6.196216],[-75.552187,6.196234],[-75.552147,6.196252],[-75.552102,6.19627],[-75.552069,6.196277],[-75.552032,6.196287],[-75.552032,6.196322],[-75.551995,6.19634],[-75.551967,6.196349],[-75.551931,6.196353],[-75.551897,6.196364],[-75.551867,6.196388],[-75.551838,6.196419],[-75.551817,6.196447],[-75.551793,6.196487],[-75.551772,6.196533],[-75.551763,6.196564],[-75.551759,6.196597],[-75.551756,6.19663],[-75.551754,6.196672],[-75.551756,6.196708],[-75.551759,6.196739],[-75.551769,6.196774],[-75.551783,6.196811],[-75.551796,6.196844],[-75.551802,6.196875],[-75.551805,6.196908],[-75.551812,6.196949],[-75.551823,6.196991],[-75.551832,6.19702],[-75.551842,6.197051],[-75.551845,6.197078],[-75.551846,6.197123],[-75.551848,6.197163],[-75.551846,6.197199],[-75.551839,6.197232],[-75.551829,6.19727],[-75.551822,6.197309],[-75.551805,6.197354],[-75.551783,6.197381],[-75.551766,6.19741],[-75.551752,6.197442],[-75.551739,6.197475],[-75.551732,6.1975],[-75.551726,6.197527],[-75.551721,6.197554],[-75.551716,6.197581],[-75.551709,6.197616],[-75.5517,6.19766],[-75.551688,6.197699],[-75.551677,6.197728],[-75.551666,6.19776],[-75.551657,6.197804],[-75.55165,6.197842],[-75.551643,6.197871],[-75.551635,6.197898],[-75.551624,6.197932],[-75.551612,6.197964],[-75.551597,6.197999],[-75.551581,6.198027],[-75.551565,6.198052],[-75.551544,6.19808],[-75.551525,6.198105],[-75.551491,6.198135],[-75.551516,6.198158],[-75.551545,6.198184],[-75.551592,6.198246],[-75.55161,6.198283],[-75.551627,6.198311],[-75.551659,6.198344],[-75.551688,6.198365],[-75.55174,6.19839],[-75.551779,6.198411],[-75.551802,6.19843],[-75.551816,6.198456],[-75.551827,6.198497],[-75.551828,6.19854],[-75.551824,6.198583],[-75.551819,6.19862],[-75.551811,6.198653],[-75.5518,6.198682],[-75.551783,6.19871],[-75.551765,6.198741],[-75.551755,6.198769],[-75.551749,6.198799],[-75.551738,6.198832],[-75.551715,6.198867],[-75.551696,6.198893],[-75.551677,6.19892],[-75.551655,6.198952],[-75.551636,6.198979],[-75.551613,6.199005],[-75.551593,6.199034],[-75.551576,6.199071],[-75.551562,6.199101],[-75.551541,6.199133],[-75.551517,6.199161],[-75.551496,6.199179],[-75.551418,6.199179],[-75.551371,6.199191],[-75.551345,6.199201],[-75.55132,6.199217],[-75.551289,6.199234],[-75.551262,6.199245],[-75.551236,6.199252],[-75.551199,6.199253],[-75.551171,6.199252],[-75.5511,6.199267],[-75.551115,6.199297],[-75.551125,6.199347],[-75.551128,6.19939],[-75.551137,6.199424],[-75.551142,6.199455],[-75.551142,6.199491],[-75.551141,6.199526],[-75.551142,6.199555],[-75.55115,6.199586],[-75.551148,6.199614],[-75.551138,6.199641],[-75.551127,6.199664],[-75.551113,6.199691],[-75.551103,6.199717],[-75.551102,6.199751],[-75.55109,6.199781],[-75.551073,6.199803],[-75.551053,6.199823],[-75.551019,6.199841],[-75.550989,6.199853],[-75.550954,6.199871],[-75.550929,6.199889],[-75.550916,6.199917],[-75.550912,6.199944],[-75.550907,6.19997],[-75.550904,6.200002],[-75.550898,6.20004],[-75.550892,6.200078],[-75.550896,6.200108],[-75.550904,6.200133],[-75.550909,6.20017],[-75.550931,6.200204],[-75.550953,6.200233],[-75.550971,6.200259],[-75.550993,6.20028],[-75.551012,6.200297],[-75.551045,6.20032],[-75.551071,6.200339],[-75.551102,6.200362],[-75.551134,6.200367],[-75.551157,6.200379],[-75.55118,6.200404],[-75.551199,6.200427],[-75.551221,6.200447],[-75.55125,6.200467],[-75.551271,6.200496],[-75.551277,6.200524],[-75.551278,6.200554],[-75.551275,6.200592],[-75.551265,6.200622],[-75.551245,6.200652],[-75.551222,6.200684],[-75.551194,6.200715],[-75.55118,6.200746],[-75.55118,6.200776],[-75.551181,6.200814],[-75.551174,6.200854],[-75.551153,6.200891],[-75.551125,6.200926],[-75.551098,6.200957],[-75.551083,6.200983],[-75.551067,6.201007],[-75.55105,6.201033],[-75.551031,6.201063],[-75.551013,6.201091],[-75.550995,6.201125],[-75.550985,6.201148],[-75.550975,6.201184],[-75.550966,6.20122],[-75.550956,6.20126],[-75.550943,6.201305],[-75.550932,6.201335],[-75.550924,6.201362],[-75.550917,6.201392],[-75.550908,6.201417],[-75.550891,6.201452],[-75.550869,6.201487],[-75.550853,6.201509],[-75.550834,6.201527],[-75.550814,6.201544],[-75.550795,6.201561],[-75.550776,6.201584],[-75.55076,6.201607],[-75.550744,6.201628],[-75.550724,6.201651],[-75.550702,6.201678],[-75.550678,6.201705],[-75.550646,6.201724],[-75.550611,6.201743],[-75.550587,6.20176],[-75.550561,6.201777],[-75.550524,6.201793],[-75.550496,6.201806],[-75.550461,6.201821],[-75.550435,6.201832],[-75.550407,6.201844],[-75.550376,6.201852],[-75.550343,6.201853],[-75.550295,6.201856],[-75.550266,6.201866],[-75.55023,6.201878],[-75.550186,6.20189],[-75.550152,6.2019],[-75.550122,6.201909],[-75.550092,6.201917],[-75.55005,6.201924],[-75.550012,6.20193],[-75.54998,6.201935],[-75.549953,6.201939],[-75.54992,6.201948],[-75.549896,6.201957],[-75.549871,6.201967],[-75.549828,6.201965],[-75.549788,6.201968],[-75.549754,6.201977],[-75.54973,6.201989],[-75.549702,6.202006],[-75.549673,6.202021],[-75.549646,6.202031],[-75.549618,6.20204],[-75.54958,6.202049],[-75.549552,6.202057],[-75.549504,6.202066],[-75.549455,6.202078],[-75.549466,6.20211],[-75.549478,6.202143],[-75.549493,6.202181],[-75.549514,6.202214],[-75.549537,6.202243],[-75.549558,6.202272],[-75.549578,6.2023],[-75.549595,6.202331],[-75.549608,6.202357],[-75.549622,6.202387],[-75.549635,6.20241],[-75.549652,6.20244],[-75.549673,6.202472],[-75.549748,6.202565],[-75.549769,6.202588],[-75.54979,6.202611],[-75.549812,6.202629],[-75.549833,6.202649],[-75.549866,6.202679],[-75.549898,6.202712],[-75.549913,6.202741],[-75.549925,6.202766],[-75.54994,6.202797],[-75.549963,6.202831],[-75.549986,6.202853],[-75.550011,6.20287],[-75.550036,6.202889],[-75.550059,6.202907],[-75.55013,6.202998],[-75.550159,6.203035],[-75.55019,6.203073],[-75.550215,6.203103],[-75.550237,6.203132],[-75.550256,6.203154],[-75.550281,6.20318],[-75.550303,6.203207],[-75.550316,6.203229],[-75.55033,6.203257],[-75.550341,6.203283],[-75.55035,6.203316],[-75.550354,6.203346],[-75.550355,6.203373],[-75.550352,6.203399],[-75.550347,6.203431],[-75.55033,6.203469],[-75.550314,6.203494],[-75.550287,6.203521],[-75.550254,6.203549],[-75.550228,6.203582],[-75.550217,6.203626],[-75.550209,6.203663],[-75.550191,6.203698],[-75.550173,6.203721],[-75.550153,6.203745],[-75.550129,6.203767],[-75.550103,6.203784],[-75.550073,6.203792],[-75.550043,6.203795],[-75.550013,6.203801],[-75.549981,6.203809],[-75.549945,6.203819],[-75.549909,6.203824],[-75.549866,6.203832],[-75.549814,6.203841],[-75.549777,6.203848],[-75.549725,6.203858],[-75.5497,6.203863],[-75.549646,6.203873],[-75.54959,6.203882],[-75.549559,6.203888],[-75.549528,6.203893],[-75.549498,6.203897],[-75.549469,6.203902],[-75.549438,6.203906],[-75.549407,6.20391],[-75.549375,6.203912],[-75.549339,6.203913],[-75.549297,6.203915],[-75.549249,6.203915],[-75.549197,6.203918],[-75.54914,6.203919],[-75.549071,6.203921],[-75.548965,6.203927],[-75.548937,6.203929],[-75.548865,6.203935],[-75.548799,6.203938],[-75.548743,6.20394],[-75.548696,6.20394],[-75.548659,6.203937],[-75.548621,6.203931],[-75.548582,6.203922],[-75.548549,6.20391],[-75.548519,6.203895],[-75.548492,6.203882],[-75.548467,6.203869],[-75.548443,6.203857],[-75.548414,6.203838],[-75.548379,6.203814],[-75.548351,6.203799],[-75.548318,6.203794],[-75.548276,6.203806],[-75.548252,6.203821],[-75.548231,6.20384],[-75.548204,6.203865],[-75.548181,6.203883],[-75.548151,6.203892],[-75.548118,6.203897],[-75.548082,6.203903],[-75.548045,6.203911],[-75.548011,6.20392],[-75.547983,6.203934],[-75.547958,6.203947],[-75.547915,6.203951],[-75.547949,6.204044],[-75.547968,6.204071],[-75.547988,6.204095],[-75.548008,6.204128],[-75.548022,6.204161],[-75.548042,6.204203],[-75.548061,6.204236],[-75.548046,6.204275],[-75.548016,6.204295],[-75.547986,6.204297],[-75.547959,6.204324],[-75.547968,6.204361],[-75.547969,6.204387],[-75.547966,6.204418],[-75.547954,6.204458],[-75.547943,6.204505],[-75.547936,6.204555],[-75.547934,6.204634],[-75.547936,6.204665],[-75.547937,6.204698],[-75.547938,6.204734],[-75.54794,6.204763],[-75.547941,6.204795],[-75.547942,6.204828],[-75.547946,6.204859],[-75.547953,6.20489],[-75.547962,6.204921],[-75.547969,6.204955],[-75.547977,6.204986],[-75.547986,6.205014],[-75.547998,6.205041],[-75.548011,6.205068],[-75.548022,6.205094],[-75.548032,6.205131],[-75.548033,6.205179],[-75.548027,6.205216],[-75.548023,6.205242],[-75.548018,6.20527],[-75.548013,6.205298],[-75.548004,6.205335],[-75.547998,6.205369],[-75.54798,6.205409],[-75.547941,6.205424],[-75.547972,6.205476],[-75.547968,6.205514],[-75.547962,6.205543],[-75.547956,6.205578],[-75.547946,6.205614],[-75.547934,6.205649],[-75.547918,6.205688],[-75.547899,6.205721],[-75.547877,6.205749],[-75.547854,6.205774],[-75.547828,6.205803],[-75.547805,6.205832],[-75.547787,6.205867],[-75.547774,6.205898],[-75.547755,6.205928],[-75.547728,6.205953],[-75.547706,6.205968],[-75.547684,6.205984],[-75.547666,6.206004],[-75.547648,6.206025],[-75.547625,6.206046],[-75.547604,6.206063],[-75.547578,6.206082],[-75.547555,6.206097],[-75.54753,6.206109],[-75.547505,6.20612],[-75.547476,6.206129],[-75.547438,6.206142],[-75.547409,6.206161],[-75.547383,6.206182],[-75.547352,6.206207],[-75.547319,6.206233],[-75.547274,6.206265],[-75.547312,6.206286],[-75.547372,6.206306],[-75.547394,6.206326],[-75.547416,6.206352],[-75.547453,6.206367],[-75.54748,6.206375],[-75.547508,6.206387],[-75.547537,6.2064],[-75.547578,6.206407],[-75.547624,6.206409],[-75.547668,6.206419],[-75.547704,6.206431],[-75.547739,6.206447],[-75.547758,6.206478],[-75.547758,6.206509],[-75.54776,6.206541],[-75.547767,6.206573],[-75.547772,6.206608],[-75.547771,6.206636],[-75.54776,6.206676],[-75.547753,6.206722],[-75.54775,6.206763],[-75.547747,6.206801],[-75.547743,6.206834],[-75.547737,6.20686],[-75.547722,6.206881],[-75.547709,6.206925],[-75.547705,6.206959],[-75.547701,6.206997],[-75.547698,6.207023],[-75.547694,6.207067],[-75.54769,6.2071],[-75.547685,6.207128],[-75.547685,6.207155],[-75.547688,6.207184],[-75.547695,6.207219],[-75.54771,6.207251],[-75.547728,6.20728],[-75.54774,6.207311],[-75.547746,6.207338],[-75.547751,6.207391],[-75.547754,6.20743],[-75.547758,6.207461],[-75.547764,6.207496],[-75.54777,6.207526],[-75.547775,6.207559],[-75.547776,6.207588],[-75.547777,6.207628],[-75.547779,6.207668],[-75.547798,6.207881],[-75.547788,6.207909],[-75.547571,6.208081],[-75.547541,6.208101],[-75.547502,6.20811],[-75.547473,6.208116],[-75.547421,6.208203],[-75.547403,6.208229],[-75.547392,6.208255],[-75.547386,6.208284],[-75.547373,6.208326],[-75.547361,6.208367],[-75.54735,6.208401],[-75.547346,6.208434],[-75.547344,6.208471],[-75.547342,6.208512],[-75.547339,6.208552],[-75.547336,6.208585],[-75.547337,6.208611],[-75.547342,6.208658],[-75.547345,6.208698],[-75.547346,6.208726],[-75.547346,6.208752],[-75.547333,6.208781],[-75.547324,6.208814],[-75.547322,6.20885],[-75.54731,6.208893],[-75.547291,6.208926],[-75.547267,6.208953],[-75.547246,6.208982],[-75.54723,6.209003],[-75.54721,6.209026],[-75.547174,6.20906],[-75.547147,6.209085],[-75.547113,6.20911],[-75.54709,6.209124],[-75.547067,6.20914],[-75.547047,6.209157],[-75.547027,6.209178],[-75.547016,6.209213],[-75.547028,6.209252],[-75.54705,6.209279],[-75.54707,6.2093],[-75.547088,6.209328],[-75.547111,6.209349],[-75.547144,6.209364],[-75.547178,6.209388],[-75.547205,6.209422],[-75.547235,6.209442],[-75.547268,6.209469],[-75.547277,6.209507],[-75.547258,6.209554],[-75.547227,6.209595],[-75.547193,6.20963],[-75.547157,6.20966],[-75.547134,6.209673],[-75.547097,6.209689],[-75.547063,6.209704],[-75.547038,6.209718],[-75.547005,6.209739],[-75.546953,6.209773],[-75.546921,6.209793],[-75.546894,6.209808],[-75.546868,6.20982],[-75.546835,6.209839],[-75.546795,6.209861],[-75.546754,6.209883],[-75.546729,6.209897],[-75.546696,6.209919],[-75.546663,6.209955],[-75.546705,6.209973],[-75.546737,6.209985],[-75.54676,6.210006],[-75.54678,6.210025],[-75.546802,6.210045],[-75.546822,6.210062],[-75.546842,6.210078],[-75.546869,6.210104],[-75.546895,6.210143],[-75.546915,6.210194],[-75.546924,6.210223],[-75.546939,6.210259],[-75.546958,6.210299],[-75.546975,6.210324],[-75.546998,6.210354],[-75.547018,6.210389],[-75.547026,6.210422],[-75.547037,6.210466],[-75.547053,6.210504],[-75.547071,6.210535],[-75.547087,6.210559],[-75.547113,6.210585],[-75.547137,6.210604],[-75.547158,6.210628],[-75.547176,6.210648],[-75.547209,6.210666],[-75.547236,6.210678],[-75.547266,6.210699],[-75.547278,6.210744],[-75.547275,6.21078],[-75.547262,6.21083],[-75.547252,6.210874],[-75.547239,6.210913],[-75.547235,6.210944],[-75.547235,6.210984],[-75.547226,6.211022],[-75.54721,6.211054],[-75.5472,6.211079],[-75.547184,6.211145],[-75.547162,6.211201],[-75.547162,6.211236],[-75.547184,6.211281],[-75.547195,6.21131],[-75.547203,6.211343],[-75.547193,6.211383],[-75.547169,6.211411],[-75.547141,6.211429],[-75.547112,6.211441],[-75.547085,6.211451],[-75.547054,6.211465],[-75.54702,6.211481],[-75.546998,6.211517],[-75.546994,6.211548],[-75.546976,6.211573],[-75.546962,6.211595],[-75.546955,6.211624],[-75.546954,6.211659],[-75.546932,6.211694],[-75.546908,6.211723],[-75.546897,6.211755],[-75.546892,6.211786],[-75.546889,6.211816],[-75.546894,6.211851],[-75.546914,6.211871],[-75.546952,6.211867],[-75.546979,6.211857],[-75.547012,6.21184],[-75.547044,6.211815],[-75.547068,6.211795],[-75.547093,6.211778],[-75.547129,6.211763],[-75.54717,6.211762],[-75.547199,6.211789],[-75.54719,6.211829],[-75.54718,6.211858],[-75.547176,6.211925],[-75.547146,6.211949],[-75.547118,6.211984],[-75.547099,6.212015],[-75.547092,6.212045],[-75.547082,6.212076],[-75.547059,6.2121],[-75.547026,6.212116],[-75.546999,6.212125],[-75.546968,6.212145],[-75.546947,6.212165],[-75.546929,6.212191],[-75.546904,6.212213],[-75.546877,6.212235],[-75.546856,6.212252],[-75.546836,6.212268],[-75.546818,6.212287],[-75.546795,6.212308],[-75.546772,6.212339],[-75.546755,6.212372],[-75.546764,6.212397],[-75.546783,6.212432],[-75.546808,6.212456],[-75.546833,6.212482],[-75.54685,6.212505],[-75.546867,6.212526],[-75.54689,6.212544],[-75.546911,6.212562],[-75.546933,6.212585],[-75.546971,6.212621],[-75.547013,6.212647],[-75.547048,6.212653],[-75.547087,6.212653],[-75.547116,6.212656],[-75.54713,6.212684],[-75.547114,6.212734],[-75.547093,6.21276],[-75.547063,6.212781],[-75.547033,6.212802],[-75.547038,6.21284],[-75.547042,6.212868],[-75.547032,6.212894],[-75.547018,6.21292],[-75.546998,6.212946],[-75.546979,6.212976],[-75.546963,6.213003],[-75.54689,6.213116],[-75.546863,6.213128],[-75.546837,6.213126],[-75.546802,6.213119],[-75.546784,6.213146],[-75.54677,6.213199],[-75.546763,6.213225],[-75.546758,6.21328],[-75.546756,6.213315],[-75.546753,6.213352],[-75.54675,6.213388],[-75.546753,6.213438],[-75.54676,6.213475],[-75.546771,6.213518],[-75.546783,6.213565],[-75.546793,6.213603],[-75.546801,6.213636],[-75.546807,6.213661],[-75.546815,6.213697],[-75.546831,6.213742],[-75.546847,6.213803],[-75.546854,6.213837],[-75.546862,6.213865],[-75.546875,6.213909],[-75.546884,6.213939],[-75.546893,6.213969],[-75.546901,6.213996],[-75.546908,6.214022],[-75.546915,6.214049],[-75.546924,6.214083],[-75.546943,6.214149],[-75.546953,6.214183],[-75.54696,6.214213],[-75.546973,6.214254],[-75.546992,6.214302],[-75.547013,6.214337],[-75.547034,6.214362],[-75.547067,6.214397],[-75.547093,6.214418],[-75.547116,6.214433],[-75.547143,6.21445],[-75.547173,6.214461],[-75.547211,6.214466],[-75.547266,6.214472],[-75.547304,6.214472],[-75.547339,6.214466],[-75.547367,6.214457],[-75.547405,6.214439],[-75.547435,6.214423],[-75.547464,6.214406],[-75.5475,6.214378],[-75.547574,6.214317],[-75.547674,6.214245],[-75.547922,6.214106],[-75.548569,6.213805],[-75.548704,6.21375],[-75.54881,6.213727],[-75.548893,6.213713],[-75.549129,6.2137],[-75.549792,6.213686],[-75.549956,6.213675],[-75.550102,6.213649],[-75.550144,6.213642],[-75.55017,6.213637],[-75.550197,6.213633],[-75.550233,6.213627],[-75.550274,6.213625],[-75.550309,6.213622],[-75.550365,6.213623],[-75.550406,6.213623],[-75.55044,6.213627],[-75.550466,6.213632],[-75.550502,6.213638],[-75.550583,6.213654],[-75.550613,6.21366],[-75.550641,6.213666],[-75.550667,6.213672],[-75.550737,6.21369],[-75.550767,6.213693],[-75.550801,6.213696],[-75.550841,6.213699],[-75.550921,6.213701],[-75.550958,6.213702],[-75.55099,6.213703],[-75.551017,6.213704],[-75.551046,6.213705],[-75.551084,6.213704],[-75.551125,6.213702],[-75.551172,6.213701],[-75.551215,6.2137],[-75.551251,6.2137],[-75.551288,6.213701],[-75.551318,6.213705],[-75.551352,6.213709],[-75.551391,6.213718],[-75.551428,6.213734],[-75.551466,6.213762],[-75.551492,6.213796],[-75.551501,6.213837],[-75.551504,6.213864],[-75.551505,6.213892],[-75.551505,6.213918],[-75.551503,6.213949],[-75.551498,6.213975],[-75.551489,6.214008],[-75.55148,6.214037],[-75.551469,6.214069],[-75.551461,6.214098],[-75.551448,6.214139],[-75.551433,6.214189],[-75.55142,6.214222],[-75.551412,6.214247],[-75.551396,6.214302],[-75.551387,6.214333],[-75.551378,6.214363],[-75.551355,6.214441],[-75.551349,6.214473],[-75.551344,6.214513],[-75.551343,6.214539],[-75.551344,6.214572],[-75.551346,6.214607],[-75.551352,6.214645],[-75.551362,6.214692],[-75.551373,6.214724],[-75.551386,6.214754],[-75.5514,6.214783],[-75.55142,6.214812],[-75.551446,6.21484],[-75.551464,6.214859],[-75.551484,6.214877],[-75.551526,6.214915],[-75.551553,6.214941],[-75.551582,6.214967],[-75.551615,6.214997],[-75.551645,6.215025],[-75.551684,6.215061],[-75.551707,6.215082],[-75.551752,6.215123],[-75.551792,6.215159],[-75.551818,6.215184],[-75.551842,6.215205],[-75.551871,6.215232],[-75.551912,6.215269],[-75.551935,6.21529],[-75.551971,6.215323],[-75.552023,6.21537],[-75.552231,6.215561],[-75.552375,6.215695],[-75.55263,6.21593],[-75.553061,6.216324],[-75.553291,6.216547],[-75.553724,6.216964],[-75.553986,6.217233],[-75.554029,6.217268],[-75.554081,6.217298],[-75.554212,6.217352],[-75.554422,6.217439],[-75.554482,6.217472],[-75.554572,6.217551],[-75.554722,6.217754],[-75.554741,6.217779],[-75.554869,6.217984],[-75.55492,6.218041],[-75.554981,6.218093],[-75.55519,6.218257],[-75.555382,6.218406],[-75.555595,6.21857],[-75.556203,6.219053],[-75.556253,6.219077],[-75.556297,6.219098],[-75.556414,6.219142],[-75.556603,6.219163],[-75.556937,6.219206],[-75.557056,6.219228],[-75.557121,6.219247],[-75.557226,6.219299],[-75.5575,6.219461],[-75.557692,6.219605],[-75.558029,6.219879],[-75.55827,6.220075],[-75.558742,6.220459],[-75.559006,6.220674],[-75.55907,6.220766],[-75.559169,6.220916],[-75.559273,6.221041],[-75.55955,6.221271],[-75.559748,6.221402],[-75.560005,6.22157],[-75.560065,6.221611],[-75.560262,6.221752],[-75.560352,6.221827],[-75.560414,6.221897],[-75.560436,6.221919],[-75.560459,6.221959],[-75.560566,6.222159],[-75.560676,6.222374],[-75.560699,6.222438],[-75.560709,6.222484],[-75.560714,6.222524],[-75.560719,6.222573],[-75.560724,6.222607],[-75.560719,6.222636],[-75.560713,6.222667],[-75.560699,6.222702],[-75.560678,6.222743],[-75.560658,6.222782],[-75.560642,6.222808],[-75.560605,6.222848],[-75.560571,6.222879],[-75.560523,6.22292],[-75.5605,6.222936],[-75.560284,6.22308],[-75.560256,6.223087],[-75.560228,6.223089],[-75.560182,6.223083],[-75.559939,6.222967],[-75.55984,6.222928],[-75.559809,6.222915],[-75.559762,6.222909],[-75.55972,6.22291],[-75.559669,6.222922],[-75.559623,6.222952],[-75.559599,6.22298],[-75.559562,6.223077],[-75.559553,6.223105],[-75.559533,6.223193],[-75.559528,6.22322],[-75.559489,6.223391],[-75.559443,6.223587],[-75.559387,6.223819],[-75.559381,6.223847],[-75.559344,6.224005],[-75.559299,6.2242],[-75.559271,6.224332],[-75.559262,6.224391],[-75.55926,6.224422],[-75.559257,6.224455],[-75.559255,6.224518],[-75.559263,6.2246],[-75.559267,6.224673],[-75.559279,6.224813],[-75.55929,6.224945],[-75.559304,6.225143],[-75.559348,6.225603],[-75.559352,6.225809],[-75.559338,6.226006],[-75.559321,6.226114],[-75.559274,6.226113],[-75.559235,6.226112],[-75.559208,6.226111],[-75.559179,6.22611],[-75.559147,6.226109],[-75.559105,6.226109],[-75.559078,6.226107],[-75.559035,6.226106],[-75.558998,6.226105],[-75.558953,6.226104],[-75.558923,6.226104],[-75.558879,6.226102],[-75.55883,6.226101],[-75.558787,6.2261],[-75.558727,6.226098],[-75.558655,6.226096],[-75.558624,6.226095],[-75.558591,6.226094],[-75.558561,6.226094],[-75.558478,6.226092],[-75.558448,6.226091],[-75.558404,6.22609],[-75.558364,6.226089],[-75.558317,6.226088],[-75.558282,6.226087],[-75.55821,6.226086],[-75.558171,6.226085],[-75.558092,6.226083],[-75.558051,6.226082],[-75.558008,6.226081],[-75.557954,6.22608],[-75.557921,6.226079],[-75.557887,6.226078],[-75.557728,6.226074],[-75.557676,6.226074],[-75.557631,6.226072],[-75.557601,6.226071],[-75.557565,6.226071],[-75.557521,6.22607],[-75.557489,6.226069],[-75.557459,6.226068],[-75.557424,6.226068],[-75.557395,6.226067],[-75.557359,6.226066],[-75.557327,6.226065],[-75.557301,6.226064],[-75.557248,6.226063],[-75.557204,6.226062],[-75.557156,6.226061],[-75.557124,6.226061],[-75.557069,6.226059],[-75.557035,6.226058],[-75.556997,6.226058],[-75.556931,6.226057],[-75.556852,6.226054],[-75.556803,6.226053],[-75.556756,6.226052],[-75.556706,6.226051],[-75.556663,6.22605],[-75.556615,6.226049],[-75.556566,6.226048],[-75.55653,6.226046],[-75.556492,6.226046],[-75.55646,6.226045],[-75.556393,6.226044],[-75.556363,6.226043],[-75.556319,6.226049],[-75.556309,6.226075],[-75.556304,6.226122],[-75.556294,6.22621],[-75.556279,6.226327],[-75.556257,6.226415],[-75.556229,6.226473],[-75.556194,6.226501],[-75.556159,6.226535],[-75.556093,6.226616],[-75.556061,6.226668],[-75.556005,6.226804],[-75.555984,6.226857],[-75.555962,6.2269],[-75.555947,6.226921],[-75.555923,6.226939],[-75.555867,6.226907],[-75.555844,6.226891],[-75.555797,6.226855],[-75.555757,6.226837],[-75.555733,6.226818],[-75.555692,6.226792],[-75.555671,6.226775],[-75.555602,6.226699],[-75.555567,6.226668],[-75.555551,6.226641],[-75.555529,6.2266],[-75.555505,6.226582],[-75.555463,6.226568],[-75.555427,6.226566],[-75.555362,6.226582],[-75.555328,6.226591],[-75.555292,6.226599],[-75.555258,6.226607],[-75.55523,6.226612],[-75.555204,6.226615],[-75.555173,6.226599],[-75.555148,6.226579],[-75.555125,6.226557],[-75.555102,6.226536],[-75.55507,6.226544],[-75.555042,6.226566],[-75.555015,6.226589],[-75.554988,6.226611],[-75.55494,6.226649],[-75.554891,6.226684],[-75.554845,6.22671],[-75.554808,6.226745],[-75.554795,6.226813],[-75.554772,6.226888],[-75.554735,6.226946],[-75.554703,6.226958],[-75.554689,6.226997],[-75.554661,6.227024],[-75.554638,6.227044],[-75.554631,6.227072],[-75.554631,6.227103],[-75.554629,6.227129],[-75.554616,6.227172],[-75.554597,6.227202],[-75.554576,6.227225],[-75.554544,6.22725],[-75.554511,6.227269],[-75.554475,6.227285],[-75.554442,6.227299],[-75.554403,6.227314],[-75.554371,6.227324],[-75.554336,6.227332],[-75.554304,6.227335],[-75.554273,6.227337],[-75.554243,6.227342],[-75.554207,6.227347],[-75.554171,6.22735],[-75.554141,6.227345],[-75.554113,6.227333],[-75.554086,6.227311],[-75.554073,6.227286],[-75.554068,6.22725],[-75.554066,6.227213],[-75.554064,6.227186],[-75.554063,6.227151],[-75.554059,6.227095],[-75.554032,6.227063],[-75.554018,6.227094],[-75.554012,6.227138],[-75.554006,6.227179],[-75.554001,6.227208],[-75.553995,6.227237],[-75.553987,6.227267],[-75.553977,6.227294],[-75.553962,6.227324],[-75.553925,6.227343],[-75.553893,6.227345],[-75.553867,6.227342],[-75.553838,6.227338],[-75.553813,6.227331],[-75.553787,6.227325],[-75.553756,6.227312],[-75.553727,6.227308],[-75.553692,6.227316],[-75.553648,6.227322],[-75.553606,6.22732],[-75.553576,6.227318],[-75.55355,6.227321],[-75.55352,6.227327],[-75.553486,6.227333],[-75.553455,6.227337],[-75.553422,6.227343],[-75.553378,6.227356],[-75.553343,6.227362],[-75.553315,6.227341],[-75.553294,6.227298],[-75.553277,6.227278],[-75.553256,6.22732],[-75.553221,6.227348],[-75.553181,6.227349],[-75.553137,6.227334],[-75.553109,6.227318],[-75.553086,6.227304],[-75.553057,6.227291],[-75.553025,6.227275],[-75.553012,6.227239],[-75.553021,6.227197],[-75.552997,6.227166],[-75.552964,6.227152],[-75.552933,6.227138],[-75.552896,6.227125],[-75.55286,6.227107],[-75.552824,6.227094],[-75.552796,6.227084],[-75.55277,6.227071],[-75.552725,6.227053],[-75.552686,6.227041],[-75.552649,6.227034],[-75.552604,6.227032],[-75.55256,6.227033],[-75.552513,6.227025],[-75.552488,6.227016],[-75.55246,6.226998],[-75.552436,6.226978],[-75.552415,6.226956],[-75.552394,6.22693],[-75.552378,6.226908],[-75.552364,6.226885],[-75.552345,6.226859],[-75.552324,6.22683],[-75.552308,6.226801],[-75.552296,6.226767],[-75.552288,6.226732],[-75.552277,6.226703],[-75.552257,6.226683],[-75.552231,6.226669],[-75.552203,6.226662],[-75.552171,6.226658],[-75.552138,6.226659],[-75.552101,6.226663],[-75.55206,6.226664],[-75.552027,6.226662],[-75.551992,6.226666],[-75.551959,6.226674],[-75.551928,6.226679],[-75.551894,6.226679],[-75.551869,6.226667],[-75.551857,6.226635],[-75.551862,6.226604],[-75.551885,6.226583],[-75.551943,6.226567],[-75.551974,6.226557],[-75.551999,6.226528],[-75.551963,6.226507],[-75.551926,6.226483],[-75.551913,6.226432],[-75.551911,6.226391],[-75.551906,6.226355],[-75.551904,6.226327],[-75.551901,6.226296],[-75.551896,6.226254],[-75.551888,6.226218],[-75.551867,6.226177],[-75.551837,6.226156],[-75.551804,6.22613],[-75.551782,6.226101],[-75.551769,6.226076],[-75.55175,6.226045],[-75.551739,6.226073],[-75.551733,6.226111],[-75.551732,6.226147],[-75.551735,6.226183],[-75.55174,6.226219],[-75.551746,6.226253],[-75.551753,6.226292],[-75.551751,6.22633],[-75.551746,6.226359],[-75.551739,6.226389],[-75.55173,6.22642],[-75.551723,6.226449],[-75.551719,6.226483],[-75.551709,6.226512],[-75.551691,6.22655],[-75.551677,6.226587],[-75.55167,6.226623],[-75.55166,6.226656],[-75.551651,6.226697],[-75.551646,6.226733],[-75.551638,6.226765],[-75.551633,6.226791],[-75.551624,6.226825],[-75.551616,6.226866],[-75.551602,6.226901],[-75.551588,6.22693],[-75.55158,6.226966],[-75.551572,6.226996],[-75.551564,6.227031],[-75.551546,6.227071],[-75.551532,6.227106],[-75.551523,6.227131],[-75.551511,6.227158],[-75.551496,6.227184],[-75.551474,6.227221],[-75.551456,6.227256],[-75.551445,6.22728],[-75.551432,6.227316],[-75.551427,6.227347],[-75.551418,6.227379],[-75.55141,6.227421],[-75.551402,6.227468],[-75.551392,6.227505],[-75.551381,6.22754],[-75.551371,6.227576],[-75.551356,6.227611],[-75.551344,6.227645],[-75.551329,6.227712],[-75.55132,6.227765],[-75.551306,6.227812],[-75.55129,6.227886],[-75.551281,6.227943],[-75.551263,6.228009],[-75.551258,6.228039],[-75.55124,6.228111],[-75.551222,6.228156],[-75.551197,6.228209],[-75.551191,6.228237],[-75.551167,6.228289],[-75.551158,6.228324],[-75.55114,6.228368],[-75.551111,6.228414],[-75.55108,6.228448],[-75.551039,6.228488],[-75.551,6.228531],[-75.550983,6.22856],[-75.550965,6.228609],[-75.55096,6.228639],[-75.550953,6.22867],[-75.55095,6.228758],[-75.550953,6.228796],[-75.55096,6.228826],[-75.550965,6.228853],[-75.550972,6.228883],[-75.550978,6.228921],[-75.550967,6.228953],[-75.550949,6.228986],[-75.550918,6.228999],[-75.550887,6.228999],[-75.550857,6.228994],[-75.550831,6.228988],[-75.550793,6.228986],[-75.550757,6.229011],[-75.550733,6.229048],[-75.550706,6.229072],[-75.550669,6.229089],[-75.550639,6.229125],[-75.55062,6.229149],[-75.550582,6.229176],[-75.550555,6.229183],[-75.550527,6.22919],[-75.550488,6.22921],[-75.550459,6.229242],[-75.550428,6.229276],[-75.5504,6.229306],[-75.550375,6.229331],[-75.550339,6.22936],[-75.550305,6.229385],[-75.550275,6.229403],[-75.550239,6.229417],[-75.550206,6.229432],[-75.550166,6.229452],[-75.550136,6.229438],[-75.550115,6.229459],[-75.550086,6.229471],[-75.550044,6.229469],[-75.55001,6.229469],[-75.549985,6.229476],[-75.549947,6.229485],[-75.549917,6.2295],[-75.549892,6.229524],[-75.549866,6.229543],[-75.549841,6.229555],[-75.549808,6.229566],[-75.54973,6.22957],[-75.549676,6.229542],[-75.549631,6.22956],[-75.549586,6.229552],[-75.549537,6.229523],[-75.549511,6.229512],[-75.549486,6.229504],[-75.549453,6.229498],[-75.549412,6.229494],[-75.549367,6.229489],[-75.54934,6.229483],[-75.54931,6.229472],[-75.549275,6.229456],[-75.54924,6.22944],[-75.549208,6.229425],[-75.549178,6.229412],[-75.549144,6.229395],[-75.549117,6.22939],[-75.54908,6.229387],[-75.549009,6.22939],[-75.54897,6.229394],[-75.54893,6.229407],[-75.548881,6.229427],[-75.54885,6.229417],[-75.548857,6.229392],[-75.548866,6.229352],[-75.548833,6.229215],[-75.548822,6.229183],[-75.548803,6.229148],[-75.548787,6.229116],[-75.548772,6.229091],[-75.548755,6.229064],[-75.548737,6.229036],[-75.548723,6.229012],[-75.548717,6.228979],[-75.54871,6.228939],[-75.548693,6.228904],[-75.548682,6.22887],[-75.548674,6.228837],[-75.54867,6.228787],[-75.548669,6.228742],[-75.548668,6.228715],[-75.548664,6.228685],[-75.548657,6.228656],[-75.548647,6.228624],[-75.548635,6.22857],[-75.548648,6.228536],[-75.548652,6.2285],[-75.548652,6.228451],[-75.548657,6.228408],[-75.548684,6.228371],[-75.548711,6.22834],[-75.548735,6.22831],[-75.548748,6.228286],[-75.548762,6.228256],[-75.548776,6.228223],[-75.548785,6.228198],[-75.5488,6.228169],[-75.548809,6.228142],[-75.548819,6.228094],[-75.548825,6.228055],[-75.548827,6.228019],[-75.548827,6.227976],[-75.548826,6.227939],[-75.548824,6.227902],[-75.548841,6.227861],[-75.548842,6.227824],[-75.548846,6.227794],[-75.548854,6.227754],[-75.548854,6.227726],[-75.548856,6.22769],[-75.548857,6.227661],[-75.548858,6.227633],[-75.548861,6.227597],[-75.548869,6.227569],[-75.548879,6.22754],[-75.548882,6.227463],[-75.548887,6.227413],[-75.54889,6.227373],[-75.548886,6.227339],[-75.548884,6.227302],[-75.548881,6.227268],[-75.548881,6.227233],[-75.548884,6.227198],[-75.54888,6.227167],[-75.548871,6.227139],[-75.548869,6.227088],[-75.548878,6.227052],[-75.548883,6.227022],[-75.548884,6.22699],[-75.548885,6.226963],[-75.548884,6.226929],[-75.548875,6.226887],[-75.548869,6.226853],[-75.548866,6.226823],[-75.548866,6.226784],[-75.548868,6.22675],[-75.54887,6.226717],[-75.548871,6.226689],[-75.54887,6.226655],[-75.548868,6.226616],[-75.548864,6.226586],[-75.548851,6.226547],[-75.548841,6.226501],[-75.548843,6.22647],[-75.548856,6.226445],[-75.548861,6.226408],[-75.548861,6.226377],[-75.548848,6.226352],[-75.548856,6.226313],[-75.548858,6.226257],[-75.548865,6.226214],[-75.548875,6.226177],[-75.548886,6.226149],[-75.548898,6.226118],[-75.548913,6.226085],[-75.548928,6.226046],[-75.548941,6.226019],[-75.548956,6.225984],[-75.548927,6.225992],[-75.548902,6.22601],[-75.548879,6.226021],[-75.548842,6.226024],[-75.548805,6.226026],[-75.548772,6.226008],[-75.548734,6.225998],[-75.548706,6.22602],[-75.548683,6.22604],[-75.54866,6.226065],[-75.548638,6.226089],[-75.548625,6.226113],[-75.548613,6.226145],[-75.54857,6.226146],[-75.548531,6.226141],[-75.548503,6.22616],[-75.548471,6.226185],[-75.548457,6.226227],[-75.548434,6.226273],[-75.548404,6.226273],[-75.548383,6.226254],[-75.548372,6.226229],[-75.548357,6.226198],[-75.548318,6.226178],[-75.548282,6.226174],[-75.548244,6.226182],[-75.548208,6.226196],[-75.548176,6.22621],[-75.548153,6.226222],[-75.548126,6.226236],[-75.548098,6.226246],[-75.548072,6.22625],[-75.548035,6.226251],[-75.547985,6.226253],[-75.547951,6.226245],[-75.547927,6.226224],[-75.547912,6.226197],[-75.547906,6.226159],[-75.547893,6.226114],[-75.547869,6.226066],[-75.54786,6.226022],[-75.547856,6.225993],[-75.547846,6.225967],[-75.547831,6.225942],[-75.547805,6.225921],[-75.547777,6.22591],[-75.547748,6.225902],[-75.547705,6.225881],[-75.547665,6.225874],[-75.547626,6.225875],[-75.547599,6.225879],[-75.54756,6.225879],[-75.547521,6.225875],[-75.547475,6.22586],[-75.547438,6.225844],[-75.547411,6.22583],[-75.547392,6.225806],[-75.54737,6.225774],[-75.54734,6.225736],[-75.547314,6.225698],[-75.547306,6.225667],[-75.547301,6.225634],[-75.547294,6.225596],[-75.547272,6.22556],[-75.547237,6.225533],[-75.547207,6.225518],[-75.547176,6.225507],[-75.547135,6.225492],[-75.547096,6.225474],[-75.547053,6.225458],[-75.547008,6.225453],[-75.546958,6.225457],[-75.546919,6.225458],[-75.54689,6.225453],[-75.546865,6.225436],[-75.546846,6.225419],[-75.546824,6.225397],[-75.546804,6.225374],[-75.546782,6.22534],[-75.546776,6.2253],[-75.546779,6.225261],[-75.546769,6.225221],[-75.546743,6.225204],[-75.546708,6.225189],[-75.546679,6.225171],[-75.54666,6.2252],[-75.546643,6.225234],[-75.546629,6.225255],[-75.546609,6.225285],[-75.546597,6.225312],[-75.546587,6.225338],[-75.546578,6.225364],[-75.546567,6.225394],[-75.546553,6.225433],[-75.546535,6.225474],[-75.546519,6.225501],[-75.5465,6.225527],[-75.546481,6.225551],[-75.54646,6.225577],[-75.546433,6.225607],[-75.546409,6.225639],[-75.546389,6.225669],[-75.546366,6.225689],[-75.546332,6.2257],[-75.546304,6.225701],[-75.546277,6.2257],[-75.546256,6.225677],[-75.546239,6.225641],[-75.54623,6.225611],[-75.546207,6.225584],[-75.546185,6.225561],[-75.546166,6.225532],[-75.546147,6.225505],[-75.546112,6.225488],[-75.546079,6.225468],[-75.546053,6.225487],[-75.546033,6.22551],[-75.54601,6.225528],[-75.545989,6.225544],[-75.545964,6.225558],[-75.545927,6.225573],[-75.545885,6.225581],[-75.545852,6.225581],[-75.545814,6.225583],[-75.545773,6.225591],[-75.545742,6.225604],[-75.545704,6.225616],[-75.545668,6.225653],[-75.545627,6.225663],[-75.545603,6.225673],[-75.545565,6.225678],[-75.545532,6.22567],[-75.545507,6.225655],[-75.54549,6.225632],[-75.545462,6.225607],[-75.545435,6.22561],[-75.545408,6.225606],[-75.54537,6.225595],[-75.545332,6.225586],[-75.545292,6.225575],[-75.545261,6.225559],[-75.545235,6.22554],[-75.545203,6.225511],[-75.545181,6.225498],[-75.545152,6.225485],[-75.545126,6.225466],[-75.545105,6.22544],[-75.545086,6.225412],[-75.54507,6.225387],[-75.545046,6.225351],[-75.545032,6.225318],[-75.545023,6.225285],[-75.545013,6.225245],[-75.544993,6.225212],[-75.544983,6.225179],[-75.544971,6.225147],[-75.544955,6.225108],[-75.544941,6.22507],[-75.544922,6.225039],[-75.544886,6.225013],[-75.544849,6.224995],[-75.544821,6.224987],[-75.544785,6.224983],[-75.544737,6.22498],[-75.544696,6.224983],[-75.544658,6.224987],[-75.544601,6.224985],[-75.544567,6.224978],[-75.544534,6.224964],[-75.544502,6.224944],[-75.544475,6.22492],[-75.544444,6.22489],[-75.544407,6.22487],[-75.544376,6.224871],[-75.544336,6.224875],[-75.544295,6.224883],[-75.544263,6.224895],[-75.544232,6.224903],[-75.544201,6.224903],[-75.544164,6.224904],[-75.544118,6.2249],[-75.54409,6.224894],[-75.544061,6.224886],[-75.544026,6.224881],[-75.54398,6.224874],[-75.543939,6.224867],[-75.543903,6.224856],[-75.543868,6.224841],[-75.543845,6.224825],[-75.543823,6.224808],[-75.543797,6.224777],[-75.543785,6.224746],[-75.543775,6.224721],[-75.543758,6.224691],[-75.543742,6.224667],[-75.543724,6.224643],[-75.543705,6.224625],[-75.543683,6.224601],[-75.543653,6.224557],[-75.543644,6.224531],[-75.543639,6.224502],[-75.543635,6.224475],[-75.543629,6.224433],[-75.543604,6.224408],[-75.543585,6.224433],[-75.543566,6.224453],[-75.543542,6.224444],[-75.543514,6.224425],[-75.54348,6.224419],[-75.543443,6.224421],[-75.543406,6.224444],[-75.543384,6.224472],[-75.543371,6.2245],[-75.543363,6.224528],[-75.543359,6.224558],[-75.543353,6.224595],[-75.543336,6.224639],[-75.543304,6.224643],[-75.543276,6.224625],[-75.543259,6.224595],[-75.543217,6.224577],[-75.543193,6.224604],[-75.543173,6.224636],[-75.543147,6.224654],[-75.543109,6.224669],[-75.543079,6.224675],[-75.543035,6.224678],[-75.542996,6.224679],[-75.542968,6.224679],[-75.54294,6.224678],[-75.542903,6.224669],[-75.542869,6.22466],[-75.542831,6.224652],[-75.542795,6.224645],[-75.542767,6.224633],[-75.54274,6.224617],[-75.542716,6.224603],[-75.542695,6.224583],[-75.542675,6.22456],[-75.542648,6.224531],[-75.54263,6.224498],[-75.54261,6.224469],[-75.542592,6.224439],[-75.542572,6.224415],[-75.542547,6.224394],[-75.542519,6.224376],[-75.542493,6.224356],[-75.542486,6.224331],[-75.542494,6.224298],[-75.542493,6.224264],[-75.542461,6.224254],[-75.542438,6.224268],[-75.542403,6.224301],[-75.542377,6.224329],[-75.54236,6.224361],[-75.542332,6.224394],[-75.542284,6.224436],[-75.542254,6.224455],[-75.542224,6.224483],[-75.542205,6.224512],[-75.542188,6.22455],[-75.54217,6.224583],[-75.542149,6.224603],[-75.542127,6.22462],[-75.542099,6.224632],[-75.542059,6.22464],[-75.542026,6.224636],[-75.542,6.224631],[-75.541957,6.22463],[-75.54192,6.22465],[-75.54189,6.224658],[-75.54186,6.224667],[-75.541831,6.224691],[-75.541812,6.224713],[-75.541793,6.224739],[-75.541769,6.224757],[-75.54173,6.224775],[-75.541697,6.224791],[-75.541674,6.224807],[-75.541653,6.224836],[-75.541632,6.224872],[-75.541608,6.224888],[-75.541584,6.224899],[-75.541559,6.224906],[-75.541528,6.224914],[-75.541486,6.224919],[-75.541439,6.224927],[-75.541402,6.224928],[-75.541366,6.224922],[-75.541335,6.224935],[-75.541348,6.224967],[-75.541369,6.224997],[-75.54138,6.225029],[-75.541374,6.225065],[-75.541356,6.225116],[-75.541337,6.225144],[-75.541312,6.225162],[-75.541289,6.225174],[-75.541258,6.225186],[-75.541219,6.225186],[-75.541192,6.225175],[-75.541157,6.225143],[-75.54113,6.225104],[-75.541117,6.225068],[-75.541107,6.225025],[-75.541101,6.224997],[-75.54109,6.224956],[-75.541074,6.224932],[-75.541049,6.224906],[-75.541013,6.224876],[-75.540982,6.224858],[-75.540962,6.22484],[-75.540936,6.224817],[-75.54091,6.22479],[-75.54089,6.224766],[-75.540857,6.224738],[-75.540826,6.224718],[-75.540803,6.224706],[-75.540774,6.224708],[-75.540744,6.224712],[-75.540705,6.22471],[-75.540671,6.224704],[-75.540639,6.224698],[-75.540614,6.224693],[-75.540583,6.22467],[-75.540562,6.224636],[-75.540539,6.224603],[-75.540505,6.224577],[-75.540457,6.224565],[-75.540421,6.224561],[-75.540388,6.224561],[-75.540345,6.224555],[-75.540315,6.22456],[-75.540288,6.224564],[-75.540245,6.224562],[-75.540207,6.224562],[-75.540166,6.224559],[-75.540134,6.224551],[-75.54011,6.224538],[-75.540087,6.224522],[-75.540035,6.224507],[-75.539946,6.224491],[-75.539958,6.224562],[-75.53995,6.224596],[-75.539922,6.224624],[-75.539888,6.224645],[-75.539853,6.224673],[-75.539822,6.224704],[-75.5398,6.224723],[-75.539777,6.224746],[-75.539748,6.224766],[-75.539716,6.224784],[-75.539687,6.224803],[-75.539642,6.224828],[-75.539603,6.224852],[-75.539558,6.224872],[-75.539525,6.22488],[-75.539495,6.224884],[-75.539466,6.224881],[-75.539442,6.224871],[-75.539414,6.224863],[-75.539387,6.224862],[-75.53936,6.224859],[-75.539326,6.22485],[-75.539291,6.224836],[-75.539266,6.224818],[-75.539243,6.224797],[-75.539221,6.224776],[-75.539191,6.224754],[-75.539161,6.224739],[-75.539082,6.224715],[-75.539103,6.224747],[-75.539125,6.224774],[-75.539146,6.224797],[-75.539164,6.22482],[-75.539185,6.224844],[-75.539205,6.224868],[-75.539229,6.224896],[-75.539248,6.224923],[-75.539269,6.22496],[-75.53929,6.224991],[-75.539313,6.225018],[-75.539329,6.225041],[-75.539357,6.225084],[-75.539372,6.225105],[-75.539388,6.225128],[-75.539411,6.225161],[-75.539435,6.22519],[-75.539459,6.22522],[-75.539485,6.225257],[-75.539512,6.225293],[-75.539541,6.225324],[-75.539575,6.225347],[-75.539615,6.225371],[-75.53965,6.225394],[-75.539691,6.22541],[-75.539728,6.22542],[-75.53976,6.225433],[-75.539794,6.225448],[-75.539828,6.225466],[-75.539864,6.225489],[-75.539893,6.225508],[-75.53992,6.225524],[-75.539949,6.225543],[-75.539977,6.225564],[-75.540005,6.225584],[-75.540042,6.225613],[-75.54007,6.225641],[-75.540097,6.22566],[-75.540148,6.2257],[-75.540176,6.225726],[-75.5402,6.225743],[-75.540225,6.225762],[-75.540254,6.225787],[-75.540274,6.225806],[-75.540293,6.225826],[-75.540317,6.225847],[-75.540346,6.225868],[-75.540372,6.225892],[-75.540396,6.225919],[-75.540416,6.225942],[-75.540432,6.225967],[-75.540453,6.226002],[-75.540461,6.226026],[-75.540435,6.226149],[-75.540431,6.226182],[-75.540425,6.226209],[-75.540416,6.226236],[-75.540405,6.22626],[-75.540393,6.226283],[-75.540388,6.226316],[-75.540386,6.226359],[-75.540379,6.226397],[-75.540374,6.226431],[-75.540366,6.226468],[-75.540357,6.226516],[-75.540361,6.226549],[-75.54037,6.226592],[-75.540373,6.226623],[-75.540373,6.226657],[-75.540371,6.226699],[-75.540367,6.22674],[-75.540361,6.226779],[-75.540356,6.226812],[-75.540351,6.226848],[-75.540346,6.226879],[-75.540331,6.226962],[-75.540322,6.226991],[-75.540316,6.227018],[-75.540309,6.227045],[-75.540298,6.227073],[-75.540287,6.227099],[-75.540279,6.227131],[-75.540267,6.227161],[-75.540251,6.227185],[-75.540238,6.227207],[-75.540225,6.227231],[-75.540208,6.227257],[-75.540176,6.227288],[-75.54015,6.227308],[-75.540126,6.227322],[-75.5401,6.227333],[-75.540074,6.22734],[-75.540039,6.227346],[-75.540005,6.227345],[-75.539968,6.227338],[-75.539934,6.227329],[-75.539888,6.227319],[-75.539839,6.227309],[-75.5398,6.227307],[-75.539771,6.227308],[-75.539731,6.227308],[-75.539695,6.227308],[-75.539664,6.227303],[-75.53957,6.22726],[-75.539577,6.227289],[-75.539594,6.227328],[-75.539623,6.227395],[-75.539638,6.227442],[-75.539636,6.227483],[-75.539632,6.227516],[-75.539633,6.227546],[-75.539645,6.227582],[-75.53967,6.22762],[-75.539696,6.227644],[-75.53973,6.227669],[-75.539762,6.22769],[-75.539779,6.227718],[-75.539783,6.227752],[-75.539782,6.227783],[-75.539781,6.227822],[-75.539779,6.227855],[-75.539772,6.227887],[-75.539761,6.227926],[-75.539754,6.227956],[-75.539748,6.227987],[-75.539746,6.228017],[-75.539746,6.228052],[-75.539747,6.228089],[-75.539745,6.228121],[-75.539721,6.228147],[-75.539716,6.228181],[-75.539706,6.228218],[-75.539694,6.228253],[-75.53968,6.228276],[-75.539649,6.228301],[-75.539611,6.228299],[-75.539578,6.228266],[-75.539551,6.228229],[-75.539535,6.228205],[-75.53952,6.228182],[-75.539504,6.228155],[-75.53949,6.228133],[-75.539469,6.228102],[-75.539447,6.228078],[-75.53941,6.228058],[-75.539391,6.228033],[-75.539381,6.227996],[-75.539336,6.227972],[-75.539306,6.22795],[-75.539279,6.227929],[-75.539258,6.22791],[-75.539241,6.22789],[-75.539225,6.227867],[-75.539208,6.227847],[-75.539186,6.227828],[-75.539166,6.227812],[-75.539151,6.227791],[-75.539131,6.227769],[-75.539095,6.227751],[-75.53906,6.227733],[-75.539029,6.227718],[-75.538995,6.227699],[-75.538967,6.22768],[-75.538941,6.22766],[-75.538905,6.227633],[-75.538873,6.227611],[-75.538849,6.22759],[-75.538828,6.227568],[-75.538807,6.227544],[-75.538791,6.227522],[-75.538771,6.227494],[-75.538752,6.227469],[-75.538733,6.227444],[-75.538716,6.227422],[-75.538698,6.227401],[-75.53867,6.227383],[-75.538639,6.227382],[-75.53861,6.227377],[-75.538579,6.227374],[-75.538546,6.22739],[-75.538523,6.227408],[-75.538486,6.227418],[-75.538449,6.227416],[-75.538423,6.227417],[-75.538397,6.227407],[-75.538372,6.227392],[-75.53834,6.227386],[-75.538294,6.227386],[-75.538261,6.227374],[-75.538233,6.22734],[-75.538207,6.22731],[-75.538173,6.227302],[-75.538136,6.227307],[-75.538106,6.22732],[-75.538072,6.227332],[-75.538038,6.22734],[-75.538013,6.227347],[-75.537985,6.227355],[-75.537949,6.227362],[-75.537919,6.227366],[-75.537893,6.22737],[-75.537864,6.227373],[-75.53783,6.227374],[-75.537795,6.227377],[-75.537766,6.227394],[-75.537748,6.227412],[-75.537722,6.227421],[-75.537692,6.227431],[-75.537655,6.227441],[-75.537609,6.22745],[-75.537567,6.227444],[-75.537529,6.227431],[-75.537499,6.227426],[-75.537462,6.227426],[-75.537435,6.22743],[-75.537403,6.227431],[-75.537337,6.22743],[-75.537343,6.227475],[-75.537317,6.227501],[-75.537292,6.227523],[-75.537272,6.227554],[-75.537255,6.227588],[-75.537236,6.227607],[-75.537206,6.22762],[-75.537176,6.227623],[-75.537148,6.227627],[-75.537118,6.227631],[-75.537087,6.227637],[-75.537058,6.227648],[-75.537024,6.227657],[-75.53699,6.227663],[-75.536959,6.227666],[-75.53693,6.227666],[-75.536895,6.227665],[-75.53685,6.227666],[-75.536809,6.227669],[-75.536774,6.227668],[-75.536737,6.227666],[-75.536707,6.227668],[-75.536677,6.227668],[-75.536642,6.227667],[-75.536614,6.227662],[-75.536588,6.227651],[-75.536565,6.227633],[-75.536533,6.227636],[-75.536507,6.227678],[-75.536466,6.227684],[-75.536435,6.22768],[-75.536399,6.227671],[-75.536391,6.227697],[-75.536371,6.227734],[-75.536357,6.227757],[-75.536345,6.227782],[-75.536329,6.227812],[-75.536305,6.227844],[-75.536289,6.227879],[-75.536273,6.227913],[-75.536257,6.227939],[-75.536223,6.22797],[-75.536188,6.228003],[-75.536161,6.22802],[-75.536133,6.228028],[-75.536101,6.228042],[-75.536076,6.22806],[-75.536044,6.228082],[-75.536014,6.22811],[-75.535986,6.228144],[-75.535968,6.228173],[-75.535943,6.228193],[-75.535918,6.228207],[-75.535885,6.228222],[-75.535859,6.228233],[-75.535826,6.228243],[-75.535797,6.228252],[-75.53577,6.228262],[-75.535739,6.228277],[-75.535706,6.228292],[-75.535681,6.228303],[-75.53565,6.228323],[-75.535623,6.228342],[-75.535596,6.228359],[-75.535567,6.228378],[-75.535543,6.228397],[-75.53552,6.228418],[-75.535485,6.228475],[-75.535431,6.228464],[-75.535387,6.228466],[-75.535364,6.228486],[-75.535334,6.228499],[-75.535292,6.228511],[-75.535259,6.228523],[-75.535231,6.228529],[-75.535199,6.228536],[-75.53516,6.228547],[-75.535127,6.228565],[-75.535099,6.228575],[-75.535069,6.228574],[-75.535029,6.228574],[-75.534992,6.228573],[-75.534958,6.228571],[-75.534926,6.228567],[-75.534901,6.228562],[-75.534872,6.228546],[-75.534849,6.228527],[-75.534831,6.228504],[-75.534794,6.228555],[-75.534772,6.228583],[-75.534753,6.228603],[-75.534732,6.228621],[-75.534705,6.228645],[-75.534685,6.228662],[-75.534664,6.228678],[-75.534629,6.228693],[-75.534594,6.228701],[-75.534565,6.2287],[-75.534533,6.228693],[-75.534502,6.228685],[-75.534465,6.228669],[-75.534435,6.228651],[-75.534412,6.228633],[-75.534385,6.22861],[-75.53436,6.22859],[-75.534337,6.228573],[-75.534308,6.228555],[-75.534269,6.228535],[-75.534234,6.22852],[-75.534198,6.228506],[-75.534168,6.228495],[-75.534136,6.228478],[-75.534109,6.228456],[-75.534093,6.228427],[-75.534076,6.228386],[-75.53406,6.228352],[-75.534044,6.228324],[-75.534029,6.2283],[-75.534016,6.228275],[-75.534013,6.228239],[-75.534025,6.228206],[-75.534039,6.228183],[-75.53405,6.228159],[-75.534048,6.228133],[-75.534033,6.228104],[-75.534017,6.228073],[-75.533999,6.228051],[-75.53397,6.228132],[-75.53395,6.228165],[-75.533926,6.228191],[-75.533892,6.228198],[-75.533864,6.228203],[-75.533848,6.228225],[-75.533819,6.228239],[-75.533787,6.228249],[-75.533755,6.228235],[-75.533718,6.228204],[-75.533685,6.228182],[-75.533642,6.228164],[-75.533438,6.228075],[-75.533409,6.228058],[-75.533377,6.228039],[-75.533351,6.228021],[-75.533327,6.228006],[-75.533298,6.227989],[-75.533269,6.22797],[-75.533249,6.227951],[-75.533241,6.227924],[-75.533185,6.227947],[-75.533153,6.227941],[-75.533109,6.227924],[-75.533062,6.227909],[-75.533027,6.227902],[-75.532999,6.227897],[-75.532972,6.227895],[-75.53292,6.227923],[-75.532889,6.227928],[-75.532849,6.227936],[-75.532805,6.227951],[-75.532776,6.227962],[-75.53275,6.227973],[-75.532721,6.227986],[-75.532692,6.227998],[-75.532655,6.228013],[-75.532623,6.228026],[-75.532586,6.228038],[-75.532558,6.228045],[-75.53253,6.22805],[-75.532498,6.228053],[-75.532468,6.228054],[-75.53244,6.228051],[-75.532404,6.228041],[-75.532364,6.228017],[-75.532335,6.227991],[-75.532316,6.227969],[-75.532302,6.227946],[-75.532289,6.227922],[-75.532279,6.227887],[-75.532272,6.227821],[-75.532274,6.22779],[-75.532276,6.227757],[-75.532276,6.227726],[-75.532277,6.227699],[-75.53228,6.227671],[-75.532283,6.227641],[-75.532288,6.227609],[-75.532291,6.227581],[-75.532294,6.227549],[-75.532295,6.22752],[-75.532297,6.227487],[-75.532299,6.227452],[-75.532303,6.227418],[-75.53231,6.227379],[-75.532314,6.227342],[-75.53232,6.227299],[-75.532323,6.227262],[-75.532324,6.227236],[-75.532323,6.227207],[-75.532319,6.227176],[-75.532314,6.227149],[-75.532304,6.227123],[-75.532287,6.227095],[-75.532267,6.227069],[-75.532246,6.227046],[-75.532216,6.227025],[-75.532192,6.227013],[-75.53216,6.227014],[-75.532134,6.226999],[-75.532102,6.226996],[-75.532067,6.226996],[-75.532022,6.227003],[-75.53198,6.227022],[-75.531949,6.227043],[-75.531924,6.227064],[-75.531897,6.227081],[-75.53187,6.227095],[-75.531833,6.227117],[-75.531805,6.227138],[-75.531773,6.22716],[-75.531736,6.22718],[-75.5317,6.227197],[-75.531663,6.227211],[-75.531623,6.227222],[-75.531585,6.227226],[-75.531547,6.227225],[-75.531496,6.227223],[-75.531453,6.227222],[-75.531405,6.227222],[-75.531374,6.227221],[-75.53134,6.22722],[-75.531292,6.22722],[-75.531256,6.22722],[-75.531223,6.227221],[-75.531189,6.227223],[-75.531151,6.227225],[-75.531121,6.227229],[-75.531091,6.227236],[-75.531055,6.227249],[-75.531018,6.22727],[-75.530989,6.227295],[-75.53097,6.227319],[-75.530956,6.227342],[-75.530945,6.227367],[-75.530931,6.227408],[-75.53092,6.227444],[-75.530913,6.227471],[-75.530906,6.2275],[-75.530897,6.227525],[-75.530886,6.227549],[-75.530869,6.227576],[-75.530848,6.227608],[-75.530829,6.227635],[-75.530803,6.227662],[-75.530777,6.227686],[-75.530741,6.227714],[-75.530714,6.227732],[-75.530687,6.227749],[-75.530658,6.227767],[-75.530635,6.227781],[-75.530613,6.227797],[-75.530591,6.227813],[-75.530568,6.22783],[-75.530546,6.227845],[-75.530521,6.22786],[-75.530495,6.227875],[-75.530467,6.22789],[-75.530433,6.22791],[-75.530407,6.227927],[-75.530377,6.227944],[-75.530344,6.227958],[-75.530304,6.22797],[-75.530271,6.227975],[-75.530235,6.227976],[-75.530205,6.227973],[-75.530174,6.227967],[-75.530145,6.227956],[-75.530118,6.227943],[-75.530091,6.227926],[-75.530059,6.227901],[-75.530028,6.227873],[-75.530006,6.227851],[-75.529986,6.227831],[-75.529958,6.227802],[-75.529922,6.227767],[-75.529893,6.227741],[-75.529873,6.227724],[-75.529852,6.227706],[-75.529823,6.227682],[-75.52979,6.227655],[-75.529766,6.227633],[-75.529746,6.227615],[-75.529727,6.227597],[-75.529709,6.227578],[-75.52969,6.22756],[-75.529671,6.227541],[-75.529652,6.227521],[-75.529631,6.227499],[-75.529614,6.22748],[-75.529597,6.227456],[-75.529576,6.227424],[-75.529548,6.22738],[-75.529522,6.227335],[-75.529507,6.22731],[-75.529491,6.227291],[-75.529471,6.227269],[-75.529437,6.227244],[-75.529396,6.227221],[-75.529366,6.227215],[-75.52933,6.22722],[-75.529294,6.227231],[-75.529266,6.227248],[-75.529245,6.227272],[-75.529219,6.227306],[-75.529196,6.227341],[-75.529173,6.227372],[-75.529157,6.227393],[-75.529138,6.227427],[-75.529116,6.227468],[-75.529105,6.227495],[-75.529097,6.227521],[-75.529092,6.227546],[-75.529086,6.227581],[-75.529078,6.227621],[-75.529068,6.227661],[-75.52905,6.227703],[-75.529026,6.227737],[-75.529007,6.227758],[-75.528988,6.227779],[-75.528965,6.227801],[-75.52893,6.227822],[-75.52889,6.227838],[-75.528859,6.227849],[-75.528821,6.22786],[-75.528792,6.227867],[-75.528764,6.227872],[-75.528737,6.227875],[-75.528711,6.227879],[-75.528684,6.227882],[-75.528656,6.227885],[-75.528625,6.227887],[-75.528598,6.227887],[-75.528557,6.227881],[-75.528523,6.22787],[-75.528495,6.227858],[-75.528464,6.227837],[-75.528434,6.227807],[-75.528413,6.227777],[-75.528397,6.227749],[-75.528385,6.227724],[-75.528373,6.227699],[-75.528362,6.227675],[-75.528349,6.227643],[-75.528336,6.227597],[-75.528308,6.227533],[-75.528272,6.227478],[-75.528202,6.227419],[-75.528136,6.227374],[-75.528066,6.227343],[-75.528019,6.22733],[-75.527955,6.227326],[-75.527915,6.22733],[-75.527898,6.227357],[-75.527919,6.227392],[-75.527942,6.227427],[-75.527964,6.227453],[-75.527991,6.227487],[-75.528027,6.227535],[-75.528044,6.227557],[-75.528058,6.227584],[-75.528072,6.227622],[-75.528078,6.227661],[-75.528077,6.227698],[-75.528078,6.227742],[-75.528077,6.227775],[-75.528074,6.227823],[-75.528075,6.227864],[-75.528074,6.22791],[-75.528074,6.227943],[-75.528074,6.227975],[-75.528076,6.228008],[-75.528074,6.228053],[-75.528067,6.2281],[-75.528057,6.228133],[-75.528043,6.228169],[-75.528027,6.228196],[-75.528008,6.228228],[-75.52798,6.228267],[-75.527958,6.228295],[-75.527934,6.228323],[-75.527906,6.228368],[-75.527893,6.228398],[-75.527884,6.228437],[-75.527882,6.228474],[-75.527882,6.228511],[-75.52788,6.228555],[-75.527883,6.228583],[-75.527886,6.228619],[-75.527895,6.228654],[-75.527908,6.228691],[-75.527921,6.228724],[-75.527934,6.228752],[-75.52795,6.228786],[-75.527963,6.228813],[-75.527975,6.228847],[-75.52798,6.22888],[-75.527983,6.228908],[-75.527988,6.22894],[-75.527995,6.228974],[-75.527998,6.229008],[-75.528008,6.229044],[-75.528025,6.229071],[-75.528052,6.229102],[-75.528086,6.229132],[-75.528118,6.229158],[-75.528143,6.229177],[-75.528163,6.229193],[-75.528189,6.229212],[-75.528224,6.229233],[-75.528246,6.229247],[-75.528273,6.229268],[-75.528297,6.229287],[-75.528302,6.229353],[-75.52827,6.229398],[-75.528232,6.229422],[-75.528206,6.22944],[-75.528181,6.229462],[-75.528163,6.229487],[-75.528141,6.229525],[-75.528112,6.229538],[-75.528085,6.229542],[-75.528056,6.229548],[-75.528029,6.229554],[-75.527997,6.229563],[-75.527965,6.229575],[-75.527931,6.229582],[-75.527899,6.229585],[-75.527872,6.229588],[-75.527846,6.229591],[-75.527816,6.229585],[-75.527791,6.229574],[-75.527761,6.229566],[-75.527725,6.229566],[-75.527687,6.229557],[-75.527655,6.229555],[-75.527614,6.229546],[-75.527568,6.229525],[-75.527549,6.229576],[-75.527545,6.229612],[-75.527536,6.229648],[-75.527519,6.229681],[-75.52748,6.229705],[-75.527446,6.229717],[-75.527407,6.229709],[-75.527373,6.229689],[-75.527333,6.229667],[-75.527288,6.229643],[-75.527257,6.229625],[-75.52722,6.229605],[-75.527175,6.229589],[-75.527129,6.22958],[-75.527103,6.229565],[-75.527066,6.229542],[-75.527028,6.229524],[-75.527,6.229509],[-75.526959,6.229494],[-75.526938,6.229478],[-75.526913,6.229462],[-75.526904,6.229517],[-75.526878,6.229524],[-75.526847,6.229524],[-75.526806,6.229523],[-75.526769,6.229526],[-75.526724,6.229525],[-75.52669,6.229523],[-75.526659,6.229523],[-75.52663,6.229522],[-75.526598,6.229521],[-75.526566,6.229523],[-75.526535,6.22953],[-75.526503,6.229534],[-75.526476,6.229537],[-75.526443,6.229542],[-75.526406,6.229545],[-75.526377,6.229553],[-75.526345,6.229565],[-75.526313,6.229573],[-75.526275,6.22957],[-75.526234,6.229565],[-75.526202,6.229554],[-75.526167,6.229542],[-75.526132,6.229528],[-75.526087,6.229511],[-75.526051,6.229499],[-75.526015,6.229488],[-75.525954,6.229482],[-75.525932,6.229467],[-75.525896,6.22951],[-75.525867,6.229533],[-75.525834,6.229546],[-75.525806,6.229557],[-75.525778,6.229569],[-75.525758,6.229587],[-75.525723,6.229597],[-75.525684,6.229614],[-75.525648,6.229631],[-75.525613,6.229648],[-75.525581,6.229655],[-75.525535,6.229641],[-75.525482,6.229713],[-75.525557,6.229749],[-75.525591,6.229756],[-75.525637,6.229761],[-75.525673,6.229761],[-75.52571,6.229758],[-75.525747,6.229746],[-75.525775,6.229739],[-75.525819,6.229735],[-75.525851,6.229734],[-75.525898,6.229738],[-75.525952,6.229742],[-75.525999,6.229742],[-75.526037,6.22974],[-75.526082,6.229747],[-75.526122,6.229759],[-75.526156,6.229772],[-75.526206,6.229797],[-75.526223,6.229819],[-75.526247,6.229848],[-75.526279,6.22987],[-75.526324,6.229878],[-75.526363,6.229879],[-75.526395,6.229882],[-75.52643,6.229903],[-75.526453,6.229922],[-75.526483,6.229932],[-75.526509,6.229945],[-75.526545,6.22997],[-75.526571,6.229985],[-75.526593,6.229999],[-75.526617,6.230008],[-75.526644,6.230015],[-75.526672,6.230025],[-75.526701,6.23004],[-75.526736,6.230064],[-75.526762,6.230089],[-75.526785,6.230111],[-75.526801,6.230143],[-75.526799,6.230181],[-75.526804,6.230221],[-75.526827,6.230238],[-75.526846,6.230263],[-75.526872,6.230291],[-75.526899,6.230316],[-75.526925,6.230341],[-75.526941,6.230362],[-75.526952,6.230389],[-75.526964,6.230423],[-75.526971,6.230448],[-75.526974,6.230475],[-75.526971,6.230503],[-75.526981,6.230538],[-75.527015,6.230548],[-75.527058,6.230539],[-75.527102,6.230534],[-75.527139,6.230549],[-75.527181,6.230562],[-75.527214,6.230574],[-75.527235,6.230594],[-75.52725,6.230615],[-75.527265,6.23064],[-75.527286,6.230673],[-75.52732,6.230682],[-75.527352,6.230688],[-75.527385,6.230705],[-75.527421,6.230731],[-75.527458,6.230759],[-75.527485,6.230776],[-75.527507,6.23079],[-75.527529,6.230806],[-75.527553,6.230834],[-75.527579,6.230848],[-75.527614,6.230854],[-75.527654,6.230853],[-75.527697,6.230852],[-75.527734,6.230847],[-75.527767,6.230846],[-75.527801,6.23084],[-75.527835,6.230834],[-75.52787,6.230831],[-75.527905,6.230831],[-75.527936,6.230844],[-75.527948,6.230876],[-75.527962,6.230903],[-75.527978,6.230925],[-75.527996,6.230952],[-75.528007,6.230986],[-75.528004,6.23102],[-75.528044,6.231023],[-75.528069,6.231035],[-75.528091,6.231062],[-75.528131,6.231075],[-75.528156,6.231081],[-75.528292,6.231096],[-75.52834,6.231091],[-75.528397,6.231066],[-75.528441,6.231046],[-75.528475,6.231033],[-75.528507,6.231022],[-75.528536,6.231015],[-75.528568,6.231013],[-75.528601,6.231013],[-75.528644,6.231017],[-75.528675,6.231034],[-75.528682,6.231063],[-75.528673,6.231094],[-75.528656,6.231116],[-75.528638,6.231138],[-75.528607,6.231159],[-75.528627,6.231184],[-75.528615,6.231221],[-75.528603,6.231275],[-75.528596,6.231312],[-75.528574,6.231344],[-75.528542,6.231371],[-75.528503,6.231398],[-75.52837,6.231479],[-75.528341,6.231494],[-75.528305,6.231514],[-75.528284,6.231529],[-75.528267,6.231549],[-75.528189,6.231606],[-75.52816,6.231616],[-75.528131,6.231624],[-75.528105,6.231628],[-75.528064,6.231633],[-75.528036,6.231641],[-75.528006,6.231651],[-75.527978,6.231663],[-75.527944,6.231671],[-75.527906,6.231677],[-75.527875,6.231684],[-75.527842,6.231697],[-75.527719,6.231737],[-75.527679,6.23176],[-75.527648,6.231778],[-75.527618,6.231795],[-75.527582,6.231807],[-75.527426,6.231837],[-75.527396,6.231827],[-75.52737,6.231817],[-75.527335,6.231804],[-75.527296,6.231787],[-75.527252,6.231772],[-75.527224,6.231759],[-75.527197,6.23174],[-75.527177,6.231719],[-75.52716,6.231695],[-75.527138,6.231654],[-75.527125,6.231625],[-75.527108,6.231586],[-75.527085,6.231548],[-75.527043,6.231535],[-75.527016,6.231546],[-75.52699,6.231569],[-75.526968,6.231592],[-75.526936,6.231617],[-75.526901,6.23163],[-75.526878,6.231645],[-75.526858,6.231662],[-75.526837,6.231684],[-75.526817,6.231706],[-75.526783,6.231743],[-75.526758,6.231774],[-75.526729,6.231801],[-75.526701,6.23182],[-75.526668,6.231841],[-75.526644,6.231856],[-75.526614,6.23188],[-75.526591,6.231906],[-75.526573,6.231929],[-75.526552,6.231953],[-75.526529,6.23197],[-75.526508,6.231985],[-75.526466,6.232014],[-75.526438,6.232035],[-75.526415,6.232053],[-75.526389,6.232079],[-75.52636,6.2321],[-75.526332,6.232123],[-75.526302,6.232155],[-75.526278,6.232179],[-75.52625,6.232199],[-75.526216,6.232222],[-75.526169,6.232249],[-75.526137,6.232267],[-75.526093,6.232285],[-75.52605,6.232302],[-75.526023,6.23231],[-75.525992,6.232322],[-75.525966,6.232332],[-75.525942,6.232344],[-75.525919,6.232356],[-75.525891,6.232375],[-75.525869,6.232396],[-75.525845,6.232422],[-75.52582,6.232449],[-75.525805,6.232471],[-75.52579,6.232499],[-75.525772,6.23253],[-75.525755,6.232558],[-75.52573,6.232605],[-75.525716,6.232631],[-75.525701,6.232664],[-75.525685,6.232694],[-75.525657,6.232727],[-75.525627,6.232758],[-75.525602,6.232772],[-75.525574,6.232773],[-75.525543,6.232768],[-75.525513,6.232765],[-75.52548,6.232757],[-75.525436,6.232749],[-75.525395,6.232749],[-75.525337,6.232762],[-75.525304,6.232772],[-75.525275,6.232779],[-75.525249,6.232782],[-75.525223,6.232786],[-75.525187,6.232792],[-75.52515,6.232799],[-75.525116,6.232805],[-75.525082,6.232814],[-75.525046,6.232828],[-75.525206,6.233582],[-75.525217,6.233628],[-75.525241,6.233697],[-75.525278,6.233816],[-75.525302,6.233915],[-75.525322,6.234025],[-75.525287,6.234036],[-75.525252,6.234042],[-75.525222,6.234054],[-75.525195,6.234075],[-75.525162,6.23411],[-75.525132,6.23417],[-75.525113,6.234227],[-75.525088,6.23428],[-75.525064,6.234342],[-75.525021,6.234413],[-75.524998,6.23445],[-75.524968,6.234506],[-75.524945,6.234558],[-75.524927,6.234599],[-75.524906,6.234688],[-75.524898,6.234732],[-75.524891,6.23477],[-75.524884,6.234802],[-75.524874,6.234836],[-75.524863,6.234866],[-75.524849,6.2349],[-75.524838,6.234926],[-75.524827,6.234951],[-75.524817,6.234977],[-75.524806,6.235006],[-75.524794,6.235042],[-75.524791,6.235078],[-75.524806,6.235118],[-75.524834,6.235137],[-75.524853,6.235114],[-75.524882,6.235086],[-75.52492,6.235092],[-75.524949,6.23508],[-75.524967,6.235061],[-75.524983,6.235037],[-75.524995,6.23501],[-75.525006,6.234978],[-75.525017,6.234947],[-75.525029,6.234922],[-75.525046,6.234896],[-75.525065,6.234871],[-75.525086,6.234848],[-75.52511,6.234824],[-75.525137,6.234804],[-75.525172,6.234798],[-75.525202,6.234831],[-75.525214,6.234857],[-75.525224,6.234881],[-75.525246,6.234913],[-75.525275,6.23493],[-75.525304,6.234945],[-75.525331,6.234956],[-75.525359,6.234969],[-75.525387,6.234976],[-75.525429,6.234988],[-75.525475,6.234999],[-75.525531,6.235011],[-75.525572,6.235015],[-75.5256,6.235016],[-75.525639,6.23501],[-75.525691,6.235031],[-75.525717,6.235058],[-75.525733,6.235092],[-75.525743,6.235123],[-75.525764,6.235177],[-75.525773,6.235211],[-75.525788,6.235239],[-75.525809,6.235274],[-75.525827,6.235309],[-75.525844,6.235352],[-75.525859,6.23539],[-75.525872,6.235433],[-75.525883,6.235464],[-75.525892,6.235488],[-75.525909,6.235518],[-75.525929,6.235544],[-75.525961,6.235566],[-75.526002,6.235575],[-75.526046,6.23557],[-75.526075,6.235558],[-75.526129,6.235531],[-75.526156,6.235512],[-75.526212,6.235535],[-75.526248,6.235549],[-75.526303,6.235562],[-75.526334,6.235566],[-75.526384,6.23557],[-75.526419,6.235574],[-75.526463,6.235579],[-75.526508,6.23559],[-75.526576,6.235616],[-75.526611,6.235635],[-75.526634,6.235653],[-75.526656,6.235672],[-75.526675,6.235692],[-75.526699,6.235718],[-75.52672,6.235743],[-75.526752,6.235773],[-75.526782,6.235809],[-75.526794,6.235831],[-75.526812,6.235856],[-75.526837,6.235891],[-75.526858,6.235915],[-75.526878,6.235935],[-75.526903,6.235962],[-75.526921,6.235987],[-75.526949,6.236022],[-75.52697,6.236048],[-75.526995,6.236115],[-75.527026,6.236164],[-75.527053,6.236198],[-75.527084,6.236219],[-75.527115,6.236234],[-75.527153,6.236253],[-75.527188,6.236251],[-75.527237,6.236238],[-75.527265,6.236231],[-75.527292,6.236225],[-75.527326,6.236217],[-75.527355,6.236212],[-75.527372,6.236231],[-75.527389,6.236252],[-75.52741,6.236282],[-75.527428,6.236315],[-75.527441,6.23634],[-75.527453,6.236367],[-75.527467,6.236402],[-75.527477,6.236441],[-75.527492,6.236482],[-75.527503,6.236511],[-75.527512,6.236536],[-75.527524,6.236566],[-75.527539,6.236603],[-75.527552,6.236642],[-75.527562,6.236672],[-75.527569,6.236699],[-75.527577,6.23674],[-75.527587,6.236776],[-75.527597,6.236801],[-75.527609,6.236828],[-75.52762,6.236853],[-75.527626,6.236881],[-75.527629,6.236909],[-75.527636,6.23694],[-75.527644,6.236973],[-75.527656,6.237002],[-75.527669,6.237034],[-75.52769,6.237081],[-75.527706,6.237102],[-75.527733,6.237134],[-75.527759,6.237168],[-75.527784,6.237191],[-75.527808,6.237213],[-75.527843,6.237257],[-75.52786,6.237288],[-75.527872,6.237315],[-75.52788,6.237356],[-75.527884,6.237391],[-75.527893,6.237431],[-75.527905,6.237463],[-75.527927,6.2375],[-75.527947,6.237528],[-75.527964,6.237552],[-75.527979,6.237583],[-75.527992,6.237608],[-75.528007,6.237641],[-75.528029,6.237686],[-75.528043,6.237719],[-75.528054,6.237746],[-75.528068,6.237776],[-75.528079,6.237799],[-75.528088,6.237834],[-75.528098,6.237864],[-75.528112,6.237898],[-75.528134,6.237927],[-75.528161,6.237953],[-75.528187,6.23797],[-75.528206,6.237987],[-75.528227,6.238017],[-75.528245,6.238044],[-75.528269,6.238064],[-75.528301,6.238089],[-75.528321,6.238106],[-75.528343,6.238128],[-75.528395,6.238168],[-75.52843,6.238192],[-75.52846,6.238213],[-75.528505,6.238263],[-75.528522,6.238284],[-75.528547,6.238327],[-75.528562,6.238369],[-75.528591,6.238467],[-75.528615,6.238567],[-75.528634,6.238658],[-75.528647,6.238752],[-75.528656,6.238823],[-75.528658,6.238909],[-75.528663,6.238951],[-75.528675,6.238984],[-75.528702,6.239048],[-75.528752,6.239168],[-75.52875,6.239204],[-75.528752,6.239249],[-75.528768,6.239286],[-75.528792,6.239315],[-75.528814,6.23934],[-75.528836,6.239364],[-75.528854,6.239388],[-75.528873,6.239413],[-75.528898,6.239441],[-75.528926,6.239464],[-75.528947,6.23948],[-75.528976,6.239499],[-75.529158,6.239585],[-75.529186,6.239739],[-75.529176,6.239906],[-75.531651,6.239911],[-75.531665,6.239792],[-75.531676,6.239747],[-75.531699,6.239714],[-75.531715,6.239692],[-75.531738,6.23966],[-75.53177,6.239625],[-75.531795,6.239596],[-75.531838,6.239583],[-75.531863,6.23957],[-75.531897,6.239523],[-75.531955,6.23946],[-75.532009,6.239406],[-75.532037,6.239381],[-75.532065,6.239363],[-75.532097,6.23935],[-75.532125,6.239344],[-75.532196,6.239347],[-75.532239,6.239359],[-75.532282,6.239359],[-75.532316,6.239348],[-75.532453,6.239277],[-75.532501,6.239254],[-75.532535,6.239236],[-75.532571,6.239219],[-75.532604,6.239198],[-75.53263,6.239173],[-75.532652,6.239136],[-75.532673,6.239083],[-75.532695,6.239064],[-75.53273,6.239061],[-75.532763,6.239077],[-75.532796,6.239089],[-75.532848,6.239096],[-75.532881,6.239092],[-75.532906,6.239076],[-75.532972,6.239024],[-75.533067,6.238948],[-75.533167,6.238867],[-75.533198,6.238845],[-75.533236,6.238803],[-75.53332,6.238705],[-75.533359,6.238661],[-75.533379,6.238637],[-75.533393,6.238613],[-75.533419,6.23858],[-75.533446,6.238554],[-75.533475,6.238531],[-75.533512,6.238516],[-75.533563,6.238505],[-75.533606,6.238498],[-75.533632,6.238493],[-75.533658,6.238479],[-75.533692,6.238458],[-75.533721,6.23843],[-75.53375,6.238392],[-75.533764,6.238357],[-75.53378,6.238317],[-75.533795,6.238279],[-75.533843,6.238191],[-75.533871,6.23814],[-75.533889,6.23812],[-75.533907,6.238098],[-75.533929,6.238078],[-75.533953,6.238052],[-75.533972,6.238024],[-75.533986,6.237996],[-75.533997,6.237956],[-75.534007,6.237913],[-75.534014,6.237868],[-75.53402,6.237835],[-75.534036,6.237796],[-75.534044,6.237765],[-75.534066,6.237732],[-75.534095,6.237709],[-75.53412,6.237691],[-75.534154,6.237674],[-75.534191,6.237661],[-75.534224,6.237655],[-75.534261,6.237655],[-75.534295,6.237655],[-75.534316,6.23768],[-75.534357,6.237728],[-75.534405,6.237782],[-75.53443,6.237801],[-75.534472,6.237828],[-75.534523,6.237866],[-75.534583,6.237914],[-75.534627,6.237949],[-75.53465,6.237982],[-75.534694,6.238033],[-75.534724,6.238059],[-75.534756,6.238072],[-75.534793,6.238072],[-75.534835,6.238064],[-75.534863,6.238054],[-75.534899,6.238035],[-75.534931,6.238012],[-75.534962,6.237995],[-75.535027,6.237967],[-75.53506,6.237955],[-75.535092,6.237944],[-75.535119,6.237942],[-75.535149,6.237948],[-75.535187,6.237959],[-75.535239,6.237983],[-75.535319,6.238024],[-75.53537,6.238051],[-75.535402,6.238064],[-75.535436,6.238067],[-75.535463,6.23806],[-75.535502,6.238045],[-75.535564,6.238004],[-75.535618,6.237972],[-75.535666,6.23794],[-75.535709,6.237915],[-75.535748,6.237903],[-75.535781,6.237899],[-75.535836,6.237902],[-75.535903,6.237902],[-75.535948,6.237909],[-75.535975,6.237926],[-75.536002,6.237947],[-75.536015,6.237972],[-75.536044,6.238007],[-75.536066,6.238032],[-75.536113,6.238094],[-75.536132,6.238123],[-75.53615,6.238174],[-75.536165,6.238216],[-75.536183,6.238252],[-75.53621,6.238294],[-75.536235,6.238318],[-75.536262,6.238336],[-75.536315,6.238361],[-75.536381,6.238417],[-75.536541,6.238582],[-75.536712,6.238743],[-75.536793,6.238813],[-75.536836,6.23886],[-75.536859,6.238892],[-75.536877,6.238944],[-75.53687,6.238987],[-75.53679,6.239048],[-75.536773,6.23907],[-75.536761,6.239129],[-75.536759,6.239251],[-75.536766,6.239281],[-75.536802,6.239343],[-75.536874,6.239402],[-75.536951,6.239443],[-75.537303,6.239523],[-75.537339,6.239543],[-75.537391,6.239585],[-75.537481,6.239712],[-75.537519,6.239846],[-75.537526,6.239911],[-75.537528,6.23997],[-75.53754,6.240141],[-75.53756,6.240205],[-75.537564,6.240254],[-75.537564,6.240319],[-75.53755,6.240477],[-75.537538,6.240559],[-75.537524,6.240628],[-75.537522,6.24067],[-75.537522,6.240725],[-75.537528,6.240978],[-75.537536,6.24107],[-75.537548,6.241119],[-75.537576,6.241167],[-75.537618,6.241215],[-75.537691,6.241262],[-75.537823,6.241359],[-75.537909,6.241426],[-75.538028,6.241511],[-75.538152,6.241591],[-75.538213,6.241628],[-75.538329,6.241697],[-75.538401,6.241753],[-75.538466,6.24184],[-75.538492,6.241883],[-75.538534,6.241909],[-75.5386,6.241963],[-75.538659,6.242013],[-75.538792,6.242146],[-75.5389,6.242264],[-75.539007,6.242382],[-75.539068,6.242438],[-75.539161,6.242518],[-75.539259,6.242591],[-75.5393,6.242617],[-75.539369,6.242652],[-75.539445,6.242682],[-75.539546,6.242709],[-75.539622,6.242732],[-75.539659,6.242742],[-75.53972,6.24275],[-75.539762,6.242764],[-75.539804,6.242786],[-75.539827,6.242803],[-75.539853,6.242828],[-75.539884,6.242846],[-75.539921,6.242858],[-75.539975,6.242874],[-75.540013,6.242888],[-75.540002,6.242972],[-75.539996,6.243041],[-75.539981,6.243102],[-75.539964,6.243162],[-75.539951,6.24325],[-75.539942,6.243345],[-75.539953,6.243421],[-75.539968,6.243465],[-75.540002,6.243513],[-75.54008,6.243586],[-75.540105,6.243608],[-75.540128,6.243635],[-75.540161,6.243671],[-75.540202,6.2437],[-75.540227,6.243725],[-75.540243,6.243748],[-75.540259,6.243772],[-75.540279,6.243801],[-75.540304,6.24383],[-75.540325,6.243857],[-75.540345,6.243879],[-75.540366,6.243907],[-75.540386,6.243934],[-75.540407,6.243973],[-75.540425,6.244004],[-75.540438,6.244033],[-75.54045,6.24406],[-75.540466,6.24409],[-75.540477,6.244114],[-75.540488,6.244148],[-75.540494,6.244175],[-75.540502,6.24422],[-75.540507,6.24426],[-75.540509,6.244307],[-75.540507,6.244382],[-75.540504,6.244412],[-75.540498,6.244439],[-75.540488,6.244478],[-75.540476,6.244515],[-75.540454,6.244545],[-75.54043,6.244573],[-75.540412,6.244593],[-75.540388,6.244615],[-75.540363,6.244639],[-75.540335,6.244664],[-75.540308,6.2447],[-75.540291,6.244731],[-75.540275,6.244759],[-75.540251,6.244787],[-75.540198,6.244825],[-75.540167,6.244826],[-75.540138,6.244821],[-75.540091,6.244813],[-75.540058,6.244808],[-75.540025,6.244797],[-75.539987,6.244779],[-75.539952,6.244766],[-75.539876,6.244762],[-75.539844,6.244762],[-75.539821,6.244782],[-75.539866,6.244801],[-75.539909,6.244825],[-75.539936,6.244846],[-75.539964,6.244879],[-75.539992,6.244922],[-75.54001,6.244943],[-75.540027,6.244971],[-75.540029,6.245008],[-75.540011,6.245045],[-75.539966,6.245078],[-75.539939,6.245101],[-75.539914,6.245123],[-75.539899,6.245165],[-75.539911,6.245202],[-75.539939,6.245227],[-75.539968,6.245251],[-75.539994,6.245287],[-75.540012,6.245324],[-75.540027,6.245365],[-75.540042,6.245399],[-75.540055,6.245426],[-75.540069,6.245458],[-75.540081,6.245498],[-75.540091,6.245534],[-75.540102,6.245565],[-75.54012,6.245594],[-75.540134,6.245616],[-75.540151,6.245642],[-75.540167,6.24567],[-75.540182,6.245695],[-75.540195,6.245735],[-75.540208,6.245775],[-75.540231,6.245813],[-75.540258,6.245841],[-75.540336,6.245907],[-75.540348,6.245942],[-75.540364,6.245983],[-75.540386,6.246014],[-75.54041,6.246039],[-75.540434,6.246068],[-75.540452,6.246098],[-75.54046,6.24613],[-75.540459,6.246163],[-75.540449,6.246197],[-75.540429,6.246223],[-75.540416,6.246248],[-75.540404,6.246276],[-75.540393,6.246307],[-75.540381,6.246335],[-75.540369,6.246365],[-75.540387,6.246392],[-75.540342,6.246441],[-75.540265,6.246461],[-75.540233,6.246472],[-75.540206,6.246494],[-75.540183,6.246509],[-75.540159,6.246524],[-75.540131,6.24654],[-75.540103,6.246564],[-75.540081,6.246582],[-75.540057,6.246599],[-75.540037,6.246617],[-75.540017,6.246638],[-75.539993,6.246666],[-75.539965,6.246703],[-75.539934,6.246736],[-75.539918,6.246759],[-75.539896,6.246789],[-75.539873,6.246817],[-75.539857,6.246838],[-75.539832,6.24687],[-75.539812,6.246901],[-75.539784,6.246934],[-75.539763,6.246956],[-75.539737,6.246978],[-75.539713,6.247009],[-75.539694,6.247033],[-75.539675,6.247065],[-75.539659,6.247097],[-75.539636,6.247137],[-75.53962,6.247159],[-75.539603,6.247185],[-75.539585,6.247204],[-75.539555,6.247234],[-75.539526,6.247267],[-75.539502,6.247291],[-75.539474,6.247324],[-75.539457,6.24735],[-75.539441,6.247388],[-75.539433,6.247418],[-75.539418,6.247453],[-75.539396,6.247484],[-75.539371,6.247522],[-75.53935,6.247551],[-75.539322,6.247573],[-75.539288,6.247602],[-75.539266,6.247624],[-75.539242,6.24765],[-75.539215,6.247674],[-75.539181,6.247695],[-75.539148,6.24772],[-75.539096,6.247749],[-75.539056,6.247768],[-75.539026,6.247788],[-75.539,6.247801],[-75.538969,6.247819],[-75.538923,6.247838],[-75.538876,6.247856],[-75.53883,6.247869],[-75.538773,6.247889],[-75.53873,6.247912],[-75.538691,6.24794],[-75.538665,6.247956],[-75.538643,6.247973],[-75.538618,6.247997],[-75.538593,6.248023],[-75.538562,6.248049],[-75.538529,6.248077],[-75.538495,6.248104],[-75.538452,6.24814],[-75.53838,6.248183],[-75.538398,6.248222],[-75.538419,6.248257],[-75.53844,6.248288],[-75.538467,6.248314],[-75.538505,6.248336],[-75.538541,6.248368],[-75.538535,6.248405],[-75.538515,6.248436],[-75.53849,6.248462],[-75.538446,6.248518],[-75.538399,6.248581],[-75.53838,6.24861],[-75.538361,6.248633],[-75.538337,6.248665],[-75.538312,6.248691],[-75.538291,6.248715],[-75.538272,6.248772],[-75.538315,6.24892],[-75.53832,6.248961],[-75.538325,6.248987],[-75.538335,6.249011],[-75.538324,6.249046],[-75.538287,6.249103],[-75.53824,6.249156],[-75.538209,6.249182],[-75.538173,6.249209],[-75.538102,6.249258],[-75.53808,6.249274],[-75.538054,6.249288],[-75.538016,6.249296],[-75.537971,6.249287],[-75.537941,6.249269],[-75.537911,6.249254],[-75.537884,6.249254],[-75.537856,6.249278],[-75.537818,6.249288],[-75.537769,6.249287],[-75.537725,6.249283],[-75.537675,6.249274],[-75.537609,6.249265],[-75.537547,6.24926],[-75.537519,6.249257],[-75.537491,6.249254],[-75.537451,6.24925],[-75.537383,6.249251],[-75.537307,6.249254],[-75.537273,6.249257],[-75.537234,6.249259],[-75.537201,6.249264],[-75.537157,6.249273],[-75.537115,6.249287],[-75.53708,6.249298],[-75.537051,6.249305],[-75.537005,6.249316],[-75.536968,6.249319],[-75.536939,6.249319],[-75.536913,6.249315],[-75.536877,6.249311],[-75.536837,6.249309],[-75.536804,6.24931],[-75.536763,6.249312],[-75.536735,6.249313],[-75.536702,6.249316],[-75.536666,6.24932],[-75.536618,6.249327],[-75.53658,6.24933],[-75.536546,6.249345],[-75.536586,6.24937],[-75.536593,6.249415],[-75.536587,6.249451],[-75.536587,6.249491],[-75.536569,6.24954],[-75.536604,6.249565],[-75.536628,6.249591],[-75.536638,6.249631],[-75.536652,6.249658],[-75.536681,6.249654],[-75.536711,6.24965],[-75.536737,6.249647],[-75.53678,6.249645],[-75.536886,6.249681],[-75.536913,6.249706],[-75.536935,6.249732],[-75.536952,6.249752],[-75.536976,6.249843],[-75.537019,6.249945],[-75.537049,6.249982],[-75.53708,6.250022],[-75.537097,6.250046],[-75.537125,6.250064],[-75.537155,6.250084],[-75.537187,6.250105],[-75.537223,6.250115],[-75.537265,6.250118],[-75.537292,6.25012],[-75.537321,6.250128],[-75.537352,6.250157],[-75.537376,6.250198],[-75.5374,6.250232],[-75.53742,6.250257],[-75.537439,6.250284],[-75.537463,6.250322],[-75.537485,6.25035],[-75.537507,6.250372],[-75.537533,6.250393],[-75.53756,6.250408],[-75.537586,6.250422],[-75.53761,6.25044],[-75.53764,6.250464],[-75.537673,6.250479],[-75.537717,6.250488],[-75.537752,6.250497],[-75.537785,6.250509],[-75.537824,6.250516],[-75.537861,6.250529],[-75.537894,6.250551],[-75.537921,6.250553],[-75.537967,6.250553],[-75.537995,6.250571],[-75.538032,6.250583],[-75.538068,6.250585],[-75.538099,6.250587],[-75.538131,6.250606],[-75.538147,6.250647],[-75.538158,6.25068],[-75.538162,6.250705],[-75.53815,6.250734],[-75.538125,6.250759],[-75.538095,6.250778],[-75.538067,6.250805],[-75.53805,6.250837],[-75.53805,6.250873],[-75.538051,6.25091],[-75.538033,6.250953],[-75.538019,6.250978],[-75.538011,6.251003],[-75.538008,6.251032],[-75.538008,6.251059],[-75.538011,6.251091],[-75.538012,6.251122],[-75.538013,6.251157],[-75.538013,6.251193],[-75.53801,6.251221],[-75.538006,6.251257],[-75.53804,6.251281],[-75.538067,6.2513],[-75.538086,6.251324],[-75.538099,6.251368],[-75.53809,6.251402],[-75.538078,6.251431],[-75.538063,6.25146],[-75.53804,6.251505],[-75.538018,6.251537],[-75.538003,6.251574],[-75.538044,6.251606],[-75.538071,6.251626],[-75.538086,6.251662],[-75.538085,6.251711],[-75.538089,6.251739],[-75.538109,6.251761],[-75.538138,6.251781],[-75.538166,6.251784],[-75.538195,6.25178],[-75.538224,6.251782],[-75.538245,6.251799],[-75.538263,6.251822],[-75.538286,6.251847],[-75.538304,6.25187],[-75.538313,6.251902],[-75.538297,6.25194],[-75.538272,6.251979],[-75.538256,6.252007],[-75.53826,6.252043],[-75.538283,6.252067],[-75.538309,6.252098],[-75.538318,6.252141],[-75.538305,6.25217],[-75.538295,6.252194],[-75.53829,6.252231],[-75.538375,6.252361],[-75.538352,6.25238],[-75.53834,6.252411],[-75.53834,6.25245],[-75.53835,6.252483],[-75.538361,6.252516],[-75.538364,6.252552],[-75.538347,6.252593],[-75.538321,6.252624],[-75.538297,6.252651],[-75.538286,6.252678],[-75.538284,6.252724],[-75.538283,6.252761],[-75.538276,6.252802],[-75.538281,6.252844],[-75.538346,6.252842],[-75.538382,6.252854],[-75.53843,6.252871],[-75.538471,6.252871],[-75.538508,6.252871],[-75.538541,6.252871],[-75.538569,6.252871],[-75.538611,6.252871],[-75.538644,6.252871],[-75.538678,6.252871],[-75.53871,6.252872],[-75.53875,6.252872],[-75.538778,6.252874],[-75.538814,6.252885],[-75.53886,6.252906],[-75.538899,6.25292],[-75.53893,6.252924],[-75.538973,6.252924],[-75.539008,6.252925],[-75.539053,6.252937],[-75.539078,6.252965],[-75.539103,6.252989],[-75.539133,6.252992],[-75.539165,6.253005],[-75.539169,6.253033],[-75.53917,6.253062],[-75.53917,6.253105],[-75.539168,6.253153],[-75.539169,6.2532],[-75.539178,6.253238],[-75.539192,6.253271],[-75.539195,6.253306],[-75.539193,6.253344],[-75.539188,6.25337],[-75.539177,6.253395],[-75.539163,6.253425],[-75.539151,6.253468],[-75.539139,6.253504],[-75.539122,6.25353],[-75.539105,6.253557],[-75.539092,6.253583],[-75.5391,6.253608],[-75.539115,6.253636],[-75.539113,6.253669],[-75.539096,6.253694],[-75.539072,6.253712],[-75.539046,6.253733],[-75.539022,6.253756],[-75.538991,6.25379],[-75.538968,6.253821],[-75.538947,6.253853],[-75.538947,6.253892],[-75.538976,6.253942],[-75.539006,6.253973],[-75.539082,6.254042],[-75.539151,6.254103],[-75.539233,6.254172],[-75.539292,6.254226],[-75.539344,6.254286],[-75.539382,6.254345],[-75.539434,6.254423],[-75.539462,6.254472],[-75.539491,6.254529],[-75.539503,6.254588],[-75.539507,6.254648],[-75.539509,6.254732],[-75.539521,6.254823],[-75.539543,6.254891],[-75.539566,6.254955],[-75.539592,6.255009],[-75.539616,6.255026],[-75.539651,6.255018],[-75.539675,6.254999],[-75.539704,6.254966],[-75.539731,6.254923],[-75.539768,6.254865],[-75.539805,6.254845],[-75.539809,6.254877],[-75.539802,6.254917],[-75.539791,6.254951],[-75.539781,6.254987],[-75.539768,6.255022],[-75.539749,6.255057],[-75.539738,6.25508],[-75.539728,6.255108],[-75.539704,6.255148],[-75.539681,6.255177],[-75.53966,6.255203],[-75.539644,6.255225],[-75.539629,6.255251],[-75.539612,6.255273],[-75.539591,6.255297],[-75.539573,6.255326],[-75.539547,6.255361],[-75.539517,6.25539],[-75.539492,6.255415],[-75.539464,6.255436],[-75.539433,6.255455],[-75.539404,6.255466],[-75.539378,6.255478],[-75.539346,6.25549],[-75.539317,6.255499],[-75.539292,6.255507],[-75.539261,6.25552],[-75.539227,6.255528],[-75.539168,6.255529],[-75.539129,6.255529],[-75.539093,6.255529],[-75.539057,6.255527],[-75.539015,6.255521],[-75.538974,6.255511],[-75.538939,6.255503],[-75.538913,6.255496],[-75.53888,6.255494],[-75.538831,6.255495],[-75.538784,6.255501],[-75.538743,6.255509],[-75.53871,6.255504],[-75.538675,6.255489],[-75.538636,6.255478],[-75.538597,6.255479],[-75.538564,6.255482],[-75.538527,6.255486],[-75.538481,6.255494],[-75.538446,6.255512],[-75.538393,6.255531],[-75.538367,6.255539],[-75.538334,6.255552],[-75.538304,6.255562],[-75.538266,6.255572],[-75.538232,6.255578],[-75.538181,6.255589],[-75.538144,6.255601],[-75.538108,6.255621],[-75.53808,6.255636],[-75.53806,6.255652],[-75.538038,6.255678],[-75.53802,6.255701],[-75.538002,6.255721],[-75.53797,6.255745],[-75.537942,6.255766],[-75.537913,6.255787],[-75.537887,6.255808],[-75.537861,6.25583],[-75.537837,6.255855],[-75.537817,6.255885],[-75.537795,6.255916],[-75.537776,6.255936],[-75.537747,6.25596],[-75.537723,6.255984],[-75.5377,6.256006],[-75.537679,6.256023],[-75.537657,6.256039],[-75.537635,6.256053],[-75.537605,6.256073],[-75.537569,6.2561],[-75.53754,6.256127],[-75.537515,6.256154],[-75.537494,6.256177],[-75.537471,6.2562],[-75.537449,6.256219],[-75.537422,6.256233],[-75.537392,6.256248],[-75.537367,6.256259],[-75.537342,6.256269],[-75.537314,6.256282],[-75.537286,6.256297],[-75.53726,6.256315],[-75.537231,6.256333],[-75.537204,6.25635],[-75.537173,6.256374],[-75.537145,6.256399],[-75.537126,6.256421],[-75.537098,6.256448],[-75.537058,6.256487],[-75.537032,6.256512],[-75.537008,6.256534],[-75.536982,6.25656],[-75.536961,6.256586],[-75.536944,6.256613],[-75.536945,6.256654],[-75.536947,6.256693],[-75.536955,6.256727],[-75.536965,6.256758],[-75.536986,6.256781],[-75.537031,6.25677],[-75.537057,6.256794],[-75.53703,6.256827],[-75.536993,6.256847],[-75.536949,6.256883],[-75.536931,6.256914],[-75.53693,6.256946],[-75.53693,6.256977],[-75.536928,6.257018],[-75.536958,6.257014],[-75.53699,6.256975],[-75.537018,6.256955],[-75.537051,6.256932],[-75.537086,6.256909],[-75.537118,6.25689],[-75.537162,6.25689],[-75.537207,6.256891],[-75.537234,6.256892],[-75.537269,6.256894],[-75.537319,6.256881],[-75.537346,6.256868],[-75.537381,6.256847],[-75.537407,6.256832],[-75.537451,6.256806],[-75.537482,6.256784],[-75.537523,6.256763],[-75.537569,6.256731],[-75.53761,6.256714],[-75.537641,6.256714],[-75.537681,6.256715],[-75.537718,6.256711],[-75.53775,6.256706],[-75.537785,6.256698],[-75.537819,6.256692],[-75.537853,6.256684],[-75.53789,6.256678],[-75.537933,6.256667],[-75.537962,6.256655],[-75.537989,6.256652],[-75.538036,6.256651],[-75.538065,6.256643],[-75.538098,6.256624],[-75.538138,6.256603],[-75.538164,6.256589],[-75.538195,6.256562],[-75.538217,6.256548],[-75.538254,6.256539],[-75.53831,6.256538],[-75.538343,6.256535],[-75.538382,6.256534],[-75.538413,6.256535],[-75.538447,6.256518],[-75.538486,6.256501],[-75.538517,6.256491],[-75.538547,6.256506],[-75.538577,6.256506],[-75.538607,6.256511],[-75.538626,6.256545],[-75.538637,6.256571],[-75.538653,6.256612],[-75.538672,6.256655],[-75.538677,6.256698],[-75.538687,6.256738],[-75.538701,6.256775],[-75.538726,6.256801],[-75.538771,6.256823],[-75.5388,6.256835],[-75.538829,6.256851],[-75.538874,6.256884],[-75.53889,6.256905],[-75.538908,6.256932],[-75.538942,6.256953],[-75.53899,6.256952],[-75.539026,6.256933],[-75.53906,6.256917],[-75.539103,6.256918],[-75.539137,6.256931],[-75.539179,6.256943],[-75.539224,6.256945],[-75.539266,6.256945],[-75.539307,6.256947],[-75.539347,6.256952],[-75.539391,6.256965],[-75.539429,6.256968],[-75.539462,6.256961],[-75.53949,6.256954],[-75.539529,6.256946],[-75.539571,6.256943],[-75.539599,6.256941],[-75.539629,6.256938],[-75.539665,6.256936],[-75.539718,6.256925],[-75.539742,6.256914],[-75.539764,6.256901],[-75.539782,6.256883],[-75.539813,6.256856],[-75.53985,6.256836],[-75.539877,6.256829],[-75.53991,6.256826],[-75.539946,6.256825],[-75.539978,6.256844],[-75.540008,6.256874],[-75.540039,6.256896],[-75.54007,6.256912],[-75.540103,6.25692],[-75.54014,6.256925],[-75.540178,6.256925],[-75.54022,6.256925],[-75.540249,6.256908],[-75.540275,6.256863],[-75.540295,6.256836],[-75.540334,6.256781],[-75.54036,6.256775],[-75.5404,6.256769],[-75.54044,6.256764],[-75.540465,6.25677],[-75.540497,6.256776],[-75.540532,6.256785],[-75.540561,6.256795],[-75.540587,6.256821],[-75.54061,6.256844],[-75.540631,6.256882],[-75.540658,6.256921],[-75.54068,6.256951],[-75.540704,6.256968],[-75.540731,6.256981],[-75.540767,6.256993],[-75.540795,6.257001],[-75.540829,6.257008],[-75.54086,6.257019],[-75.540899,6.257033],[-75.540935,6.257045],[-75.540983,6.257057],[-75.541028,6.257065],[-75.541071,6.257085],[-75.541119,6.257108],[-75.541162,6.257132],[-75.54119,6.257149],[-75.541229,6.257164],[-75.541265,6.257171],[-75.541304,6.257166],[-75.541337,6.257166],[-75.541355,6.257185],[-75.541374,6.257207],[-75.541396,6.257232],[-75.541418,6.257259],[-75.541442,6.257285],[-75.541477,6.257306],[-75.541515,6.257342],[-75.541535,6.257372],[-75.541563,6.25741],[-75.541575,6.257455],[-75.541588,6.257487],[-75.54161,6.257515],[-75.541634,6.25754],[-75.541659,6.257567],[-75.541671,6.257605],[-75.54165,6.257634],[-75.54164,6.257671],[-75.541647,6.257701],[-75.541657,6.257735],[-75.54166,6.257775],[-75.541687,6.257805],[-75.541704,6.257832],[-75.541712,6.257863],[-75.541692,6.257892],[-75.541662,6.257913],[-75.541673,6.257938],[-75.541685,6.257964],[-75.54169,6.257995],[-75.541691,6.258024],[-75.541685,6.25805],[-75.541666,6.258069],[-75.541645,6.25809],[-75.541639,6.258124],[-75.541632,6.258159],[-75.54161,6.258183],[-75.541561,6.258204],[-75.541605,6.258222],[-75.541652,6.258233],[-75.541683,6.258243],[-75.541701,6.25827],[-75.541769,6.258365],[-75.541789,6.258393],[-75.541828,6.258417],[-75.541868,6.258415],[-75.541903,6.258413],[-75.541967,6.258411],[-75.54199,6.258395],[-75.542016,6.258375],[-75.542047,6.258369],[-75.542083,6.258378],[-75.542134,6.258366],[-75.542204,6.258343],[-75.542232,6.258345],[-75.5423,6.258447],[-75.542319,6.258476],[-75.542323,6.258515],[-75.542309,6.258553],[-75.542256,6.258573],[-75.542225,6.258606],[-75.542219,6.258633],[-75.542201,6.258655],[-75.542185,6.258682],[-75.542163,6.25871],[-75.542164,6.258742],[-75.542188,6.258762],[-75.542215,6.258785],[-75.542236,6.258805],[-75.542261,6.258827],[-75.542281,6.258848],[-75.542295,6.258871],[-75.542304,6.258906],[-75.542306,6.258934],[-75.542288,6.258961],[-75.542263,6.258989],[-75.542243,6.259007],[-75.542216,6.259044],[-75.542203,6.259086],[-75.5422,6.259114],[-75.542205,6.25914],[-75.542222,6.259173],[-75.542253,6.259175],[-75.542286,6.259165],[-75.542322,6.259172],[-75.542314,6.259213],[-75.542296,6.259241],[-75.542284,6.259272],[-75.54227,6.259307],[-75.542257,6.259329],[-75.542242,6.259358],[-75.54225,6.259392],[-75.542273,6.259418],[-75.542296,6.259446],[-75.542302,6.259472],[-75.542304,6.2595],[-75.542301,6.259541],[-75.542276,6.259552],[-75.542249,6.25955],[-75.542221,6.259559],[-75.54225,6.259588],[-75.542249,6.259615],[-75.542233,6.259644],[-75.542222,6.259682],[-75.54222,6.259718],[-75.542222,6.259749],[-75.542224,6.259798],[-75.54225,6.259841],[-75.542288,6.259868],[-75.542315,6.259901],[-75.542347,6.25993],[-75.54237,6.25995],[-75.542392,6.259978],[-75.542421,6.260001],[-75.542456,6.260025],[-75.542551,6.260064],[-75.542574,6.260075],[-75.542605,6.260093],[-75.542625,6.26011],[-75.54265,6.260131],[-75.542667,6.260151],[-75.542694,6.260186],[-75.54271,6.26021],[-75.542723,6.260235],[-75.542732,6.260261],[-75.542741,6.260285],[-75.54275,6.260315],[-75.542757,6.260341],[-75.542768,6.260382],[-75.542774,6.260412],[-75.542778,6.260438],[-75.542778,6.260475],[-75.542778,6.260516],[-75.542777,6.260544],[-75.542775,6.260576],[-75.542775,6.260602],[-75.542775,6.260635],[-75.542776,6.260677],[-75.542767,6.260819],[-75.54277,6.26085],[-75.542771,6.260883],[-75.542772,6.260912],[-75.542772,6.260938],[-75.542772,6.26098],[-75.542773,6.261027],[-75.542773,6.26107],[-75.542772,6.26111],[-75.542784,6.261154],[-75.542809,6.261185],[-75.542817,6.261214],[-75.542804,6.261259],[-75.542808,6.261307],[-75.542804,6.261342],[-75.542797,6.261367],[-75.542792,6.261403],[-75.542786,6.261442],[-75.542779,6.261473],[-75.54277,6.261511],[-75.54276,6.261562],[-75.542741,6.26159],[-75.542654,6.261577],[-75.542623,6.261565],[-75.542497,6.261519],[-75.542396,6.261487],[-75.542319,6.261471],[-75.542214,6.261471],[-75.54216,6.261471],[-75.542092,6.261475],[-75.542065,6.261476],[-75.542003,6.261478],[-75.541962,6.26148],[-75.541931,6.26149],[-75.541904,6.261514],[-75.54188,6.261539],[-75.541856,6.261559],[-75.541824,6.261572],[-75.54179,6.261579],[-75.541753,6.261587],[-75.541709,6.261599],[-75.54167,6.261612],[-75.541631,6.261627],[-75.541607,6.261643],[-75.541591,6.261669],[-75.541544,6.261677],[-75.541499,6.261686],[-75.54147,6.261687],[-75.541429,6.261685],[-75.541391,6.26168],[-75.541364,6.261673],[-75.541327,6.261657],[-75.541294,6.261647],[-75.541259,6.261644],[-75.541233,6.26164],[-75.541193,6.261636],[-75.541161,6.261628],[-75.541137,6.261618],[-75.541113,6.261609],[-75.541082,6.261596],[-75.541045,6.261581],[-75.541018,6.26157],[-75.540991,6.261556],[-75.540961,6.261543],[-75.540926,6.261529],[-75.540896,6.261517],[-75.54087,6.261509],[-75.540834,6.261503],[-75.540788,6.261499],[-75.540755,6.261495],[-75.540715,6.261497],[-75.540685,6.2615],[-75.540657,6.261502],[-75.540617,6.261499],[-75.540586,6.261492],[-75.540546,6.261483],[-75.540507,6.261474],[-75.540465,6.261466],[-75.540438,6.261462],[-75.5404,6.261454],[-75.540374,6.261445],[-75.54035,6.261435],[-75.540322,6.261422],[-75.54029,6.261404],[-75.540268,6.261387],[-75.540236,6.261378],[-75.5402,6.261368],[-75.540166,6.261362],[-75.540138,6.261358],[-75.5401,6.261355],[-75.54006,6.261352],[-75.540037,6.261337],[-75.540009,6.26132],[-75.539964,6.261295],[-75.539918,6.261272],[-75.539884,6.26125],[-75.539852,6.26123],[-75.539813,6.261217],[-75.539788,6.261205],[-75.539763,6.261193],[-75.539733,6.26118],[-75.539691,6.261169],[-75.53966,6.261157],[-75.539633,6.261147],[-75.539608,6.261136],[-75.539581,6.261127],[-75.539548,6.261122],[-75.539521,6.261119],[-75.539485,6.261112],[-75.539451,6.261104],[-75.539417,6.261103],[-75.539386,6.261105],[-75.539352,6.261105],[-75.539315,6.261103],[-75.539282,6.261103],[-75.539241,6.261099],[-75.539189,6.261098],[-75.53917,6.261148],[-75.539154,6.261172],[-75.539136,6.261235],[-75.539136,6.261285],[-75.539142,6.26132],[-75.539153,6.261348],[-75.539172,6.261385],[-75.539183,6.261411],[-75.539191,6.261437],[-75.5392,6.261467],[-75.53921,6.261495],[-75.539221,6.261519],[-75.539238,6.261548],[-75.539264,6.261601],[-75.53928,6.261635],[-75.539292,6.261663],[-75.539298,6.261696],[-75.539299,6.26173],[-75.539297,6.26177],[-75.539293,6.261818],[-75.539286,6.261866],[-75.539277,6.261913],[-75.539275,6.261953],[-75.539274,6.26199],[-75.539269,6.262023],[-75.539259,6.262047],[-75.539241,6.262072],[-75.539219,6.262098],[-75.539194,6.262118],[-75.539163,6.262133],[-75.539134,6.262148],[-75.539106,6.26217],[-75.539084,6.262187],[-75.539059,6.262214],[-75.539031,6.262239],[-75.538996,6.262253],[-75.538957,6.262281],[-75.538993,6.262318],[-75.539031,6.26238],[-75.539046,6.262423],[-75.539054,6.262463],[-75.53905,6.262494],[-75.539042,6.262533],[-75.539006,6.262723],[-75.538945,6.262962],[-75.538932,6.262996],[-75.538922,6.263025],[-75.53891,6.263054],[-75.538895,6.263076],[-75.538875,6.263102],[-75.538848,6.26312],[-75.538817,6.263134],[-75.538773,6.263145],[-75.538795,6.26318],[-75.538813,6.263214],[-75.53882,6.263246],[-75.53888,6.263402],[-75.538888,6.263437],[-75.538897,6.263475],[-75.538906,6.263516],[-75.538915,6.263549],[-75.538924,6.263596],[-75.538936,6.263634],[-75.538949,6.26367],[-75.538955,6.2637],[-75.538961,6.263731],[-75.538964,6.263769],[-75.538962,6.263808],[-75.53896,6.263836],[-75.538956,6.263876],[-75.538954,6.263917],[-75.538951,6.263963],[-75.53895,6.264006],[-75.538947,6.264047],[-75.538943,6.264092],[-75.53894,6.264137],[-75.538938,6.264171],[-75.538937,6.264205],[-75.538937,6.264257],[-75.538936,6.264297],[-75.538936,6.264343],[-75.538938,6.264386],[-75.538943,6.26442],[-75.53895,6.264455],[-75.538958,6.264486],[-75.538965,6.264511],[-75.538973,6.264538],[-75.53898,6.26457],[-75.538989,6.264607],[-75.538999,6.264637],[-75.539012,6.264667],[-75.539027,6.264697],[-75.539037,6.264723],[-75.539041,6.264751],[-75.539042,6.264778],[-75.539041,6.264806],[-75.539042,6.264841],[-75.539045,6.264871],[-75.539047,6.264899],[-75.539051,6.264935],[-75.539062,6.264959],[-75.539079,6.264993],[-75.539083,6.265036],[-75.539075,6.265073],[-75.539067,6.265102],[-75.539051,6.265136],[-75.539034,6.265169],[-75.539024,6.265201],[-75.539019,6.265229],[-75.539013,6.265258],[-75.539012,6.265299],[-75.539013,6.265329],[-75.539012,6.265365],[-75.539004,6.265401],[-75.538993,6.265436],[-75.538977,6.265475],[-75.538961,6.265504],[-75.53894,6.265529],[-75.538917,6.265552],[-75.538897,6.26557],[-75.538869,6.265589],[-75.53883,6.265603],[-75.538795,6.265609],[-75.538769,6.265613],[-75.538742,6.26562],[-75.538704,6.265633],[-75.538666,6.265647],[-75.538577,6.265687],[-75.538525,6.265724],[-75.538447,6.265793],[-75.538397,6.265837],[-75.538337,6.265877],[-75.538258,6.265904],[-75.53817,6.265921],[-75.538046,6.265955],[-75.538004,6.265959],[-75.537958,6.265959],[-75.537918,6.265956],[-75.537879,6.265946],[-75.53785,6.265935],[-75.537818,6.265961],[-75.537797,6.265996],[-75.537774,6.266039],[-75.537751,6.266073],[-75.537728,6.266097],[-75.537694,6.266098],[-75.537664,6.26609],[-75.537636,6.266081],[-75.537612,6.266071],[-75.537577,6.26606],[-75.537547,6.266055],[-75.53752,6.266052],[-75.537494,6.266047],[-75.537462,6.26604],[-75.537408,6.266003],[-75.537409,6.266048],[-75.5374,6.266073],[-75.537366,6.26611],[-75.537354,6.266136],[-75.537357,6.266164],[-75.537363,6.2662],[-75.537363,6.266248],[-75.537327,6.266273],[-75.537289,6.266279],[-75.537256,6.266285],[-75.537233,6.266307],[-75.537219,6.266329],[-75.537191,6.266348],[-75.537156,6.266367],[-75.537131,6.266386],[-75.537101,6.266408],[-75.537072,6.266411],[-75.537041,6.266396],[-75.537018,6.266383],[-75.53699,6.266367],[-75.536961,6.266351],[-75.536926,6.266335],[-75.536902,6.266325],[-75.536874,6.266318],[-75.536846,6.266311],[-75.5368,6.266302],[-75.536706,6.266297],[-75.536675,6.266286],[-75.536648,6.266264],[-75.536628,6.266239],[-75.5366,6.26621],[-75.536579,6.266193],[-75.536544,6.266169],[-75.536514,6.266157],[-75.536482,6.266157],[-75.536439,6.266161],[-75.536405,6.266159],[-75.536387,6.266139],[-75.536378,6.266115],[-75.536357,6.266133],[-75.536329,6.266144],[-75.53629,6.266157],[-75.536258,6.266172],[-75.536233,6.26619],[-75.536199,6.266211],[-75.536166,6.266237],[-75.536149,6.26626],[-75.536132,6.266281],[-75.536104,6.266296],[-75.536072,6.266296],[-75.536032,6.266272],[-75.536007,6.266242],[-75.535991,6.266216],[-75.535975,6.266195],[-75.535947,6.266181],[-75.535902,6.266169],[-75.535858,6.266191],[-75.535838,6.266208],[-75.535816,6.266222],[-75.535791,6.266235],[-75.535766,6.266245],[-75.535727,6.266255],[-75.535697,6.26626],[-75.535671,6.266271],[-75.53564,6.266286],[-75.535594,6.266284],[-75.535551,6.266278],[-75.535522,6.266274],[-75.535493,6.266273],[-75.535453,6.266275],[-75.535414,6.266281],[-75.535383,6.26629],[-75.535352,6.266303],[-75.535318,6.266315],[-75.53528,6.266325],[-75.53524,6.266338],[-75.535203,6.266358],[-75.535159,6.266378],[-75.535126,6.266387],[-75.535093,6.266391],[-75.535067,6.266393],[-75.535032,6.266395],[-75.534998,6.266401],[-75.534972,6.26641],[-75.53494,6.266426],[-75.534908,6.266453],[-75.534883,6.266465],[-75.534852,6.266479],[-75.534815,6.266482],[-75.53478,6.266479],[-75.534747,6.266471],[-75.534711,6.266461],[-75.534673,6.266453],[-75.534627,6.266455],[-75.534591,6.266459],[-75.534556,6.266464],[-75.534514,6.266471],[-75.534462,6.266475],[-75.534423,6.266477],[-75.534385,6.266481],[-75.534352,6.26648],[-75.534321,6.266476],[-75.534289,6.266468],[-75.534257,6.266459],[-75.534232,6.266451],[-75.534191,6.266437],[-75.534154,6.266426],[-75.534118,6.266414],[-75.534075,6.266397],[-75.534041,6.266381],[-75.53401,6.266361],[-75.533983,6.266342],[-75.533953,6.266322],[-75.533933,6.266304],[-75.533907,6.266274],[-75.533888,6.266247],[-75.533872,6.266227],[-75.533839,6.266219],[-75.533805,6.266226],[-75.533769,6.266236],[-75.533729,6.266249],[-75.533694,6.266263],[-75.533662,6.266271],[-75.53362,6.266275],[-75.533592,6.266277],[-75.533564,6.266279],[-75.533533,6.266278],[-75.533507,6.266271],[-75.533479,6.266262],[-75.533444,6.26625],[-75.533418,6.266242],[-75.533389,6.266234],[-75.533351,6.266222],[-75.533325,6.26621],[-75.53329,6.266198],[-75.533255,6.266184],[-75.533228,6.266161],[-75.533208,6.266139],[-75.53319,6.26612],[-75.533162,6.266094],[-75.533134,6.266063],[-75.533112,6.266037],[-75.533089,6.266017],[-75.533049,6.266002],[-75.53301,6.266],[-75.532977,6.266],[-75.532941,6.266004],[-75.5329,6.266013],[-75.532855,6.266036],[-75.532818,6.266056],[-75.532782,6.266067],[-75.532751,6.266075],[-75.532719,6.266081],[-75.532691,6.266086],[-75.532656,6.266088],[-75.532626,6.266091],[-75.532596,6.266093],[-75.53257,6.266092],[-75.532544,6.266087],[-75.532512,6.266083],[-75.532467,6.266082],[-75.532422,6.266083],[-75.532396,6.266077],[-75.532372,6.266067],[-75.532338,6.266052],[-75.532298,6.266036],[-75.532257,6.266028],[-75.532208,6.266025],[-75.532169,6.266026],[-75.532134,6.266041],[-75.532104,6.266057],[-75.532074,6.266071],[-75.532053,6.266092],[-75.532091,6.266104],[-75.532118,6.266106],[-75.532151,6.266119],[-75.532143,6.266151],[-75.53213,6.266178],[-75.532117,6.266206],[-75.532085,6.266272],[-75.532082,6.266314],[-75.532129,6.266312],[-75.532164,6.266308],[-75.532195,6.266313],[-75.532223,6.266322],[-75.532363,6.266389],[-75.532381,6.266407],[-75.532405,6.266425],[-75.532433,6.266436],[-75.532471,6.266451],[-75.532512,6.266474],[-75.532531,6.266492],[-75.532553,6.26651],[-75.532583,6.266511],[-75.532621,6.266519],[-75.532649,6.266539],[-75.532674,6.266564],[-75.532697,6.266599],[-75.53272,6.266636],[-75.532736,6.266669],[-75.532746,6.266698],[-75.532766,6.266738],[-75.53278,6.266776],[-75.532786,6.266807],[-75.532797,6.266845],[-75.532808,6.266881],[-75.532817,6.266913],[-75.532831,6.266938],[-75.53287,6.266953],[-75.532904,6.266959],[-75.53293,6.266963],[-75.532956,6.266972],[-75.532986,6.266986],[-75.533009,6.267],[-75.533029,6.267019],[-75.533053,6.267046],[-75.533076,6.267076],[-75.533096,6.267104],[-75.533117,6.267139],[-75.533123,6.267184],[-75.533125,6.26722],[-75.533143,6.267254],[-75.533164,6.267275],[-75.533186,6.267307],[-75.533205,6.267344],[-75.533222,6.26738],[-75.533228,6.267413],[-75.533219,6.267441],[-75.533248,6.267445],[-75.533283,6.267454],[-75.533323,6.267472],[-75.533363,6.267498],[-75.533384,6.267514],[-75.533406,6.267528],[-75.533444,6.267549],[-75.533476,6.26757],[-75.533499,6.267591],[-75.533524,6.267624],[-75.53355,6.267648],[-75.533583,6.267652],[-75.533606,6.267676],[-75.533619,6.267702],[-75.533627,6.267731],[-75.533633,6.267764],[-75.533643,6.267802],[-75.533657,6.267839],[-75.533672,6.267877],[-75.533686,6.267914],[-75.533703,6.267978],[-75.533714,6.268018],[-75.533728,6.268053],[-75.533744,6.26809],[-75.53376,6.268128],[-75.533774,6.268163],[-75.533788,6.268195],[-75.533801,6.268232],[-75.533821,6.268266],[-75.533843,6.268283],[-75.533872,6.268305],[-75.533889,6.268329],[-75.533909,6.26835],[-75.533929,6.268366],[-75.533955,6.268386],[-75.533984,6.268405],[-75.53401,6.268422],[-75.534038,6.268457],[-75.534053,6.268494],[-75.534059,6.268522],[-75.534064,6.268549],[-75.534066,6.268593],[-75.534067,6.268659],[-75.534077,6.268694],[-75.534099,6.268713],[-75.534116,6.268733],[-75.534125,6.268759],[-75.534123,6.268788],[-75.53413,6.268832],[-75.53414,6.268861],[-75.534159,6.268893],[-75.534175,6.268926],[-75.534178,6.26896],[-75.534179,6.268996],[-75.534182,6.269023],[-75.534194,6.269059],[-75.534195,6.269093],[-75.53419,6.269133],[-75.534178,6.26917],[-75.534166,6.269198],[-75.534155,6.26923],[-75.534147,6.269261],[-75.534142,6.269303],[-75.534141,6.269338],[-75.534142,6.269367],[-75.534152,6.269408],[-75.534171,6.269443],[-75.534195,6.269468],[-75.534215,6.269498],[-75.534234,6.269531],[-75.534249,6.269558],[-75.534264,6.269585],[-75.53428,6.269612],[-75.534292,6.269638],[-75.534305,6.269669],[-75.534313,6.269708],[-75.534316,6.26974],[-75.534316,6.269771],[-75.534322,6.269809],[-75.534337,6.269837],[-75.53436,6.269862],[-75.534378,6.269888],[-75.534397,6.269919],[-75.534404,6.269955],[-75.534408,6.26999],[-75.534408,6.270028],[-75.534401,6.27006],[-75.534386,6.270087],[-75.534363,6.270109],[-75.534334,6.270132],[-75.534306,6.27015],[-75.534274,6.270171],[-75.534252,6.270189],[-75.534224,6.270221],[-75.534251,6.270228],[-75.534281,6.270236],[-75.534314,6.27025],[-75.53435,6.270275],[-75.534372,6.270299],[-75.534399,6.270312],[-75.534427,6.270317],[-75.534455,6.270325],[-75.534489,6.270342],[-75.53452,6.270359],[-75.53455,6.270375],[-75.534576,6.270393],[-75.534604,6.270412],[-75.534636,6.270442],[-75.534656,6.270463],[-75.534684,6.270492],[-75.534722,6.270523],[-75.534753,6.270538],[-75.534772,6.270558],[-75.534789,6.270587],[-75.534803,6.270616],[-75.534828,6.270639],[-75.534861,6.27065],[-75.534906,6.270664],[-75.534935,6.270679],[-75.534969,6.270691],[-75.535002,6.270697],[-75.535035,6.27072],[-75.535058,6.270741],[-75.535087,6.27076],[-75.535116,6.270778],[-75.535139,6.270792],[-75.53516,6.270812],[-75.535184,6.270839],[-75.53521,6.270871],[-75.535232,6.270903],[-75.535248,6.270927],[-75.535263,6.270953],[-75.535282,6.270983],[-75.535301,6.271014],[-75.535321,6.271044],[-75.535342,6.271077],[-75.535371,6.271121],[-75.535394,6.271148],[-75.535416,6.271165],[-75.53545,6.271169],[-75.53548,6.271172],[-75.535509,6.271174],[-75.535535,6.271175],[-75.535565,6.271176],[-75.535599,6.271178],[-75.535644,6.271178],[-75.535678,6.27119],[-75.535713,6.271168],[-75.535754,6.27116],[-75.535777,6.271148],[-75.535802,6.271139],[-75.535846,6.271157],[-75.535862,6.271178],[-75.535881,6.271202],[-75.535908,6.271225],[-75.535934,6.271246],[-75.535955,6.271262],[-75.535978,6.271279],[-75.536001,6.2713],[-75.536025,6.271324],[-75.536048,6.271345],[-75.536072,6.27137],[-75.536094,6.271393],[-75.536114,6.27142],[-75.536137,6.271456],[-75.536161,6.271495],[-75.536184,6.271534],[-75.536202,6.271566],[-75.536216,6.271593],[-75.536231,6.271623],[-75.536246,6.271654],[-75.536262,6.271688],[-75.53627,6.271716],[-75.536276,6.271742],[-75.536282,6.271781],[-75.536288,6.271823],[-75.536303,6.271854],[-75.536324,6.271879],[-75.536351,6.271914],[-75.536371,6.27194],[-75.536392,6.27196],[-75.53641,6.27198],[-75.536425,6.272005],[-75.536433,6.272032],[-75.536435,6.272063],[-75.536441,6.272091],[-75.536452,6.272115],[-75.536465,6.27214],[-75.536485,6.272173],[-75.53651,6.272208],[-75.536537,6.272236],[-75.536557,6.272256],[-75.536585,6.272281],[-75.53663,6.272309],[-75.536663,6.272323],[-75.5367,6.272335],[-75.536739,6.272339],[-75.536774,6.272336],[-75.536803,6.272337],[-75.536829,6.272347],[-75.536857,6.272363],[-75.536882,6.272383],[-75.536903,6.272405],[-75.536923,6.272425],[-75.53695,6.272455],[-75.53698,6.272493],[-75.536988,6.272524],[-75.536989,6.272554],[-75.536984,6.272588],[-75.536969,6.27263],[-75.536954,6.272662],[-75.536931,6.272683],[-75.53689,6.2727],[-75.53687,6.272715],[-75.536854,6.272749],[-75.536844,6.27279],[-75.536833,6.272819],[-75.536822,6.272842],[-75.536813,6.272869],[-75.536805,6.272903],[-75.536795,6.272935],[-75.53678,6.272956],[-75.536764,6.272978],[-75.536747,6.273002],[-75.536732,6.273025],[-75.53671,6.273057],[-75.536698,6.27309],[-75.536695,6.27312],[-75.53671,6.273162],[-75.536725,6.273204],[-75.536728,6.273235],[-75.536724,6.273279],[-75.536706,6.273321],[-75.536671,6.273355],[-75.536646,6.273381],[-75.536631,6.273411],[-75.536614,6.273439],[-75.536611,6.27347],[-75.536611,6.273507],[-75.536609,6.273537],[-75.536604,6.273571],[-75.536593,6.273601],[-75.536576,6.273627],[-75.536563,6.273655],[-75.536554,6.273687],[-75.536546,6.273715],[-75.536541,6.273749],[-75.536538,6.273787],[-75.536535,6.273824],[-75.536538,6.273865],[-75.536553,6.273887],[-75.536573,6.27391],[-75.536599,6.273935],[-75.53662,6.273953],[-75.53664,6.273978],[-75.536654,6.274006],[-75.536669,6.274045],[-75.536671,6.274084],[-75.536664,6.274112],[-75.536635,6.274148],[-75.536606,6.274166],[-75.536576,6.274179],[-75.536543,6.274192],[-75.536509,6.274204],[-75.536478,6.274213],[-75.536442,6.274226],[-75.536412,6.274238],[-75.536376,6.274255],[-75.536335,6.274269],[-75.536304,6.274278],[-75.536278,6.274287],[-75.536239,6.274297],[-75.536203,6.274308],[-75.536172,6.274318],[-75.536137,6.274329],[-75.5361,6.27434],[-75.536069,6.274352],[-75.536037,6.274365],[-75.536,6.274381],[-75.535972,6.274394],[-75.535937,6.274409],[-75.535897,6.274424],[-75.535866,6.274435],[-75.53584,6.274446],[-75.535806,6.274459],[-75.53578,6.27447],[-75.535757,6.274479],[-75.535726,6.27449],[-75.535698,6.2745],[-75.535662,6.274516],[-75.535624,6.274533],[-75.535594,6.274545],[-75.535566,6.274556],[-75.535542,6.274565],[-75.535515,6.274576],[-75.535479,6.274592],[-75.535439,6.274612],[-75.535402,6.274633],[-75.53537,6.274648],[-75.535344,6.27466],[-75.535316,6.274674],[-75.53529,6.274688],[-75.535265,6.274704],[-75.535239,6.274722],[-75.535215,6.27474],[-75.535187,6.274768],[-75.535161,6.274796],[-75.535135,6.274821],[-75.535115,6.274839],[-75.535094,6.274863],[-75.53507,6.274886],[-75.535044,6.274903],[-75.535021,6.274923],[-75.534987,6.274944],[-75.534943,6.274967],[-75.5349,6.274986],[-75.534923,6.275015],[-75.534959,6.275033],[-75.535001,6.275055],[-75.535048,6.275079],[-75.535086,6.275098],[-75.535117,6.275114],[-75.535153,6.27513],[-75.535186,6.275144],[-75.53522,6.275158],[-75.535252,6.275172],[-75.53528,6.275183],[-75.535316,6.275193],[-75.535351,6.275203],[-75.53539,6.275225],[-75.535412,6.275246],[-75.535433,6.275272],[-75.535463,6.275306],[-75.535488,6.275324],[-75.535524,6.275344],[-75.535553,6.275357],[-75.535581,6.275358],[-75.535616,6.275358],[-75.535658,6.275357],[-75.535688,6.275352],[-75.535718,6.275347],[-75.535744,6.275345],[-75.535775,6.275347],[-75.535806,6.27535],[-75.535845,6.275358],[-75.53588,6.275371],[-75.535917,6.275393],[-75.535947,6.275413],[-75.535977,6.275434],[-75.536009,6.275457],[-75.536038,6.275479],[-75.536067,6.275496],[-75.536091,6.275508],[-75.536117,6.275511],[-75.536151,6.275525],[-75.536183,6.27554],[-75.536212,6.275555],[-75.536251,6.275572],[-75.53629,6.27558],[-75.536319,6.275581],[-75.536356,6.275587],[-75.536397,6.275598],[-75.53644,6.275614],[-75.536473,6.275631],[-75.536496,6.27565],[-75.536515,6.275671],[-75.536534,6.275695],[-75.536549,6.275718],[-75.536549,6.275748],[-75.536541,6.275783],[-75.536533,6.275815],[-75.536524,6.275839],[-75.53651,6.275862],[-75.536488,6.275886],[-75.53646,6.275917],[-75.53643,6.27595],[-75.536395,6.275973],[-75.536362,6.275985],[-75.536334,6.275994],[-75.536303,6.276013],[-75.536266,6.276045],[-75.536241,6.276078],[-75.536225,6.276103],[-75.536213,6.27613],[-75.536204,6.276157],[-75.536194,6.276195],[-75.536189,6.27623],[-75.536179,6.276269],[-75.536166,6.276303],[-75.536153,6.276332],[-75.536138,6.276362],[-75.536123,6.276389],[-75.53611,6.276423],[-75.536095,6.276459],[-75.536068,6.276497],[-75.536047,6.276522],[-75.536023,6.276553],[-75.536005,6.276585],[-75.535994,6.276623],[-75.535987,6.276662],[-75.535986,6.276705],[-75.535991,6.276738],[-75.535997,6.276779],[-75.536007,6.276816],[-75.53602,6.27684],[-75.536032,6.276875],[-75.536038,6.276909],[-75.536065,6.276909],[-75.536098,6.276898],[-75.53613,6.27689],[-75.536162,6.276881],[-75.536204,6.276869],[-75.536238,6.276859],[-75.536275,6.276861],[-75.536309,6.276876],[-75.53634,6.276902],[-75.536354,6.276931],[-75.536365,6.276971],[-75.536378,6.277007],[-75.536393,6.27703],[-75.536413,6.277059],[-75.536427,6.277082],[-75.536442,6.277104],[-75.536444,6.277131],[-75.536393,6.277202],[-75.536382,6.277229],[-75.536378,6.277266],[-75.53638,6.277308],[-75.536391,6.277348],[-75.536404,6.27738],[-75.536422,6.277421],[-75.536437,6.277451],[-75.536449,6.277474],[-75.536464,6.277506],[-75.536477,6.277539],[-75.536489,6.277571],[-75.536503,6.277607],[-75.536522,6.277646],[-75.536542,6.277681],[-75.536554,6.277705],[-75.536568,6.277737],[-75.536587,6.277775],[-75.536605,6.277806],[-75.53662,6.277833],[-75.536633,6.277859],[-75.53664,6.277887],[-75.536639,6.277917],[-75.536633,6.27795],[-75.536634,6.277978],[-75.536636,6.278009],[-75.536639,6.278039],[-75.536643,6.278069],[-75.536647,6.2781],[-75.536651,6.278126],[-75.536643,6.278152],[-75.536647,6.278189],[-75.536658,6.278223],[-75.536668,6.278262],[-75.536672,6.278295],[-75.536673,6.278323],[-75.536676,6.278355],[-75.536679,6.278386],[-75.536683,6.278426],[-75.536689,6.27847],[-75.536694,6.278496],[-75.5367,6.278523],[-75.536708,6.278547],[-75.536741,6.278567],[-75.536756,6.2786],[-75.536774,6.278637],[-75.536795,6.278671],[-75.536821,6.278705],[-75.536842,6.278737],[-75.536867,6.278774],[-75.536893,6.278811],[-75.536927,6.278854],[-75.536974,6.278868],[-75.537003,6.278887],[-75.537033,6.278909],[-75.537061,6.278928],[-75.537087,6.278949],[-75.537204,6.279046],[-75.53723,6.279068],[-75.537253,6.279095],[-75.537278,6.279133],[-75.537297,6.279163],[-75.537323,6.279198],[-75.537352,6.279234],[-75.537378,6.279262],[-75.5374,6.279286],[-75.537431,6.279311],[-75.537472,6.279332],[-75.537514,6.279348],[-75.537552,6.279359],[-75.537586,6.279367],[-75.537622,6.279375],[-75.537657,6.279384],[-75.537688,6.279387],[-75.537721,6.27939],[-75.537755,6.279393],[-75.537784,6.2794],[-75.537812,6.279406],[-75.537851,6.279405],[-75.537895,6.279407],[-75.537932,6.279408],[-75.537981,6.279408],[-75.538009,6.279408],[-75.538043,6.279407],[-75.538083,6.279401],[-75.538127,6.279394],[-75.538169,6.279381],[-75.538204,6.27936],[-75.538232,6.279339],[-75.538254,6.279321],[-75.538278,6.279298],[-75.538301,6.279274],[-75.538318,6.27925],[-75.538333,6.27922],[-75.538348,6.279183],[-75.538361,6.279152],[-75.538372,6.279126],[-75.538386,6.279096],[-75.538396,6.279066],[-75.53841,6.279036],[-75.538424,6.279009],[-75.538451,6.278978],[-75.538479,6.278959],[-75.538514,6.278945],[-75.538542,6.278942],[-75.538571,6.278937],[-75.538598,6.27893],[-75.538637,6.278918],[-75.538677,6.278916],[-75.538717,6.278913],[-75.53876,6.27891],[-75.538794,6.27891],[-75.538831,6.278908],[-75.538872,6.278908],[-75.538906,6.27891],[-75.53893,6.278948],[-75.538956,6.278968],[-75.538963,6.278998],[-75.538972,6.279022],[-75.53897,6.27905],[-75.538968,6.279079],[-75.539002,6.279088],[-75.539003,6.279118],[-75.539035,6.27915],[-75.539061,6.27917],[-75.539096,6.279223],[-75.539111,6.279252],[-75.539113,6.279278],[-75.539116,6.279307],[-75.539123,6.279338],[-75.539133,6.279366],[-75.539145,6.279389],[-75.539168,6.279424],[-75.53919,6.279454],[-75.5392,6.279485],[-75.539202,6.279527],[-75.539204,6.279559],[-75.539203,6.279588],[-75.539196,6.279614],[-75.539185,6.279647],[-75.53918,6.279693],[-75.539197,6.27973],[-75.539218,6.279763],[-75.539231,6.27979],[-75.539249,6.279817],[-75.539263,6.27984],[-75.539276,6.279871],[-75.539295,6.279908],[-75.539313,6.279949],[-75.539319,6.279988],[-75.539318,6.28003],[-75.539315,6.280062],[-75.5393,6.280095],[-75.539271,6.280101],[-75.539251,6.280128],[-75.539237,6.280167],[-75.539232,6.280205],[-75.539229,6.280232],[-75.539226,6.280265],[-75.539226,6.280298],[-75.539225,6.280333],[-75.539226,6.280359],[-75.539225,6.280385],[-75.539215,6.280416],[-75.539207,6.280452],[-75.539204,6.280498],[-75.5392,6.280537],[-75.539193,6.280568],[-75.539187,6.280619],[-75.539177,6.280661],[-75.53917,6.28069],[-75.539167,6.280721],[-75.539158,6.280748],[-75.539134,6.280788],[-75.539112,6.280825],[-75.539097,6.280853],[-75.53908,6.280877],[-75.539062,6.280901],[-75.53905,6.280925],[-75.539037,6.280948],[-75.53902,6.28097],[-75.538998,6.280997],[-75.538975,6.281021],[-75.538952,6.281043],[-75.53893,6.281063],[-75.538907,6.281078],[-75.538884,6.281094],[-75.538854,6.281117],[-75.538825,6.281144],[-75.538807,6.281166],[-75.538792,6.281187],[-75.538778,6.281211],[-75.538706,6.281331],[-75.538689,6.281359],[-75.538671,6.281386],[-75.538676,6.281425],[-75.538685,6.281462],[-75.538696,6.281489],[-75.538712,6.281512],[-75.538724,6.281535],[-75.538724,6.281564],[-75.53872,6.281596],[-75.538723,6.281622],[-75.538721,6.281657],[-75.538692,6.281689],[-75.538669,6.281716],[-75.538585,6.281762],[-75.538558,6.281778],[-75.538523,6.281782],[-75.538482,6.281781],[-75.538435,6.281778],[-75.538399,6.281781],[-75.538368,6.281791],[-75.538335,6.281796],[-75.538302,6.281794],[-75.538274,6.281789],[-75.538241,6.281789],[-75.538197,6.281793],[-75.538156,6.281802],[-75.538125,6.28181],[-75.538099,6.281821],[-75.538071,6.281826],[-75.53804,6.281829],[-75.53801,6.28183],[-75.537974,6.28183],[-75.537935,6.281826],[-75.537891,6.281827],[-75.537859,6.281827],[-75.537827,6.281828],[-75.537792,6.281828],[-75.537754,6.281827],[-75.537721,6.281829],[-75.53768,6.281834],[-75.537646,6.281845],[-75.53761,6.281862],[-75.537573,6.281879],[-75.537539,6.281896],[-75.53751,6.281909],[-75.537485,6.281927],[-75.537443,6.281967],[-75.537423,6.281993],[-75.537407,6.282021],[-75.537395,6.282052],[-75.53738,6.282091],[-75.53736,6.282131],[-75.537344,6.282166],[-75.537324,6.282212],[-75.537309,6.282253],[-75.537303,6.282285],[-75.537302,6.282314],[-75.537303,6.28235],[-75.537306,6.282376],[-75.537312,6.282408],[-75.537319,6.282443],[-75.537324,6.282473],[-75.537328,6.282499],[-75.537334,6.282531],[-75.537342,6.282559],[-75.537351,6.282588],[-75.537359,6.282613],[-75.537368,6.282643],[-75.53738,6.282681],[-75.537389,6.282714],[-75.537399,6.282745],[-75.537414,6.282786],[-75.537428,6.282823],[-75.537438,6.282856],[-75.537444,6.282893],[-75.537446,6.282923],[-75.537446,6.282955],[-75.537444,6.282982],[-75.53744,6.283013],[-75.537432,6.283053],[-75.537428,6.283097],[-75.537426,6.283131],[-75.537427,6.28316],[-75.537425,6.283189],[-75.537422,6.283215],[-75.537418,6.283252],[-75.537412,6.283287],[-75.5374,6.283329],[-75.537389,6.283357],[-75.537377,6.283388],[-75.537365,6.283419],[-75.537349,6.283448],[-75.537323,6.283461],[-75.537292,6.283483],[-75.537275,6.283519],[-75.537261,6.283553],[-75.537248,6.283587],[-75.537235,6.283621],[-75.537217,6.283645],[-75.537194,6.283668],[-75.537173,6.283695],[-75.537151,6.283727],[-75.537118,6.283761],[-75.537097,6.283788],[-75.537081,6.283809],[-75.53706,6.283834],[-75.537039,6.283856],[-75.537026,6.283878],[-75.537015,6.283904],[-75.537,6.283926],[-75.536985,6.283947],[-75.536963,6.283977],[-75.536941,6.284005],[-75.536923,6.284025],[-75.536901,6.284042],[-75.536873,6.284062],[-75.536857,6.284083],[-75.536842,6.284123],[-75.536829,6.284168],[-75.536819,6.284207],[-75.536808,6.284236],[-75.536797,6.284264],[-75.536796,6.284292],[-75.536796,6.284332],[-75.536792,6.284367],[-75.536777,6.284407],[-75.536757,6.284439],[-75.536734,6.284455],[-75.536704,6.284461],[-75.536675,6.284461],[-75.53663,6.284459],[-75.536603,6.284461],[-75.536575,6.284482],[-75.536494,6.28462],[-75.536482,6.284648],[-75.536477,6.284674],[-75.536482,6.284713],[-75.536481,6.284743],[-75.536468,6.284769],[-75.536447,6.284793],[-75.536419,6.284814],[-75.536387,6.284834],[-75.536354,6.284855],[-75.536325,6.284873],[-75.536287,6.284892],[-75.536248,6.284902],[-75.536223,6.284913],[-75.536204,6.284937],[-75.536231,6.284973],[-75.536239,6.285003],[-75.53623,6.285029],[-75.536222,6.285062],[-75.53622,6.285096],[-75.536228,6.285135],[-75.536237,6.28516],[-75.536245,6.285188],[-75.53624,6.28522],[-75.536223,6.285249],[-75.536208,6.285277],[-75.53619,6.28543],[-75.53618,6.285461],[-75.536164,6.285488],[-75.536143,6.285522],[-75.536127,6.28556],[-75.536115,6.285597],[-75.536102,6.285634],[-75.536089,6.28567],[-75.53608,6.285714],[-75.536074,6.285762],[-75.536071,6.285792],[-75.53607,6.285822],[-75.536066,6.285861],[-75.53606,6.285892],[-75.536053,6.285924],[-75.536044,6.28597],[-75.536037,6.286019],[-75.536033,6.286065],[-75.536034,6.286113],[-75.536036,6.286161],[-75.536036,6.286208],[-75.536035,6.286248],[-75.536036,6.286289],[-75.536039,6.286333],[-75.536044,6.286378],[-75.53605,6.28642],[-75.53606,6.28645],[-75.536072,6.286473],[-75.536084,6.286501],[-75.536096,6.286539],[-75.536098,6.28658],[-75.536091,6.286614],[-75.536083,6.286641],[-75.53608,6.286673],[-75.536076,6.286714],[-75.536073,6.286749],[-75.53608,6.286781],[-75.536097,6.286817],[-75.536099,6.286852],[-75.536093,6.286889],[-75.536085,6.286917],[-75.536073,6.286945],[-75.536049,6.286974],[-75.536017,6.287008],[-75.53603,6.287038],[-75.536049,6.287068],[-75.536051,6.287096],[-75.536049,6.287126],[-75.536049,6.287159],[-75.536047,6.287195],[-75.536049,6.287226],[-75.536058,6.287254],[-75.536062,6.28728],[-75.536067,6.287311],[-75.536097,6.287331],[-75.536077,6.287362],[-75.536041,6.287372],[-75.536007,6.287393],[-75.536041,6.287412],[-75.536069,6.287427],[-75.536092,6.287439],[-75.536112,6.287456],[-75.536133,6.287489],[-75.536143,6.287521],[-75.536148,6.287552],[-75.536147,6.287582],[-75.536146,6.287608],[-75.536142,6.287635],[-75.536136,6.287661],[-75.536122,6.287695],[-75.536105,6.287732],[-75.536094,6.287775],[-75.536091,6.287821],[-75.536088,6.287862],[-75.536084,6.287894],[-75.536079,6.287921],[-75.536076,6.287951],[-75.536077,6.287983],[-75.536079,6.288019],[-75.536096,6.288069],[-75.536109,6.288105],[-75.536118,6.288133],[-75.536125,6.288163],[-75.536135,6.288199],[-75.53614,6.288236],[-75.536139,6.288268],[-75.536138,6.288298],[-75.536138,6.288332],[-75.536139,6.288363],[-75.53614,6.288427],[-75.536141,6.288458],[-75.53614,6.288489],[-75.536141,6.288522],[-75.536146,6.288549],[-75.536159,6.288577],[-75.536176,6.288604],[-75.536193,6.288625],[-75.536222,6.28865],[-75.536257,6.288666],[-75.536288,6.288679],[-75.536318,6.288689],[-75.53635,6.288695],[-75.536379,6.288698],[-75.536412,6.288696],[-75.53644,6.288692],[-75.536477,6.288688],[-75.536521,6.288684],[-75.536555,6.288678],[-75.536581,6.288671],[-75.53661,6.288661],[-75.53664,6.288643],[-75.536662,6.288625],[-75.536685,6.288606],[-75.536705,6.288589],[-75.536733,6.288567],[-75.536768,6.288545],[-75.536808,6.288537],[-75.536849,6.288548],[-75.536876,6.288561],[-75.536899,6.288581],[-75.536914,6.288604],[-75.53692,6.288635],[-75.536919,6.288663],[-75.536919,6.288701],[-75.536924,6.288741],[-75.536938,6.288773],[-75.536937,6.288802],[-75.536915,6.288848],[-75.536893,6.288881],[-75.536868,6.288902],[-75.536844,6.288914],[-75.536816,6.288923],[-75.536786,6.288933],[-75.536745,6.288943],[-75.536711,6.288953],[-75.536688,6.288966],[-75.536666,6.288982],[-75.536634,6.288999],[-75.5366,6.289023],[-75.536578,6.289051],[-75.536555,6.289071],[-75.536526,6.289081],[-75.536501,6.289087],[-75.536446,6.289097],[-75.536411,6.289102],[-75.536384,6.289109],[-75.536351,6.289121],[-75.536328,6.289132],[-75.536305,6.289145],[-75.536278,6.289161],[-75.536252,6.289183],[-75.536233,6.289216],[-75.536221,6.28926],[-75.536213,6.289303],[-75.5362,6.289349],[-75.536186,6.289381],[-75.536171,6.289408],[-75.536152,6.289442],[-75.536141,6.289483],[-75.536137,6.289517],[-75.536134,6.289549],[-75.536136,6.289591],[-75.536136,6.289625],[-75.536136,6.289651],[-75.536146,6.289691],[-75.536155,6.289729],[-75.536155,6.289761],[-75.536154,6.289805],[-75.536164,6.289848],[-75.536179,6.289875],[-75.536198,6.289899],[-75.536215,6.289932],[-75.536234,6.289965],[-75.536252,6.289997],[-75.536277,6.290038],[-75.536296,6.290083],[-75.536324,6.290127],[-75.536351,6.290155],[-75.53638,6.290179],[-75.536407,6.290202],[-75.536427,6.290227],[-75.536442,6.290251],[-75.536463,6.290283],[-75.536486,6.290319],[-75.536503,6.290346],[-75.536523,6.290368],[-75.536541,6.290389],[-75.536556,6.29041],[-75.536575,6.290434],[-75.536596,6.290465],[-75.53662,6.290493],[-75.536639,6.290513],[-75.536664,6.29054],[-75.536687,6.290564],[-75.536708,6.290588],[-75.536726,6.29061],[-75.536746,6.290633],[-75.536771,6.290661],[-75.536789,6.290681],[-75.536808,6.290705],[-75.536827,6.290739],[-75.536835,6.290777],[-75.536833,6.290803],[-75.536831,6.290833],[-75.536827,6.29086],[-75.536816,6.290885],[-75.536794,6.290908],[-75.536771,6.290926],[-75.536738,6.290943],[-75.536692,6.290954],[-75.536656,6.290956],[-75.53662,6.290958],[-75.536593,6.290963],[-75.536563,6.29097],[-75.536526,6.290978],[-75.536481,6.290983],[-75.536446,6.290984],[-75.536401,6.290982],[-75.536373,6.290981],[-75.536338,6.290982],[-75.53631,6.29099],[-75.536284,6.291001],[-75.536256,6.291027],[-75.536245,6.291066],[-75.536242,6.291094],[-75.53624,6.29113],[-75.536241,6.291163],[-75.536241,6.2912],[-75.536241,6.291233],[-75.536241,6.291272],[-75.536244,6.2913],[-75.53625,6.291328],[-75.536256,6.291358],[-75.536263,6.291384],[-75.536273,6.291407],[-75.53629,6.291436],[-75.536307,6.291458],[-75.536326,6.29148],[-75.536333,6.291509],[-75.536318,6.291547],[-75.536288,6.291577],[-75.53626,6.291602],[-75.536237,6.291621],[-75.536165,6.291664],[-75.53613,6.29169],[-75.536148,6.291715],[-75.536164,6.291746],[-75.53618,6.291768],[-75.536187,6.291801],[-75.536192,6.291852],[-75.536194,6.291893],[-75.536196,6.291923],[-75.536197,6.291955],[-75.536198,6.291988],[-75.536198,6.292024],[-75.536189,6.292069],[-75.536183,6.292108],[-75.536186,6.292141],[-75.536191,6.29217],[-75.5362,6.292198],[-75.536218,6.292231],[-75.536247,6.292272],[-75.536268,6.292297],[-75.536291,6.292319],[-75.536331,6.292341],[-75.536361,6.292375],[-75.536374,6.292407],[-75.536387,6.29244],[-75.536408,6.292484],[-75.536427,6.292517],[-75.536441,6.292547],[-75.536452,6.292572],[-75.536457,6.292601],[-75.53646,6.292639],[-75.536459,6.292675],[-75.536459,6.292712],[-75.536456,6.292745],[-75.5364,6.292822],[-75.536382,6.292843],[-75.536367,6.292869],[-75.536356,6.292893],[-75.53634,6.292933],[-75.536326,6.292964],[-75.536313,6.292993],[-75.536302,6.29302],[-75.536285,6.293052],[-75.53626,6.293096],[-75.536234,6.293125],[-75.536211,6.293145],[-75.536189,6.293162],[-75.536169,6.293179],[-75.536139,6.293209],[-75.536112,6.293234],[-75.536088,6.293251],[-75.536057,6.293259],[-75.536021,6.293259],[-75.535985,6.293255],[-75.535955,6.293253],[-75.535922,6.29325],[-75.535875,6.293255],[-75.535845,6.293268],[-75.535866,6.293287],[-75.535901,6.293297],[-75.535929,6.293308],[-75.535963,6.293329],[-75.535988,6.293336],[-75.536016,6.29334],[-75.536051,6.293351],[-75.536085,6.293381],[-75.536108,6.293405],[-75.53614,6.29344],[-75.53616,6.293478],[-75.536174,6.293502],[-75.536193,6.293531],[-75.536215,6.293568],[-75.536234,6.2936],[-75.536244,6.293634],[-75.536248,6.293662],[-75.536255,6.293688],[-75.536269,6.293724],[-75.536286,6.293767],[-75.53631,6.293803],[-75.536331,6.29383],[-75.536352,6.29386],[-75.536371,6.293887],[-75.536399,6.293924],[-75.536419,6.293953],[-75.536437,6.293976],[-75.536461,6.294003],[-75.536493,6.294018],[-75.536524,6.294018],[-75.53655,6.294018],[-75.536577,6.294023],[-75.536608,6.294033],[-75.536637,6.294037],[-75.536665,6.29404],[-75.536693,6.294057],[-75.536716,6.294086],[-75.536736,6.294107],[-75.536763,6.294125],[-75.53679,6.294132],[-75.536836,6.294133],[-75.536863,6.294143],[-75.536903,6.294155],[-75.536929,6.294166],[-75.536947,6.294186],[-75.536986,6.294212],[-75.537022,6.294232],[-75.537054,6.294248],[-75.537086,6.294256],[-75.537117,6.294258],[-75.537146,6.294257],[-75.537195,6.294257],[-75.537229,6.29426],[-75.537263,6.294261],[-75.53731,6.294261],[-75.537345,6.294249],[-75.537379,6.29425],[-75.537412,6.294276],[-75.537435,6.294308],[-75.537444,6.294339],[-75.537442,6.294367],[-75.537435,6.294395],[-75.537427,6.294421],[-75.537417,6.29445],[-75.537391,6.294471],[-75.537366,6.294498],[-75.537369,6.29453],[-75.537366,6.294564],[-75.537348,6.294588],[-75.537195,6.29466],[-75.53716,6.294666],[-75.537128,6.294671],[-75.537096,6.294676],[-75.537065,6.294677],[-75.537017,6.294684],[-75.536981,6.294712],[-75.536967,6.29474],[-75.536958,6.294764],[-75.536949,6.294792],[-75.536941,6.294829],[-75.536938,6.29487],[-75.536937,6.294911],[-75.536934,6.294947],[-75.536926,6.294975],[-75.536914,6.295001],[-75.53689,6.295029],[-75.536867,6.295054],[-75.536845,6.295074],[-75.536824,6.295089],[-75.536799,6.295101],[-75.536774,6.295107],[-75.536734,6.295114],[-75.536701,6.295114],[-75.53666,6.295113],[-75.536626,6.295113],[-75.536588,6.295113],[-75.536552,6.295112],[-75.536526,6.295109],[-75.5365,6.295105],[-75.536467,6.295094],[-75.536393,6.295067],[-75.53636,6.295048],[-75.536323,6.295027],[-75.536203,6.29497],[-75.536149,6.294937],[-75.536124,6.294924],[-75.536094,6.294907],[-75.536054,6.294888],[-75.536,6.294861],[-75.535948,6.294854],[-75.535913,6.294857],[-75.535887,6.294855],[-75.535859,6.294856],[-75.535835,6.294865],[-75.535802,6.294882],[-75.535772,6.294907],[-75.535752,6.294938],[-75.535729,6.294966],[-75.535705,6.294984],[-75.535679,6.294994],[-75.535652,6.295],[-75.535622,6.294997],[-75.535563,6.294976],[-75.535526,6.29499],[-75.535488,6.294993],[-75.535457,6.294989],[-75.535422,6.294978],[-75.535432,6.295008],[-75.535449,6.295033],[-75.535466,6.295054],[-75.535479,6.295077],[-75.535491,6.295111],[-75.535507,6.295151],[-75.535524,6.295188],[-75.535536,6.295211],[-75.535548,6.295236],[-75.535558,6.29526],[-75.535568,6.29529],[-75.535573,6.29532],[-75.535578,6.295349],[-75.535588,6.295394],[-75.535593,6.295424],[-75.535588,6.295456],[-75.535579,6.295494],[-75.535574,6.295529],[-75.535573,6.295564],[-75.535576,6.295595],[-75.535589,6.295627],[-75.535612,6.295654],[-75.535635,6.295674],[-75.535656,6.295692],[-75.535679,6.295718],[-75.535693,6.295741],[-75.535715,6.295783],[-75.535742,6.295819],[-75.535766,6.295839],[-75.535805,6.295871],[-75.535827,6.29589],[-75.535859,6.295915],[-75.535891,6.295935],[-75.53592,6.295961],[-75.535947,6.295989],[-75.535968,6.296011],[-75.535985,6.296035],[-75.536006,6.29607],[-75.536024,6.29611],[-75.536036,6.296145],[-75.536036,6.296217],[-75.536036,6.296243],[-75.53604,6.296275],[-75.536043,6.296309],[-75.536053,6.296345],[-75.536064,6.296376],[-75.536076,6.296419],[-75.536085,6.296473],[-75.53609,6.29651],[-75.536094,6.296547],[-75.536097,6.296578],[-75.536097,6.296621],[-75.536101,6.296657],[-75.536103,6.296711],[-75.536104,6.296743],[-75.536104,6.296772],[-75.536104,6.296812],[-75.536105,6.296842],[-75.536106,6.296868],[-75.536107,6.296906],[-75.53611,6.296954],[-75.536112,6.296986],[-75.536115,6.297024],[-75.536117,6.297072],[-75.536119,6.297112],[-75.53612,6.297161],[-75.536121,6.297192],[-75.536121,6.297224],[-75.536108,6.29725],[-75.53609,6.297279],[-75.536073,6.297307],[-75.536058,6.297342],[-75.536041,6.297371],[-75.536026,6.297393],[-75.53601,6.297429],[-75.535994,6.297455],[-75.535976,6.297482],[-75.535958,6.297505],[-75.535933,6.297536],[-75.535911,6.297567],[-75.535893,6.297593],[-75.535871,6.297621],[-75.535846,6.297651],[-75.535873,6.297679],[-75.535908,6.297696],[-75.535946,6.297717],[-75.535983,6.297742],[-75.536024,6.297769],[-75.536057,6.297793],[-75.536094,6.297822],[-75.536103,6.297848],[-75.536088,6.297883],[-75.53608,6.297917],[-75.536074,6.297942],[-75.536021,6.298018],[-75.535967,6.298102],[-75.535942,6.298136],[-75.535925,6.298178],[-75.535908,6.298242],[-75.535896,6.298295],[-75.535894,6.298334],[-75.535898,6.298365],[-75.535915,6.298396],[-75.535916,6.298398],[-75.53593,6.298377],[-75.535934,6.298371],[-75.53596,6.298345],[-75.53599,6.298312],[-75.53602,6.298285],[-75.536022,6.298282],[-75.536024,6.298282],[-75.536051,6.298269],[-75.536079,6.298261],[-75.536108,6.298251],[-75.536137,6.29824],[-75.536168,6.298232],[-75.5362,6.298228],[-75.536218,6.298227],[-75.536249,6.298226],[-75.536278,6.298219],[-75.536306,6.298209],[-75.536314,6.298206],[-75.536357,6.298194],[-75.536398,6.298189],[-75.536424,6.298188],[-75.536459,6.298186],[-75.536501,6.298185],[-75.536529,6.298184],[-75.536566,6.298183],[-75.536622,6.298189],[-75.53666,6.298205],[-75.536694,6.29822],[-75.536726,6.298235],[-75.536761,6.298249],[-75.536784,6.298262],[-75.536813,6.298279],[-75.536839,6.298294],[-75.536861,6.298311],[-75.536877,6.298327],[-75.53688,6.298331],[-75.536906,6.298349],[-75.536909,6.298351],[-75.536943,6.298375],[-75.536967,6.298393],[-75.536995,6.298411],[-75.537016,6.298427],[-75.537037,6.298446],[-75.537039,6.298448],[-75.537045,6.298456],[-75.537058,6.298471],[-75.537081,6.298504],[-75.537108,6.298547],[-75.537128,6.298585],[-75.537139,6.298623],[-75.537149,6.298656],[-75.537161,6.298689],[-75.537162,6.298743],[-75.537163,6.298757],[-75.537163,6.298787],[-75.537164,6.298816],[-75.537172,6.298846],[-75.537193,6.29887],[-75.537213,6.298883],[-75.537225,6.298891],[-75.537251,6.298906],[-75.537271,6.298925],[-75.537274,6.298952],[-75.537271,6.298981],[-75.537271,6.298982],[-75.537273,6.299003],[-75.537274,6.299009],[-75.537279,6.299053],[-75.537289,6.299094],[-75.537308,6.299165],[-75.537321,6.299199],[-75.537341,6.299239],[-75.537348,6.299254],[-75.537352,6.299263],[-75.537354,6.299268],[-75.537374,6.299321],[-75.537419,6.299376],[-75.537428,6.299385],[-75.537454,6.299408],[-75.537475,6.299458],[-75.537481,6.299472],[-75.537506,6.299509],[-75.53753,6.299546],[-75.537551,6.299577],[-75.537568,6.299603],[-75.537585,6.29963],[-75.537585,6.299632],[-75.537599,6.299667],[-75.537607,6.299694],[-75.537628,6.29973],[-75.537669,6.29977],[-75.537701,6.299796],[-75.537732,6.299815],[-75.537739,6.29982],[-75.537772,6.29984],[-75.5378,6.299864],[-75.537823,6.299897],[-75.537843,6.299927],[-75.537861,6.29995],[-75.537877,6.299976],[-75.537888,6.300002],[-75.537891,6.300011],[-75.537899,6.300036],[-75.537911,6.300059],[-75.537933,6.300093],[-75.537951,6.30012],[-75.537952,6.300122],[-75.537957,6.300156],[-75.537957,6.300162],[-75.537975,6.300191],[-75.538002,6.300206],[-75.538034,6.300218],[-75.53805,6.300224],[-75.538117,6.300247],[-75.538142,6.300269],[-75.538162,6.300292],[-75.538163,6.300294],[-75.538173,6.300325],[-75.538176,6.300335],[-75.538184,6.300361],[-75.538195,6.300389],[-75.538198,6.300421],[-75.5382,6.300442],[-75.538201,6.300452],[-75.538208,6.30046],[-75.538228,6.30048],[-75.538242,6.300504],[-75.538243,6.30053],[-75.53823,6.30056],[-75.538229,6.300563],[-75.538219,6.300583],[-75.538213,6.300594],[-75.538207,6.300627],[-75.538213,6.300679],[-75.538227,6.300716],[-75.538248,6.300746],[-75.538272,6.300766],[-75.538289,6.300779],[-75.538293,6.300782],[-75.538321,6.300818],[-75.538394,6.300818],[-75.538425,6.300814],[-75.538448,6.300795],[-75.538481,6.300768],[-75.53849,6.300731],[-75.538491,6.300727],[-75.538497,6.300695],[-75.538522,6.300679],[-75.538555,6.300664],[-75.538593,6.300667],[-75.538612,6.300687],[-75.538632,6.300708],[-75.538662,6.300727],[-75.538688,6.300738],[-75.53871,6.300748],[-75.538714,6.30075],[-75.53875,6.300767],[-75.538766,6.300768],[-75.538772,6.300769],[-75.538786,6.30077],[-75.538818,6.300768],[-75.538824,6.300767],[-75.538856,6.300766],[-75.538884,6.300764],[-75.538922,6.30077],[-75.538954,6.300786],[-75.538982,6.300803],[-75.538982,6.300804],[-75.539005,6.300809],[-75.539011,6.300811],[-75.539049,6.300813],[-75.539088,6.300831],[-75.539121,6.300849],[-75.539148,6.300866],[-75.539176,6.300885],[-75.539209,6.300907],[-75.539236,6.300923],[-75.539241,6.300957],[-75.539233,6.300985],[-75.539233,6.300999],[-75.539233,6.301015],[-75.539238,6.301046],[-75.539244,6.301077],[-75.539248,6.301104],[-75.539259,6.301119],[-75.53927,6.301133],[-75.539279,6.301164],[-75.539286,6.30119],[-75.539291,6.301206],[-75.539294,6.301215],[-75.539299,6.301226],[-75.539306,6.301246],[-75.539308,6.301252],[-75.539316,6.301282],[-75.539324,6.301294],[-75.53933,6.301304],[-75.539345,6.301329],[-75.539373,6.301368],[-75.539393,6.301394],[-75.539406,6.301423],[-75.539422,6.30145],[-75.539445,6.301479],[-75.539472,6.301497],[-75.539472,6.301497],[-75.539476,6.3015],[-75.539503,6.301523],[-75.539525,6.301549],[-75.539554,6.301583],[-75.539561,6.301597],[-75.539564,6.301603],[-75.539569,6.301612],[-75.539584,6.301644],[-75.539584,6.301645],[-75.539597,6.301669],[-75.539602,6.301678],[-75.539609,6.301697],[-75.539613,6.301706],[-75.539627,6.301731],[-75.53964,6.301765],[-75.539657,6.301805],[-75.539689,6.301838],[-75.539721,6.301857],[-75.539728,6.30186],[-75.539745,6.301868],[-75.539768,6.301881],[-75.539786,6.301911],[-75.539805,6.301944],[-75.539812,6.301963],[-75.539814,6.301969],[-75.539829,6.301997],[-75.539845,6.302025],[-75.539862,6.302052],[-75.539881,6.302078],[-75.539906,6.302103],[-75.539933,6.302115],[-75.53996,6.302125],[-75.539967,6.302128],[-75.539969,6.302129],[-75.539979,6.302135],[-75.540004,6.302151],[-75.540018,6.302162],[-75.540026,6.302168],[-75.540048,6.302184],[-75.540072,6.3022],[-75.540102,6.302217],[-75.540136,6.302232],[-75.54015,6.302234],[-75.540164,6.302235],[-75.540195,6.302231],[-75.54022,6.302229],[-75.540251,6.302229],[-75.540275,6.302251],[-75.540295,6.302283],[-75.540317,6.30231],[-75.540348,6.302352],[-75.540371,6.30238],[-75.540373,6.302383],[-75.540393,6.302396],[-75.540407,6.302406],[-75.540419,6.302421],[-75.540425,6.30243],[-75.540431,6.302437],[-75.540437,6.302462],[-75.540438,6.302467],[-75.540448,6.302496],[-75.54047,6.302523],[-75.540498,6.30254],[-75.540499,6.30254],[-75.540536,6.302563],[-75.540571,6.302582],[-75.540606,6.302591],[-75.540641,6.302595],[-75.540679,6.302605],[-75.540708,6.302604],[-75.540709,6.302604],[-75.540724,6.302602],[-75.540736,6.302601],[-75.540737,6.302601],[-75.540771,6.302601],[-75.540811,6.302607],[-75.540847,6.302614],[-75.540882,6.302622],[-75.540909,6.302631],[-75.540942,6.302652],[-75.540949,6.302657],[-75.540968,6.30267],[-75.540985,6.302674],[-75.541008,6.302681],[-75.541048,6.302689],[-75.541073,6.302696],[-75.541098,6.302709],[-75.541128,6.302736],[-75.541136,6.302751],[-75.541145,6.302766],[-75.541176,6.302789],[-75.541212,6.302804],[-75.541244,6.302817],[-75.541278,6.302836],[-75.541309,6.302837],[-75.541349,6.302829],[-75.541351,6.302828],[-75.541382,6.30282],[-75.541417,6.302812],[-75.541451,6.302818],[-75.541461,6.302823],[-75.541489,6.302839],[-75.541518,6.302854],[-75.541528,6.302858],[-75.541545,6.302865],[-75.54155,6.302867],[-75.541582,6.302877],[-75.541587,6.302879],[-75.541621,6.302893],[-75.541654,6.30291],[-75.541654,6.30291],[-75.541687,6.302922],[-75.541718,6.302936],[-75.541745,6.302954],[-75.541771,6.302965],[-75.541778,6.302966],[-75.541805,6.302969],[-75.541809,6.302969],[-75.541828,6.302969],[-75.541852,6.302968],[-75.541887,6.302971],[-75.54191,6.302993],[-75.541932,6.303034],[-75.541933,6.303036],[-75.541944,6.303072],[-75.541944,6.303073],[-75.541944,6.303074],[-75.541952,6.303086],[-75.54196,6.303098],[-75.541967,6.303106],[-75.541979,6.303118],[-75.541993,6.303155],[-75.541996,6.303174],[-75.542,6.303198],[-75.542,6.30323],[-75.542012,6.303255],[-75.542043,6.303271],[-75.542045,6.303273],[-75.54207,6.303296],[-75.542083,6.303324],[-75.542095,6.30335],[-75.542107,6.303378],[-75.542119,6.303403],[-75.542123,6.303411],[-75.542133,6.30343],[-75.542143,6.303449],[-75.542149,6.303459],[-75.542165,6.303486],[-75.542185,6.303519],[-75.542189,6.303542],[-75.542195,6.30357],[-75.542205,6.303586],[-75.542207,6.30359],[-75.542218,6.303607],[-75.542238,6.303614],[-75.542248,6.303617],[-75.542312,6.303684],[-75.542317,6.303689],[-75.542338,6.30372],[-75.542365,6.303749],[-75.542368,6.303751],[-75.542388,6.303764],[-75.54239,6.303765],[-75.542415,6.30377],[-75.542426,6.303772],[-75.542432,6.303779],[-75.54245,6.3038],[-75.542466,6.30385],[-75.542499,6.303894],[-75.54254,6.303899],[-75.542579,6.303896],[-75.54261,6.303899],[-75.542619,6.303901],[-75.542625,6.303901],[-75.542668,6.303905],[-75.542713,6.303922],[-75.542751,6.303914],[-75.542752,6.303914],[-75.542788,6.303918],[-75.542831,6.303918],[-75.542861,6.30393],[-75.54289,6.303929],[-75.542919,6.303905],[-75.54294,6.303876],[-75.542947,6.303868],[-75.542956,6.303857],[-75.542961,6.303852],[-75.542988,6.303833],[-75.543015,6.303818],[-75.543046,6.303803],[-75.54309,6.303788],[-75.543101,6.303783],[-75.543135,6.303768],[-75.54317,6.303747],[-75.543193,6.30373],[-75.543227,6.303716],[-75.54326,6.303704],[-75.543284,6.303695],[-75.543318,6.303689],[-75.543347,6.303701],[-75.543365,6.30372],[-75.543389,6.303747],[-75.543405,6.303773],[-75.543416,6.303785],[-75.543426,6.303796],[-75.543447,6.303818],[-75.543492,6.303843],[-75.543501,6.303847],[-75.543502,6.303849],[-75.543542,6.303893],[-75.543565,6.303913],[-75.543604,6.303912],[-75.543621,6.303924],[-75.543643,6.303938],[-75.543681,6.303956],[-75.543729,6.303972],[-75.543749,6.303977],[-75.543773,6.303983],[-75.543811,6.303989],[-75.543839,6.304002],[-75.543867,6.304012],[-75.54389,6.304025],[-75.543911,6.30404],[-75.543933,6.304059],[-75.543958,6.304091],[-75.543965,6.304102],[-75.54398,6.304128],[-75.544003,6.304165],[-75.544026,6.3042],[-75.544047,6.304222],[-75.544072,6.304233],[-75.544103,6.304244],[-75.544155,6.304268],[-75.544197,6.304279],[-75.544248,6.304293],[-75.544299,6.304308],[-75.544328,6.304294],[-75.544346,6.304276],[-75.544351,6.30427],[-75.544364,6.304251],[-75.54439,6.30423],[-75.544418,6.304204],[-75.544447,6.304179],[-75.544482,6.304166],[-75.544513,6.304164],[-75.544547,6.304182],[-75.544567,6.304202],[-75.544587,6.304222],[-75.5446,6.304252],[-75.544612,6.304277],[-75.544634,6.304303],[-75.544635,6.304305],[-75.544651,6.304325],[-75.54467,6.304345],[-75.544691,6.304364],[-75.544713,6.304383],[-75.544742,6.304396],[-75.544769,6.304401],[-75.544849,6.304385],[-75.544863,6.304384],[-75.544906,6.304382],[-75.544941,6.304386],[-75.544967,6.304395],[-75.544997,6.304418],[-75.545024,6.304461],[-75.545049,6.304486],[-75.545075,6.304497],[-75.545098,6.304504],[-75.545103,6.304505],[-75.545132,6.304516],[-75.545159,6.304534],[-75.545182,6.304566],[-75.5452,6.304599],[-75.545219,6.304629],[-75.545222,6.304634],[-75.545241,6.304666],[-75.545255,6.304696],[-75.545271,6.304722],[-75.545288,6.304744],[-75.545292,6.304749],[-75.545306,6.304763],[-75.545321,6.304789],[-75.545323,6.304795],[-75.545331,6.304815],[-75.545343,6.304843],[-75.54536,6.304867],[-75.54538,6.304884],[-75.545405,6.304899],[-75.545421,6.304907],[-75.545433,6.304915],[-75.545466,6.304933],[-75.545492,6.304954],[-75.545508,6.30497],[-75.545514,6.304977],[-75.545543,6.304999],[-75.545572,6.305028],[-75.545596,6.305041],[-75.545624,6.305046],[-75.545677,6.305059],[-75.545699,6.305085],[-75.5457,6.305086],[-75.545732,6.305124],[-75.545759,6.30517],[-75.54575,6.305209],[-75.545741,6.305232],[-75.545732,6.305253],[-75.545714,6.305286],[-75.545702,6.305317],[-75.545724,6.305346],[-75.54575,6.305378],[-75.545762,6.305405],[-75.54577,6.305423],[-75.545773,6.305431],[-75.545781,6.305447],[-75.545786,6.305458],[-75.545793,6.305487],[-75.545804,6.305511],[-75.545831,6.305537],[-75.545832,6.305539],[-75.545856,6.30555],[-75.545877,6.305561],[-75.545888,6.305578],[-75.545899,6.305594],[-75.545905,6.305603],[-75.545917,6.30562],[-75.545917,6.30562],[-75.54595,6.305646],[-75.545977,6.305657],[-75.546007,6.305667],[-75.546048,6.305677],[-75.546094,6.305654],[-75.546114,6.305578],[-75.546135,6.305549],[-75.546167,6.305528],[-75.546199,6.305518],[-75.546229,6.305513],[-75.54626,6.305508],[-75.546293,6.305498],[-75.546323,6.30549],[-75.546354,6.305484],[-75.54639,6.305482],[-75.546421,6.305481],[-75.54646,6.305484],[-75.546498,6.305493],[-75.546532,6.305507],[-75.546559,6.305523],[-75.546582,6.305536],[-75.546609,6.305552],[-75.54661,6.305552],[-75.546638,6.305571],[-75.546665,6.30558],[-75.546695,6.305591],[-75.546725,6.305595],[-75.546755,6.305594],[-75.546782,6.305593],[-75.546809,6.305576],[-75.546834,6.305558],[-75.546874,6.305535],[-75.546903,6.305508],[-75.546904,6.305507],[-75.546924,6.305485],[-75.546961,6.305454],[-75.546991,6.305444],[-75.54705,6.305461],[-75.547106,6.305479],[-75.547161,6.305471],[-75.547163,6.30547],[-75.547227,6.305459],[-75.54727,6.305467],[-75.547367,6.305556],[-75.5474,6.305588],[-75.547428,6.305617],[-75.54749,6.305672],[-75.547522,6.305693],[-75.547522,6.305693],[-75.547555,6.305715],[-75.54765,6.305738],[-75.547717,6.305735],[-75.547744,6.305734],[-75.547823,6.305731],[-75.547879,6.305722],[-75.547927,6.305724],[-75.547974,6.305734],[-75.547998,6.305766],[-75.548005,6.305807],[-75.548011,6.305837],[-75.548031,6.305862],[-75.548066,6.305879],[-75.548112,6.30591],[-75.548121,6.305913],[-75.548149,6.305923],[-75.548166,6.305936],[-75.548186,6.305952],[-75.548232,6.305986],[-75.548264,6.306008],[-75.548301,6.306017],[-75.548329,6.306011],[-75.548355,6.305983],[-75.548374,6.305948],[-75.548382,6.305901],[-75.548403,6.305874],[-75.548443,6.305859],[-75.548467,6.305845],[-75.548493,6.305831],[-75.548514,6.30581],[-75.548539,6.305784],[-75.548576,6.305769],[-75.548619,6.305775],[-75.548633,6.305814],[-75.548608,6.305901],[-75.548606,6.305915],[-75.5486,6.30595],[-75.548601,6.306004],[-75.548607,6.30605],[-75.548621,6.306081],[-75.548639,6.306109],[-75.548664,6.306133],[-75.548715,6.30616],[-75.548752,6.306157],[-75.548775,6.306146],[-75.548798,6.306126],[-75.548812,6.306104],[-75.548825,6.306077],[-75.548833,6.306053],[-75.548834,6.306051],[-75.548843,6.306025],[-75.548865,6.305983],[-75.548868,6.305981],[-75.548903,6.305961],[-75.548938,6.305965],[-75.548973,6.305978],[-75.549002,6.30599],[-75.549033,6.306007],[-75.549058,6.306022],[-75.549083,6.306037],[-75.549111,6.306061],[-75.549135,6.306091],[-75.549152,6.306119],[-75.549165,6.306146],[-75.54918,6.306177],[-75.549187,6.306191],[-75.549195,6.306206],[-75.549206,6.306225],[-75.549219,6.306247],[-75.54924,6.306284],[-75.549243,6.306292],[-75.549253,6.306316],[-75.549264,6.306347],[-75.549281,6.306366],[-75.549303,6.306382],[-75.549328,6.3064],[-75.549358,6.306411],[-75.549387,6.306421],[-75.549422,6.306436],[-75.54947,6.306472],[-75.549487,6.306501],[-75.549512,6.306563],[-75.549519,6.306592],[-75.549526,6.30662],[-75.549538,6.306645],[-75.549565,6.306668],[-75.549593,6.306707],[-75.549622,6.306735],[-75.549653,6.306747],[-75.549684,6.306747],[-75.549726,6.30675],[-75.54977,6.306754],[-75.549798,6.306746],[-75.549823,6.306728],[-75.549857,6.3067],[-75.54991,6.306621],[-75.54994,6.306576],[-75.549955,6.306553],[-75.549985,6.306525],[-75.550015,6.306507],[-75.550047,6.306498],[-75.55012,6.306507],[-75.550159,6.306527],[-75.550163,6.306529],[-75.550184,6.306541],[-75.550213,6.306545],[-75.550249,6.306532],[-75.550262,6.306527],[-75.550283,6.30652],[-75.550318,6.306513],[-75.550346,6.306509],[-75.550377,6.306511],[-75.550403,6.30652],[-75.550424,6.30654],[-75.550451,6.306561],[-75.550482,6.306574],[-75.550516,6.306584],[-75.550545,6.306614],[-75.550585,6.306655],[-75.550617,6.306688],[-75.550646,6.306726],[-75.550674,6.30677],[-75.550685,6.306803],[-75.550692,6.306825],[-75.55073,6.306932],[-75.550749,6.306982],[-75.550758,6.307012],[-75.550779,6.307047],[-75.550784,6.30705],[-75.550813,6.307071],[-75.550845,6.307073],[-75.550873,6.307073],[-75.550903,6.307065],[-75.550942,6.307059],[-75.550972,6.307052],[-75.550976,6.307051],[-75.551002,6.307043],[-75.551036,6.307041],[-75.551117,6.307049],[-75.551154,6.307053],[-75.551195,6.307053],[-75.551231,6.307051],[-75.551242,6.307049],[-75.551267,6.307045],[-75.551324,6.307043],[-75.551369,6.307045],[-75.551383,6.307049],[-75.551396,6.307052],[-75.551426,6.307058],[-75.551457,6.30706],[-75.551489,6.307061],[-75.551518,6.307057],[-75.55156,6.307031],[-75.551599,6.307023],[-75.55169,6.307025],[-75.551766,6.307038],[-75.551825,6.30706],[-75.551858,6.307073],[-75.55191,6.307095],[-75.551944,6.307113],[-75.551969,6.307131],[-75.551996,6.307151],[-75.552029,6.307181],[-75.552034,6.307187],[-75.552034,6.307187],[-75.552062,6.307224],[-75.552081,6.307263],[-75.552109,6.307378],[-75.55211,6.307394],[-75.55211,6.307411],[-75.552121,6.307442],[-75.552144,6.307462],[-75.552197,6.307476],[-75.552246,6.307483],[-75.552315,6.307491],[-75.552349,6.30749],[-75.5524,6.307483],[-75.55244,6.307474],[-75.55245,6.307472],[-75.55248,6.307469],[-75.552491,6.307468],[-75.552504,6.307466],[-75.552559,6.307455],[-75.55259,6.307451],[-75.552633,6.307447],[-75.552661,6.307445],[-75.552691,6.307442],[-75.552736,6.307434],[-75.552761,6.307429],[-75.552798,6.307425],[-75.552834,6.307422],[-75.552936,6.30743],[-75.552996,6.307435],[-75.553049,6.307447],[-75.553119,6.307459],[-75.553243,6.307495],[-75.553273,6.307504],[-75.553303,6.307513],[-75.553395,6.307538],[-75.55348,6.307567],[-75.553529,6.307588],[-75.553637,6.307637],[-75.553659,6.307648],[-75.553697,6.307666],[-75.55375,6.307687],[-75.553777,6.307698],[-75.55384,6.307723],[-75.553926,6.307752],[-75.553978,6.307763],[-75.553998,6.307768],[-75.554037,6.307781],[-75.554103,6.307808],[-75.554158,6.307831],[-75.554174,6.307838],[-75.554251,6.307868],[-75.554269,6.307875],[-75.554343,6.307903],[-75.554385,6.30792],[-75.554387,6.307921],[-75.554409,6.307931],[-75.554491,6.307958],[-75.554539,6.307974],[-75.554578,6.307986],[-75.554586,6.307989],[-75.554627,6.308004],[-75.554695,6.308024],[-75.554743,6.308035],[-75.55475,6.308036],[-75.554996,6.308118],[-75.555021,6.308126],[-75.555065,6.308176],[-75.555283,6.308419],[-75.555296,6.308435],[-75.555309,6.308452],[-75.555384,6.308543],[-75.555403,6.308561],[-75.555425,6.30858],[-75.555454,6.308603],[-75.555486,6.308625],[-75.555524,6.308637],[-75.555609,6.308674],[-75.55564,6.308688],[-75.55567,6.308704],[-75.555713,6.308737],[-75.555736,6.308759],[-75.555777,6.308801],[-75.555808,6.308836],[-75.555843,6.308873],[-75.555881,6.308913],[-75.55592,6.308955],[-75.555943,6.30899],[-75.555951,6.309016],[-75.555952,6.309039],[-75.555952,6.309045],[-75.555954,6.309055],[-75.555955,6.309061],[-75.555957,6.309072],[-75.55597,6.309105],[-75.55599,6.309135],[-75.556009,6.309149],[-75.556012,6.309152],[-75.556014,6.309154],[-75.556036,6.309181],[-75.556053,6.309203],[-75.556073,6.309225],[-75.556101,6.309254],[-75.556144,6.309289],[-75.556178,6.309319],[-75.55622,6.30934],[-75.556247,6.309352],[-75.556271,6.309362],[-75.556283,6.309365],[-75.556334,6.309383],[-75.55637,6.309404],[-75.556389,6.309423],[-75.556402,6.309434],[-75.55641,6.309442],[-75.556424,6.309452],[-75.556439,6.309463],[-75.556439,6.309463],[-75.556441,6.309464],[-75.556474,6.309484],[-75.556499,6.309497],[-75.556528,6.309517],[-75.556543,6.309539],[-75.556547,6.309557],[-75.556551,6.309575],[-75.556553,6.309578],[-75.556558,6.309585],[-75.556567,6.309598],[-75.55658,6.309608],[-75.556589,6.309614],[-75.556592,6.309617],[-75.556612,6.309625],[-75.556623,6.30963],[-75.556625,6.30963],[-75.556635,6.309633],[-75.55665,6.309637],[-75.556655,6.309638],[-75.556662,6.309639],[-75.556676,6.309641],[-75.556688,6.309644],[-75.556725,6.309644],[-75.55673,6.309644],[-75.556754,6.309645],[-75.556784,6.309659],[-75.556822,6.309681],[-75.556855,6.309695],[-75.556894,6.309713],[-75.556916,6.309738],[-75.556921,6.309752],[-75.556924,6.309757],[-75.556927,6.309765],[-75.556931,6.309793],[-75.556931,6.309796],[-75.556932,6.3098],[-75.556931,6.309855],[-75.556931,6.309857],[-75.556929,6.309884],[-75.556936,6.309915],[-75.556954,6.309943],[-75.556969,6.309966],[-75.556986,6.309987],[-75.557127,6.310021],[-75.557181,6.310046],[-75.55719,6.31005],[-75.557261,6.310084],[-75.557117,6.310296],[-75.556699,6.310888],[-75.556312,6.311333],[-75.556352,6.311355],[-75.556388,6.311375],[-75.556484,6.311428],[-75.556539,6.311446],[-75.556561,6.311456],[-75.556576,6.311463],[-75.556627,6.311484],[-75.556674,6.311509],[-75.556745,6.311554],[-75.556758,6.311562],[-75.556802,6.311588],[-75.556845,6.31161],[-75.556859,6.311617],[-75.556921,6.311651],[-75.556926,6.311654],[-75.556961,6.311674],[-75.556969,6.311678],[-75.556971,6.311679],[-75.556985,6.311687],[-75.556994,6.311691],[-75.557005,6.311696],[-75.557015,6.3117],[-75.557041,6.31171],[-75.557146,6.31175],[-75.55718,6.311766],[-75.557221,6.311785],[-75.557254,6.311805],[-75.557269,6.311814],[-75.557315,6.31184],[-75.557343,6.311855],[-75.557386,6.311871],[-75.557415,6.311879],[-75.557444,6.311892],[-75.557488,6.311912],[-75.557536,6.311928],[-75.557576,6.311945],[-75.557615,6.311961],[-75.557641,6.311968],[-75.557658,6.311972],[-75.557662,6.311974],[-75.557663,6.311974],[-75.557702,6.311987],[-75.557768,6.312007],[-75.557817,6.312021],[-75.557865,6.312044],[-75.557868,6.312045],[-75.557874,6.312047],[-75.557893,6.312055],[-75.557928,6.312065],[-75.557962,6.31208],[-75.558042,6.312122],[-75.55812,6.312166],[-75.55813,6.312175],[-75.558152,6.312196],[-75.558166,6.312202],[-75.558191,6.312214],[-75.558199,6.312218],[-75.558229,6.312223],[-75.558258,6.312229],[-75.558323,6.31223],[-75.558366,6.31223],[-75.558375,6.31223],[-75.558386,6.312233],[-75.558417,6.312242],[-75.558489,6.312251],[-75.558553,6.312253],[-75.558623,6.312261],[-75.558679,6.31223],[-75.558697,6.312216],[-75.5587,6.312213],[-75.558706,6.312209],[-75.558722,6.312195],[-75.558741,6.312175],[-75.558754,6.312159],[-75.558762,6.312149],[-75.55878,6.31212],[-75.558803,6.312091],[-75.558809,6.312086],[-75.558833,6.312066],[-75.558856,6.312047],[-75.558883,6.312029],[-75.558888,6.312027],[-75.558897,6.312024],[-75.558912,6.312018],[-75.558941,6.312009],[-75.558978,6.312],[-75.559018,6.311988],[-75.559068,6.311975],[-75.559183,6.311969],[-75.559234,6.31197],[-75.559276,6.311974],[-75.559314,6.311991],[-75.559334,6.312],[-75.559339,6.312003],[-75.559365,6.312016],[-75.559377,6.312021],[-75.559384,6.312024],[-75.559391,6.312026],[-75.559423,6.312036],[-75.559469,6.312053],[-75.559517,6.312064],[-75.559559,6.312073],[-75.559595,6.312078],[-75.559623,6.312081],[-75.559648,6.312083],[-75.559653,6.312083],[-75.55967,6.312081],[-75.559759,6.312072],[-75.559802,6.31208],[-75.55983,6.31209],[-75.559851,6.312097],[-75.559863,6.3121],[-75.559892,6.312108],[-75.559932,6.31212],[-75.559979,6.312133],[-75.560022,6.312133],[-75.560067,6.31212],[-75.560108,6.312096],[-75.560148,6.31207],[-75.560171,6.312053],[-75.560191,6.312039],[-75.560202,6.312033],[-75.560226,6.31202],[-75.560262,6.312002],[-75.56035,6.311998],[-75.560367,6.312005],[-75.560379,6.312009],[-75.560382,6.31201],[-75.560419,6.31202],[-75.56042,6.31202],[-75.560459,6.312029],[-75.560493,6.312038],[-75.560525,6.312048],[-75.56055,6.312056],[-75.560576,6.312059],[-75.560608,6.312056],[-75.560661,6.312041],[-75.560692,6.31203],[-75.560722,6.312018],[-75.560747,6.312005],[-75.560752,6.312003],[-75.560781,6.31199],[-75.560817,6.311974],[-75.560948,6.311954],[-75.560998,6.311936],[-75.561024,6.311929],[-75.561053,6.311926],[-75.561086,6.311945],[-75.56109,6.311947],[-75.561122,6.311978],[-75.561164,6.312008],[-75.561207,6.312036],[-75.561248,6.312054],[-75.561277,6.312065],[-75.561302,6.312075],[-75.561341,6.312092],[-75.561351,6.312099],[-75.561367,6.31211],[-75.561398,6.312125],[-75.561426,6.31213],[-75.561512,6.312121],[-75.561555,6.312104],[-75.561582,6.312091],[-75.561619,6.312068],[-75.561653,6.312046],[-75.561667,6.312036],[-75.561695,6.312017],[-75.561719,6.311999],[-75.561743,6.311983],[-75.561769,6.311971],[-75.561802,6.31196],[-75.561832,6.31195],[-75.561879,6.311941],[-75.561912,6.311939],[-75.561953,6.311942],[-75.561979,6.311946],[-75.562104,6.31196],[-75.562127,6.311966],[-75.562141,6.31197],[-75.562168,6.311978],[-75.562204,6.311988],[-75.56223,6.311988],[-75.562235,6.311988],[-75.562236,6.311988],[-75.562292,6.311962],[-75.562318,6.311949],[-75.562335,6.311941],[-75.562361,6.311928],[-75.562408,6.31191],[-75.562435,6.311904],[-75.56246,6.3119],[-75.562487,6.3119],[-75.562533,6.311908],[-75.562572,6.31192],[-75.562598,6.311932],[-75.562694,6.31197],[-75.562703,6.311974],[-75.56272,6.311981],[-75.562746,6.311991],[-75.562775,6.312001],[-75.562806,6.312007],[-75.562834,6.312012],[-75.562872,6.31202],[-75.562925,6.312032],[-75.562978,6.312041],[-75.563005,6.312043],[-75.563044,6.312042],[-75.563086,6.312042],[-75.563117,6.312038],[-75.563145,6.312029],[-75.56317,6.312021],[-75.563181,6.312018],[-75.563195,6.312013],[-75.563232,6.312002],[-75.563262,6.311994],[-75.563296,6.311985],[-75.563299,6.311985],[-75.563311,6.311982],[-75.563342,6.31198],[-75.563382,6.31198],[-75.563439,6.311987],[-75.563457,6.311991],[-75.563471,6.311994],[-75.563553,6.312],[-75.563648,6.312004],[-75.563701,6.312007],[-75.563732,6.312008],[-75.563749,6.312008],[-75.563757,6.312009],[-75.563798,6.312009],[-75.563832,6.312015],[-75.563858,6.312018],[-75.563898,6.312017],[-75.563928,6.312003],[-75.563961,6.311985],[-75.563991,6.311965],[-75.563995,6.311962],[-75.564023,6.311941],[-75.564097,6.311889],[-75.564139,6.311871],[-75.564184,6.311861],[-75.564222,6.311855],[-75.564261,6.311855],[-75.564301,6.311855],[-75.564348,6.311857],[-75.564391,6.311861],[-75.564427,6.311863],[-75.564458,6.311868],[-75.564488,6.311877],[-75.564523,6.311894],[-75.564553,6.311912],[-75.564591,6.311936],[-75.564623,6.311959],[-75.564646,6.311977],[-75.564675,6.312003],[-75.564677,6.312006],[-75.564698,6.312029],[-75.564728,6.31206],[-75.564764,6.312094],[-75.564802,6.312116],[-75.564831,6.312124],[-75.564873,6.312131],[-75.564904,6.312134],[-75.564916,6.312134],[-75.564968,6.312148],[-75.565002,6.31216],[-75.565011,6.312163],[-75.565013,6.312163],[-75.565055,6.312173],[-75.565101,6.312192],[-75.565146,6.312223],[-75.565187,6.312267],[-75.565223,6.312324],[-75.565312,6.312362],[-75.565367,6.312398],[-75.565412,6.312434],[-75.565448,6.31247],[-75.565455,6.31248],[-75.565475,6.312506],[-75.565556,6.31257],[-75.565584,6.312588],[-75.565665,6.312606],[-75.565677,6.312606],[-75.56571,6.312606],[-75.565755,6.312615],[-75.565809,6.312642],[-75.565855,6.31266],[-75.565955,6.312727],[-75.565963,6.312732],[-75.565999,6.31276],[-75.566044,6.312787],[-75.566081,6.312805],[-75.566126,6.312805],[-75.566162,6.312805],[-75.566288,6.312769],[-75.566325,6.31276],[-75.566325,6.312759],[-75.566361,6.31275],[-75.566578,6.312687],[-75.566605,6.312678],[-75.566605,6.312678],[-75.566632,6.312669],[-75.566659,6.312656],[-75.56674,6.312615],[-75.566786,6.312597],[-75.566831,6.312579],[-75.566867,6.31257],[-75.566921,6.31257],[-75.567002,6.312597],[-75.567048,6.312606],[-75.567049,6.312606],[-75.567084,6.312615],[-75.567174,6.312624],[-75.567219,6.312615],[-75.567274,6.312597],[-75.567301,6.312579],[-75.567346,6.312552],[-75.567391,6.312488],[-75.567397,6.31248],[-75.567418,6.312452],[-75.567445,6.312434],[-75.567481,6.312407],[-75.567518,6.312398],[-75.567635,6.31238],[-75.567671,6.312362],[-75.567707,6.312344],[-75.567738,6.312312],[-75.567757,6.31229],[-75.567759,6.312284],[-75.567761,6.312278],[-75.567765,6.312264],[-75.567764,6.312229],[-75.567759,6.312199],[-75.567765,6.312167],[-75.567798,6.312123],[-75.567824,6.31211],[-75.567867,6.312097],[-75.56791,6.312104],[-75.567957,6.312114],[-75.567997,6.312128],[-75.568031,6.312151],[-75.568048,6.312165],[-75.568079,6.31219],[-75.568117,6.312212],[-75.568155,6.312232],[-75.568185,6.312244],[-75.568262,6.312263],[-75.568339,6.312269],[-75.568428,6.31227],[-75.568497,6.312271],[-75.568559,6.312263],[-75.568612,6.312251],[-75.568673,6.312229],[-75.568714,6.312217],[-75.568747,6.312201],[-75.56878,6.312184],[-75.568803,6.312166],[-75.568833,6.312142],[-75.568871,6.312087],[-75.56891,6.312036],[-75.568933,6.312009],[-75.568952,6.31198],[-75.568977,6.311939],[-75.568996,6.311912],[-75.569016,6.31187],[-75.569021,6.311858],[-75.56904,6.31182],[-75.569065,6.311781],[-75.569079,6.311755],[-75.569103,6.311717],[-75.569121,6.311697],[-75.569151,6.311665],[-75.569155,6.311661],[-75.569175,6.311637],[-75.56921,6.311596],[-75.569243,6.311552],[-75.569266,6.31152],[-75.569289,6.311464],[-75.569297,6.311446],[-75.569314,6.311409],[-75.569331,6.311393],[-75.569338,6.311386],[-75.569342,6.311378],[-75.569366,6.311339],[-75.569375,6.311329],[-75.56939,6.311314],[-75.569435,6.311246],[-75.569446,6.311227],[-75.569454,6.311211],[-75.569473,6.311182],[-75.569486,6.311168],[-75.569494,6.311159],[-75.569517,6.311128],[-75.569546,6.311079],[-75.569562,6.311046],[-75.56957,6.311031],[-75.569589,6.310997],[-75.569608,6.310967],[-75.569634,6.310941],[-75.569657,6.310906],[-75.569678,6.310881],[-75.569709,6.310862],[-75.569748,6.310838],[-75.569789,6.310831],[-75.569832,6.310831],[-75.569878,6.310837],[-75.569932,6.310838],[-75.569981,6.310842],[-75.570021,6.310845],[-75.570047,6.310847],[-75.570055,6.310846],[-75.570075,6.310844],[-75.570093,6.310847],[-75.570102,6.310848],[-75.570135,6.310853],[-75.570183,6.310856],[-75.570228,6.310857],[-75.570272,6.310856],[-75.570316,6.310857],[-75.570374,6.31085],[-75.570393,6.310843],[-75.570417,6.310835],[-75.570478,6.310836],[-75.570488,6.310836],[-75.570529,6.310836],[-75.570569,6.310828],[-75.570595,6.310821],[-75.570615,6.310815],[-75.570688,6.310802],[-75.570722,6.310799],[-75.570726,6.310798],[-75.570768,6.310792],[-75.570812,6.310786],[-75.570846,6.310778],[-75.570876,6.310771],[-75.570927,6.31075],[-75.570985,6.310719],[-75.571042,6.31068],[-75.571065,6.310653],[-75.57107,6.310648],[-75.571115,6.310593],[-75.571156,6.310568],[-75.571186,6.310555],[-75.571191,6.310552],[-75.571203,6.310547],[-75.571212,6.310546],[-75.571244,6.310544],[-75.571283,6.310531],[-75.57132,6.310511],[-75.571321,6.31051],[-75.571359,6.31048],[-75.571402,6.310461],[-75.571446,6.310459],[-75.57148,6.310467],[-75.571512,6.310472],[-75.571545,6.310486],[-75.571583,6.310514],[-75.57161,6.310538],[-75.571627,6.310566],[-75.571632,6.310607],[-75.571629,6.310625],[-75.571627,6.310637],[-75.571627,6.310668],[-75.571638,6.310726],[-75.571646,6.310755],[-75.57167,6.310776],[-75.571699,6.310789],[-75.571728,6.310814],[-75.571736,6.310826],[-75.571747,6.310841],[-75.571762,6.310887],[-75.57179,6.310913],[-75.57183,6.310933],[-75.571858,6.310935],[-75.571887,6.31093],[-75.571933,6.310912],[-75.571967,6.310902],[-75.572001,6.310898],[-75.572033,6.310893],[-75.572056,6.310875],[-75.572088,6.310844],[-75.572145,6.310784],[-75.572165,6.310766],[-75.572167,6.310763],[-75.57218,6.310745],[-75.572225,6.310705],[-75.572247,6.310689],[-75.572271,6.310672],[-75.572309,6.31066],[-75.572357,6.310659],[-75.572401,6.310668],[-75.572408,6.31067],[-75.572436,6.310676],[-75.57249,6.31068],[-75.572543,6.310698],[-75.572572,6.310685],[-75.572586,6.310675],[-75.572595,6.310668],[-75.572605,6.310663],[-75.572623,6.310653],[-75.572627,6.31065],[-75.57266,6.310632],[-75.572693,6.310614],[-75.572694,6.310614],[-75.572731,6.310602],[-75.572759,6.310599],[-75.572764,6.310599],[-75.572772,6.310599],[-75.572788,6.310599],[-75.572816,6.310604],[-75.572838,6.310622],[-75.572864,6.310649],[-75.57287,6.310656],[-75.572889,6.310676],[-75.572921,6.310697],[-75.572947,6.310708],[-75.572977,6.31071],[-75.573007,6.31071],[-75.57304,6.310711],[-75.573066,6.310711],[-75.573095,6.310711],[-75.573129,6.310708],[-75.573135,6.310707],[-75.573177,6.310701],[-75.573246,6.310703],[-75.57334,6.310709],[-75.573347,6.310714],[-75.573351,6.310717],[-75.573364,6.310725],[-75.573388,6.310742],[-75.5734,6.31075],[-75.573412,6.310757],[-75.573436,6.310772],[-75.573462,6.310785],[-75.573497,6.310801],[-75.573525,6.310809],[-75.573554,6.31081],[-75.573593,6.310811],[-75.573632,6.310811],[-75.573734,6.310806],[-75.573758,6.310792],[-75.573785,6.310765],[-75.573785,6.310765],[-75.573805,6.310743],[-75.573825,6.310722],[-75.573845,6.310702],[-75.573868,6.310684],[-75.573902,6.31067],[-75.57394,6.310668],[-75.573978,6.310671],[-75.574007,6.310672],[-75.574036,6.310673],[-75.574064,6.310673],[-75.574095,6.310679],[-75.57414,6.310711],[-75.574167,6.310731],[-75.574195,6.310733],[-75.574225,6.310733],[-75.574253,6.310731],[-75.574281,6.310725],[-75.57431,6.31072],[-75.57434,6.31072],[-75.574368,6.310728],[-75.574376,6.31073],[-75.574395,6.310737],[-75.574423,6.310744],[-75.574452,6.310745],[-75.574474,6.310742],[-75.57448,6.310741],[-75.574508,6.310732],[-75.574536,6.310721],[-75.574645,6.310752],[-75.574652,6.310757],[-75.574658,6.310762],[-75.574668,6.31077],[-75.574681,6.310781],[-75.574689,6.310789],[-75.574711,6.310807],[-75.574746,6.310822],[-75.574783,6.310819],[-75.57482,6.31081],[-75.574848,6.310803],[-75.574876,6.310797],[-75.57491,6.310793],[-75.574914,6.310793],[-75.574943,6.31079],[-75.574972,6.310789],[-75.575011,6.310786],[-75.575051,6.310791],[-75.57508,6.310798],[-75.575089,6.3108],[-75.575122,6.310802],[-75.575127,6.310802],[-75.575166,6.310803],[-75.57518,6.310806],[-75.575197,6.31081],[-75.575215,6.310811],[-75.57523,6.310812],[-75.575267,6.310817],[-75.575304,6.310825],[-75.575332,6.310832],[-75.57534,6.310835],[-75.575359,6.31084],[-75.575387,6.310846],[-75.575416,6.310849],[-75.575449,6.310857],[-75.575492,6.310881],[-75.575518,6.310907],[-75.575534,6.310924],[-75.575545,6.310935],[-75.575573,6.310957],[-75.575606,6.31098],[-75.575639,6.310998],[-75.575677,6.311013],[-75.575714,6.311014],[-75.57575,6.311002],[-75.575775,6.310975],[-75.575791,6.31094],[-75.575804,6.310914],[-75.575824,6.310894],[-75.575867,6.310888],[-75.575898,6.310902],[-75.575978,6.310982],[-75.576001,6.311013],[-75.576017,6.311031],[-75.576026,6.31104],[-75.576052,6.311068],[-75.576072,6.311089],[-75.576093,6.311107],[-75.576129,6.311116],[-75.576165,6.311123],[-75.576202,6.31113],[-75.576239,6.311136],[-75.576266,6.311142],[-75.576278,6.311145],[-75.576284,6.311147],[-75.576315,6.311156],[-75.576347,6.311168],[-75.576484,6.311196],[-75.576519,6.311183],[-75.576546,6.311175],[-75.576574,6.311169],[-75.576602,6.311163],[-75.576627,6.311149],[-75.57665,6.31112],[-75.576666,6.311097],[-75.576681,6.311074],[-75.576684,6.311035],[-75.576685,6.311027],[-75.576688,6.311011],[-75.576688,6.311006],[-75.576698,6.310979],[-75.576714,6.310943],[-75.576733,6.310911],[-75.576765,6.310893],[-75.576797,6.310887],[-75.576925,6.31081],[-75.576955,6.310788],[-75.576984,6.310763],[-75.577014,6.31074],[-75.577037,6.310721],[-75.577064,6.310711],[-75.577102,6.310706],[-75.577141,6.310705],[-75.577178,6.310715],[-75.577209,6.310737],[-75.57721,6.310737],[-75.57724,6.310747],[-75.577274,6.310747],[-75.577322,6.310748],[-75.577358,6.310749],[-75.577453,6.310719],[-75.577463,6.310709],[-75.577473,6.310699],[-75.577485,6.310691],[-75.577496,6.310684],[-75.577522,6.310675],[-75.577522,6.310675],[-75.577526,6.310675],[-75.57755,6.31068],[-75.577558,6.310682],[-75.577588,6.310694],[-75.577593,6.310696],[-75.577596,6.310697],[-75.57763,6.310704],[-75.577669,6.310702],[-75.577703,6.310686],[-75.577775,6.310584],[-75.577787,6.310559],[-75.577794,6.310548],[-75.577802,6.310534],[-75.577827,6.31052],[-75.577855,6.310512],[-75.577874,6.310511],[-75.577884,6.31051],[-75.577912,6.310507],[-75.577945,6.310489],[-75.577977,6.31047],[-75.578015,6.310467],[-75.578052,6.310476],[-75.57807,6.310479],[-75.57808,6.310481],[-75.578089,6.310481],[-75.578091,6.310481],[-75.57811,6.310482],[-75.578148,6.310484],[-75.578256,6.310455],[-75.578282,6.310442],[-75.578314,6.310422],[-75.57833,6.310412],[-75.578346,6.310402],[-75.578371,6.310388],[-75.578399,6.310377],[-75.578435,6.310369],[-75.578463,6.310365],[-75.578491,6.310365],[-75.578517,6.310373],[-75.578541,6.31039],[-75.578561,6.310404],[-75.578572,6.310411],[-75.578601,6.310424],[-75.578627,6.310422],[-75.578693,6.310414],[-75.57872,6.310404],[-75.57875,6.31039],[-75.579003,6.31016],[-75.579094,6.310082],[-75.579135,6.310073],[-75.579143,6.310074],[-75.579169,6.310078],[-75.579195,6.310082],[-75.579245,6.310074],[-75.57929,6.31007],[-75.579316,6.310049],[-75.579337,6.310018],[-75.579355,6.309987],[-75.579362,6.309974],[-75.579389,6.309934],[-75.579426,6.309912],[-75.579461,6.309904],[-75.579486,6.309901],[-75.579495,6.3099],[-75.579544,6.309895],[-75.579586,6.309886],[-75.579623,6.309864],[-75.579635,6.309856],[-75.579664,6.309836],[-75.579689,6.309821],[-75.579726,6.309797],[-75.579746,6.309785],[-75.579749,6.309783],[-75.579794,6.309768],[-75.579831,6.309765],[-75.579844,6.309764],[-75.579868,6.309762],[-75.579904,6.309762],[-75.579949,6.309758],[-75.579993,6.309746],[-75.580035,6.309718],[-75.580057,6.309707],[-75.580071,6.3097],[-75.580075,6.309698],[-75.580104,6.309686],[-75.580133,6.309669],[-75.58018,6.309641],[-75.580188,6.309616],[-75.580191,6.309604],[-75.580197,6.309583],[-75.580198,6.309583],[-75.58031,6.309558],[-75.580351,6.309548],[-75.58038,6.309549],[-75.580399,6.309549],[-75.580436,6.309539],[-75.58046,6.309529],[-75.580511,6.309514],[-75.580552,6.309504],[-75.580584,6.309492],[-75.580615,6.309477],[-75.580649,6.309451],[-75.580688,6.309437],[-75.580719,6.309418],[-75.580746,6.30939],[-75.580754,6.309375],[-75.580762,6.309359],[-75.580793,6.309318],[-75.580834,6.309291],[-75.580839,6.309288],[-75.580867,6.309271],[-75.58097,6.309204],[-75.58117,6.309123],[-75.581334,6.309056],[-75.58166,6.308924],[-75.58169,6.308925],[-75.581733,6.308934],[-75.581764,6.308955],[-75.581775,6.308964],[-75.581784,6.308974],[-75.581806,6.308991],[-75.58183,6.309006],[-75.581858,6.309019],[-75.58189,6.309034],[-75.581894,6.309035],[-75.581921,6.309039],[-75.581926,6.30904],[-75.58193,6.309039],[-75.581962,6.309029],[-75.581998,6.309024],[-75.582025,6.309032],[-75.582052,6.309038],[-75.582075,6.309053],[-75.582091,6.309077],[-75.582122,6.309097],[-75.58215,6.309095],[-75.582164,6.309093],[-75.582178,6.309091],[-75.582206,6.30909],[-75.582238,6.309106],[-75.582246,6.309112],[-75.582262,6.309122],[-75.582268,6.309122],[-75.582289,6.309121],[-75.582326,6.30912],[-75.582354,6.309143],[-75.582361,6.309154],[-75.582376,6.309175],[-75.582404,6.309207],[-75.582436,6.309228],[-75.58247,6.30924],[-75.582494,6.309254],[-75.582519,6.309268],[-75.582533,6.309272],[-75.582543,6.309276],[-75.582554,6.30928],[-75.582581,6.309287],[-75.582607,6.309299],[-75.582639,6.309304],[-75.582684,6.309311],[-75.582811,6.309341],[-75.58282,6.309343],[-75.582894,6.309362],[-75.582931,6.309371],[-75.582968,6.309377],[-75.583005,6.309381],[-75.583043,6.309378],[-75.583079,6.309368],[-75.583105,6.309356],[-75.58313,6.309343],[-75.583148,6.309334],[-75.583156,6.30933],[-75.583336,6.309217],[-75.583378,6.309203],[-75.583414,6.309192],[-75.583442,6.309195],[-75.583466,6.30921],[-75.583503,6.309238],[-75.583522,6.30925],[-75.583544,6.309263],[-75.583569,6.309275],[-75.583596,6.309283],[-75.583634,6.309288],[-75.583662,6.309289],[-75.583699,6.309289],[-75.583727,6.309286],[-75.583756,6.309285],[-75.583783,6.309279],[-75.583796,6.309271],[-75.583807,6.309264],[-75.583834,6.309255],[-75.583878,6.309239],[-75.583905,6.309232],[-75.583933,6.309228],[-75.583961,6.309226],[-75.58399,6.309226],[-75.584018,6.309228],[-75.584065,6.309225],[-75.584093,6.309223],[-75.584122,6.309221],[-75.58415,6.309223],[-75.584187,6.309227],[-75.584224,6.309234],[-75.584252,6.309238],[-75.584279,6.309247],[-75.584328,6.309274],[-75.584336,6.30928],[-75.584358,6.309297],[-75.58439,6.309315],[-75.584427,6.309326],[-75.584464,6.309327],[-75.584512,6.309321],[-75.584525,6.309313],[-75.584531,6.309309],[-75.58456,6.309291],[-75.584602,6.309269],[-75.584607,6.309267],[-75.584636,6.309251],[-75.58466,6.309236],[-75.584687,6.309226],[-75.584724,6.309232],[-75.584753,6.309254],[-75.584766,6.309269],[-75.584778,6.309283],[-75.584798,6.309289],[-75.584894,6.309319],[-75.584894,6.309319],[-75.584929,6.309315],[-75.584932,6.309315],[-75.584944,6.309315],[-75.584952,6.309315],[-75.58497,6.309315],[-75.584998,6.309321],[-75.585024,6.30933],[-75.585057,6.309348],[-75.585098,6.309372],[-75.585121,6.309389],[-75.585144,6.309419],[-75.58516,6.309443],[-75.585181,6.309475],[-75.585182,6.309477],[-75.585201,6.309507],[-75.585219,6.30953],[-75.585238,6.30955],[-75.585255,6.309574],[-75.58528,6.309615],[-75.585298,6.309637],[-75.585329,6.309657],[-75.58537,6.309679],[-75.585411,6.309704],[-75.585436,6.309718],[-75.585462,6.309729],[-75.585475,6.309736],[-75.585496,6.309745],[-75.585499,6.309747],[-75.58551,6.309754],[-75.58552,6.309759],[-75.585528,6.309765],[-75.585542,6.309776],[-75.585567,6.309789],[-75.585593,6.309799],[-75.58562,6.309808],[-75.585658,6.309814],[-75.585685,6.309812],[-75.58572,6.309807],[-75.585723,6.309807],[-75.585759,6.309798],[-75.585774,6.309799],[-75.585781,6.309799],[-75.585788,6.309799],[-75.585813,6.30981],[-75.585838,6.309824],[-75.585863,6.309837],[-75.585898,6.309852],[-75.585928,6.309875],[-75.585939,6.309885],[-75.585944,6.30989],[-75.585955,6.3099],[-75.58596,6.30991],[-75.585971,6.309934],[-75.585974,6.309941],[-75.585985,6.309964],[-75.585987,6.309968],[-75.585987,6.309968],[-75.586012,6.309997],[-75.586044,6.310016],[-75.586071,6.310025],[-75.586099,6.310027],[-75.586136,6.310028],[-75.586173,6.310028],[-75.58621,6.310031],[-75.586247,6.310026],[-75.586293,6.310022],[-75.586319,6.310017],[-75.58632,6.310016],[-75.586356,6.310006],[-75.586446,6.31],[-75.586481,6.309997],[-75.586471,6.309962],[-75.586461,6.309936],[-75.586468,6.309899],[-75.58649,6.30987],[-75.586512,6.309852],[-75.586528,6.309831],[-75.586526,6.309802],[-75.586516,6.309776],[-75.5865,6.309743],[-75.586491,6.309716],[-75.58649,6.309688],[-75.586499,6.309653],[-75.586517,6.309619],[-75.586536,6.309586],[-75.586549,6.309549],[-75.586562,6.309512],[-75.586572,6.309471],[-75.586564,6.309436],[-75.586551,6.30941],[-75.586536,6.309383],[-75.586532,6.309356],[-75.586536,6.309329],[-75.586533,6.309291],[-75.586522,6.309265],[-75.586506,6.309242],[-75.586489,6.309219],[-75.586471,6.309194],[-75.586444,6.309171],[-75.586409,6.309153],[-75.586374,6.309137],[-75.586337,6.309123],[-75.586302,6.309104],[-75.58628,6.309076],[-75.586287,6.309041],[-75.586309,6.30901],[-75.586333,6.308993],[-75.586357,6.308956],[-75.586366,6.308929],[-75.586376,6.308891],[-75.58639,6.308855],[-75.586403,6.308829],[-75.586419,6.308804],[-75.586443,6.308772],[-75.58646,6.308748],[-75.586468,6.308721],[-75.586471,6.308682],[-75.586469,6.308652],[-75.586466,6.308623],[-75.586467,6.308594],[-75.58647,6.308564],[-75.586473,6.308525],[-75.586473,6.308486],[-75.586472,6.308447],[-75.586472,6.308418],[-75.586473,6.308389],[-75.586473,6.308348],[-75.586478,6.30831],[-75.586485,6.308283],[-75.586492,6.308255],[-75.586503,6.308218],[-75.586515,6.30819],[-75.58653,6.308163],[-75.586544,6.308138],[-75.586556,6.308112],[-75.586565,6.308075],[-75.586578,6.30804],[-75.586592,6.308004],[-75.58661,6.307971],[-75.586638,6.307945],[-75.586655,6.307924],[-75.586669,6.307898],[-75.586687,6.307874],[-75.586706,6.307853],[-75.586736,6.307829],[-75.586757,6.307806],[-75.586777,6.307785],[-75.586799,6.307763],[-75.586821,6.307744],[-75.586855,6.307723],[-75.586887,6.307704],[-75.586946,6.307679],[-75.586929,6.30762],[-75.586942,6.307561],[-75.586904,6.307536],[-75.586886,6.307518],[-75.586879,6.307493],[-75.586859,6.307473],[-75.586828,6.307424],[-75.586806,6.307393],[-75.586785,6.307362],[-75.586762,6.307333],[-75.586738,6.307304],[-75.586719,6.307284],[-75.586699,6.307262],[-75.58667,6.307238],[-75.586637,6.307219],[-75.58661,6.307209],[-75.586583,6.307204],[-75.586557,6.307195],[-75.586536,6.307175],[-75.586518,6.307153],[-75.586487,6.307117],[-75.586461,6.307087],[-75.586416,6.307061],[-75.586375,6.307071],[-75.586347,6.307066],[-75.586324,6.307054],[-75.586288,6.307033],[-75.58625,6.307051],[-75.586211,6.307041],[-75.586169,6.307026],[-75.586135,6.30701],[-75.586101,6.306997],[-75.586058,6.306996],[-75.586044,6.306964],[-75.586035,6.306938],[-75.586035,6.30691],[-75.586045,6.306883],[-75.586061,6.306848],[-75.586074,6.306813],[-75.586062,6.306779],[-75.586034,6.306753],[-75.586007,6.306745],[-75.585979,6.306751],[-75.585951,6.306756],[-75.585923,6.306764],[-75.585886,6.306774],[-75.585847,6.306779],[-75.585808,6.306782],[-75.58577,6.306782],[-75.585733,6.306774],[-75.585699,6.306757],[-75.585676,6.30674],[-75.585657,6.306719],[-75.585656,6.306686],[-75.585681,6.306658],[-75.585705,6.306627],[-75.585749,6.306539],[-75.585766,6.306469],[-75.58578,6.306432],[-75.585794,6.306405],[-75.585809,6.30638],[-75.58583,6.306362],[-75.585856,6.306349],[-75.585893,6.306338],[-75.585921,6.30633],[-75.585947,6.30632],[-75.585973,6.306308],[-75.585995,6.306292],[-75.586017,6.306262],[-75.586021,6.306224],[-75.586012,6.306187],[-75.585995,6.306154],[-75.585968,6.306127],[-75.585941,6.306116],[-75.585912,6.306116],[-75.585874,6.306113],[-75.58585,6.3061],[-75.585835,6.306075],[-75.585832,6.306048],[-75.585816,6.306025],[-75.585785,6.305976],[-75.585778,6.30594],[-75.58579,6.305914],[-75.58581,6.305893],[-75.585839,6.305868],[-75.585856,6.305845],[-75.585862,6.305816],[-75.58587,6.30576],[-75.585885,6.305726],[-75.585901,6.305676],[-75.585895,6.305633],[-75.585867,6.305604],[-75.585818,6.305619],[-75.585792,6.305631],[-75.58576,6.305622],[-75.585744,6.305597],[-75.585746,6.305569],[-75.585748,6.305541],[-75.585748,6.305512],[-75.585732,6.305478],[-75.585716,6.305443],[-75.585708,6.305414],[-75.585698,6.305366],[-75.585689,6.305326],[-75.585678,6.305296],[-75.585665,6.305269],[-75.585645,6.305236],[-75.585615,6.305214],[-75.584641,6.305121],[-75.584627,6.305095],[-75.58461,6.305066],[-75.584586,6.305024],[-75.584572,6.304991],[-75.584509,6.304894],[-75.584492,6.304845],[-75.584251,6.304837],[-75.584193,6.30481],[-75.584143,6.3048],[-75.584141,6.304761],[-75.584136,6.304732],[-75.58413,6.304703],[-75.584122,6.304666],[-75.584112,6.304629],[-75.584107,6.304591],[-75.584097,6.304554],[-75.584085,6.304528],[-75.584073,6.304502],[-75.584052,6.304471],[-75.584002,6.304389],[-75.583991,6.304362],[-75.58398,6.304337],[-75.583959,6.304306],[-75.583942,6.304272],[-75.583939,6.304234],[-75.583936,6.304196],[-75.583927,6.304159],[-75.583922,6.30413],[-75.583915,6.304102],[-75.583908,6.304074],[-75.583896,6.304048],[-75.583889,6.304013],[-75.583893,6.303986],[-75.583891,6.303938],[-75.583898,6.303902],[-75.583907,6.303865],[-75.583913,6.303829],[-75.583926,6.303794],[-75.583934,6.303759],[-75.583919,6.303725],[-75.583918,6.303697],[-75.583924,6.30367],[-75.583931,6.303633],[-75.583941,6.303597],[-75.583951,6.303557],[-75.583965,6.303525],[-75.583974,6.303488],[-75.583967,6.303462],[-75.583956,6.303436],[-75.583952,6.303408],[-75.58395,6.30338],[-75.583944,6.303339],[-75.583936,6.303305],[-75.583926,6.303278],[-75.583916,6.303252],[-75.583899,6.303218],[-75.583886,6.303193],[-75.583878,6.303166],[-75.583875,6.303128],[-75.583897,6.30308],[-75.583921,6.30305],[-75.58395,6.303025],[-75.583981,6.303004],[-75.584047,6.302963],[-75.584073,6.302948],[-75.584098,6.302932],[-75.584123,6.302916],[-75.584255,6.302838],[-75.584276,6.302808],[-75.584287,6.302773],[-75.584292,6.302734],[-75.584288,6.302698],[-75.584274,6.302675],[-75.584264,6.302648],[-75.584253,6.302621],[-75.584248,6.302592],[-75.584252,6.302565],[-75.584259,6.302537],[-75.584271,6.302511],[-75.58429,6.30249],[-75.584319,6.302468],[-75.584348,6.302446],[-75.584548,6.302533],[-75.584865,6.302671],[-75.584893,6.302647],[-75.584915,6.302632],[-75.584939,6.302614],[-75.58496,6.302595],[-75.584987,6.302569],[-75.585008,6.302529],[-75.585018,6.302486],[-75.585036,6.302451],[-75.585061,6.302423],[-75.585081,6.302402],[-75.585099,6.302382],[-75.58512,6.302356],[-75.585133,6.302332],[-75.585147,6.302297],[-75.585157,6.302267],[-75.58569,6.302525],[-75.585726,6.302522],[-75.585779,6.30251],[-75.585822,6.302497],[-75.585866,6.302475],[-75.585901,6.302465],[-75.585945,6.302451],[-75.585977,6.302438],[-75.586009,6.30242],[-75.586036,6.302395],[-75.586047,6.302364],[-75.586068,6.302333],[-75.58609,6.302314],[-75.586112,6.302299],[-75.586128,6.302277],[-75.586134,6.302251],[-75.586144,6.302217],[-75.586171,6.302181],[-75.586198,6.302152],[-75.586217,6.302128],[-75.586234,6.302102],[-75.58625,6.302077],[-75.586266,6.302047],[-75.586284,6.302015],[-75.586297,6.301988],[-75.586309,6.301956],[-75.586321,6.301926],[-75.586343,6.301897],[-75.586366,6.301877],[-75.586392,6.30186],[-75.586415,6.301841],[-75.586429,6.301817],[-75.586428,6.301791],[-75.586409,6.301758],[-75.586394,6.301729],[-75.586399,6.301689],[-75.586379,6.301655],[-75.586342,6.30164],[-75.586298,6.301634],[-75.586265,6.30163],[-75.586241,6.301623],[-75.586219,6.301606],[-75.586205,6.301574],[-75.586201,6.301543],[-75.586192,6.301515],[-75.58618,6.301487],[-75.586175,6.301445],[-75.58619,6.301419],[-75.586261,6.301388],[-75.586288,6.301384],[-75.586319,6.30138],[-75.586348,6.301376],[-75.586394,6.301369],[-75.586431,6.30136],[-75.586456,6.301345],[-75.586479,6.30133],[-75.586505,6.301289],[-75.586539,6.301226],[-75.586559,6.301195],[-75.586586,6.301175],[-75.586581,6.301129],[-75.58655,6.301072],[-75.586531,6.301046],[-75.586517,6.301016],[-75.586505,6.300991],[-75.58649,6.300966],[-75.586494,6.30093],[-75.586518,6.300901],[-75.58654,6.30087],[-75.586553,6.300845],[-75.586573,6.300816],[-75.586593,6.300789],[-75.586611,6.300762],[-75.58663,6.300734],[-75.586657,6.300709],[-75.586691,6.300681],[-75.586715,6.300654],[-75.586728,6.300622],[-75.586736,6.300591],[-75.586746,6.300564],[-75.586762,6.300534],[-75.586031,6.300058],[-75.586044,6.300035],[-75.586072,6.300016],[-75.586086,6.29999],[-75.586088,6.299963],[-75.586075,6.29993],[-75.586075,6.299894],[-75.586077,6.299841],[-75.586084,6.299801],[-75.586096,6.299769],[-75.586105,6.299742],[-75.586116,6.299705],[-75.586128,6.299663],[-75.586142,6.299621],[-75.586147,6.299585],[-75.58614,6.299551],[-75.586124,6.299501],[-75.58613,6.299458],[-75.586142,6.299425],[-75.58617,6.299389],[-75.586215,6.299361],[-75.586248,6.299332],[-75.58628,6.299292],[-75.5863,6.299267],[-75.586318,6.299239],[-75.586336,6.299211],[-75.586355,6.299184],[-75.586374,6.299156],[-75.58639,6.29913],[-75.586415,6.299118],[-75.586449,6.299125],[-75.586473,6.299138],[-75.586503,6.299147],[-75.586535,6.299149],[-75.586563,6.299146],[-75.58659,6.29913],[-75.586573,6.29909],[-75.586564,6.299063],[-75.586546,6.299023],[-75.586532,6.298979],[-75.586529,6.298942],[-75.58654,6.298905],[-75.586556,6.298871],[-75.586576,6.298836],[-75.586594,6.298806],[-75.586613,6.298777],[-75.58664,6.29875],[-75.586667,6.298722],[-75.586692,6.298687],[-75.586713,6.298651],[-75.586733,6.298631],[-75.586753,6.298613],[-75.586788,6.298601],[-75.586829,6.298588],[-75.586851,6.298554],[-75.586886,6.298537],[-75.586919,6.298521],[-75.586945,6.298499],[-75.586961,6.298479],[-75.586959,6.298444],[-75.58693,6.298435],[-75.586877,6.29835],[-75.586835,6.2983],[-75.586795,6.298271],[-75.586698,6.298228],[-75.586669,6.298229],[-75.586637,6.29824],[-75.586602,6.298263],[-75.586549,6.298306],[-75.586497,6.298351],[-75.586441,6.298391],[-75.586394,6.298421],[-75.586359,6.298423],[-75.586347,6.298383],[-75.586354,6.298345],[-75.586378,6.298312],[-75.586403,6.298276],[-75.586419,6.298253],[-75.586436,6.298228],[-75.586456,6.298193],[-75.586468,6.29816],[-75.586479,6.298134],[-75.5865,6.298104],[-75.586526,6.298083],[-75.586555,6.298067],[-75.586583,6.298057],[-75.586608,6.298049],[-75.586633,6.298042],[-75.586675,6.298031],[-75.586717,6.298014],[-75.586748,6.297995],[-75.586766,6.297975],[-75.586782,6.297952],[-75.586803,6.297925],[-75.586838,6.297906],[-75.58688,6.297918],[-75.586916,6.297927],[-75.586869,6.297832],[-75.586848,6.297799],[-75.586822,6.297772],[-75.586798,6.297754],[-75.586771,6.297738],[-75.586743,6.297722],[-75.586717,6.297715],[-75.58668,6.297709],[-75.586652,6.297702],[-75.586625,6.297694],[-75.586593,6.297672],[-75.586567,6.297634],[-75.58655,6.297591],[-75.586532,6.297537],[-75.586522,6.297509],[-75.58651,6.297474],[-75.586497,6.297438],[-75.586488,6.297412],[-75.586477,6.297385],[-75.586466,6.297357],[-75.586454,6.297331],[-75.58644,6.297297],[-75.586426,6.297261],[-75.586407,6.297218],[-75.586397,6.297191],[-75.586383,6.297156],[-75.586375,6.297128],[-75.586366,6.297101],[-75.586357,6.297075],[-75.58635,6.297048],[-75.586348,6.297013],[-75.586382,6.29701],[-75.58641,6.296984],[-75.586428,6.296967],[-75.586445,6.296934],[-75.586452,6.296902],[-75.586461,6.296873],[-75.586472,6.296849],[-75.586488,6.296828],[-75.586513,6.296811],[-75.586536,6.296798],[-75.58656,6.296775],[-75.586583,6.296745],[-75.586604,6.296719],[-75.586638,6.296694],[-75.586673,6.296681],[-75.586697,6.296667],[-75.586714,6.296644],[-75.586737,6.296627],[-75.58676,6.296609],[-75.586781,6.296593],[-75.586805,6.296577],[-75.586829,6.296564],[-75.586854,6.29655],[-75.586885,6.296543],[-75.586931,6.296521],[-75.586961,6.296494],[-75.586975,6.29646],[-75.586982,6.296426],[-75.586993,6.296403],[-75.587009,6.296375],[-75.587029,6.296317],[-75.587035,6.296284],[-75.58704,6.296256],[-75.587042,6.296223],[-75.587025,6.296165],[-75.58702,6.296132],[-75.587025,6.296104],[-75.58704,6.29608],[-75.587053,6.296056],[-75.587071,6.296022],[-75.587084,6.295991],[-75.587091,6.295965],[-75.587078,6.295942],[-75.587071,6.295915],[-75.587081,6.295891],[-75.587111,6.295878],[-75.587147,6.295873],[-75.587167,6.295854],[-75.587165,6.295827],[-75.587151,6.295803],[-75.587141,6.295778],[-75.587149,6.295746],[-75.587164,6.295712],[-75.58718,6.295679],[-75.587199,6.295652],[-75.587225,6.295632],[-75.587272,6.295602],[-75.587337,6.295565],[-75.587376,6.295549],[-75.587408,6.295546],[-75.587434,6.295556],[-75.587459,6.295567],[-75.587486,6.295562],[-75.587505,6.295543],[-75.587517,6.295518],[-75.587528,6.295492],[-75.587547,6.29546],[-75.587569,6.295435],[-75.587593,6.295419],[-75.587616,6.295403],[-75.587641,6.295382],[-75.587676,6.295371],[-75.587698,6.295354],[-75.587715,6.295332],[-75.587747,6.295291],[-75.587771,6.295257],[-75.58779,6.295229],[-75.587809,6.295207],[-75.587829,6.295188],[-75.587852,6.295165],[-75.587881,6.295135],[-75.587906,6.295106],[-75.587927,6.295087],[-75.58795,6.295073],[-75.587973,6.295058],[-75.588011,6.295036],[-75.588036,6.29502],[-75.58806,6.295005],[-75.588084,6.294992],[-75.588109,6.29498],[-75.588145,6.294972],[-75.588186,6.294965],[-75.588215,6.294949],[-75.588237,6.294931],[-75.588263,6.294913],[-75.588299,6.294908],[-75.588325,6.294925],[-75.588372,6.294939],[-75.588376,6.294894],[-75.588356,6.294858],[-75.588329,6.294809],[-75.588316,6.29478],[-75.588332,6.294751],[-75.588311,6.294724],[-75.588298,6.294699],[-75.588303,6.294673],[-75.588323,6.294654],[-75.588349,6.294642],[-75.588377,6.294637],[-75.58841,6.294633],[-75.588453,6.294627],[-75.58849,6.294623],[-75.588517,6.294612],[-75.588541,6.294599],[-75.588564,6.294586],[-75.588591,6.294572],[-75.588611,6.294552],[-75.588632,6.29452],[-75.588646,6.294489],[-75.588654,6.294463],[-75.588661,6.294438],[-75.588672,6.29441],[-75.588682,6.294384],[-75.588709,6.294355],[-75.588754,6.294329],[-75.588817,6.294326],[-75.58879,6.294287],[-75.588774,6.294258],[-75.588753,6.294236],[-75.588731,6.294218],[-75.588716,6.294194],[-75.588718,6.294158],[-75.588731,6.294127],[-75.588758,6.294108],[-75.588862,6.294014],[-75.588894,6.294016],[-75.588931,6.29402],[-75.588962,6.294028],[-75.588993,6.294038],[-75.589027,6.294048],[-75.589064,6.294051],[-75.589411,6.294392],[-75.589431,6.294411],[-75.589449,6.294442],[-75.589454,6.294478],[-75.589484,6.294506],[-75.58952,6.29452],[-75.589542,6.294538],[-75.589561,6.29456],[-75.589575,6.294584],[-75.589593,6.294622],[-75.589609,6.294655],[-75.589648,6.294682],[-75.589698,6.2947],[-75.589718,6.294719],[-75.589766,6.29477],[-75.589804,6.294806],[-75.589829,6.294836],[-75.589856,6.29486],[-75.589872,6.294883],[-75.589897,6.294908],[-75.589934,6.294963],[-75.589955,6.294997],[-75.589978,6.295034],[-75.590003,6.295056],[-75.590044,6.295087],[-75.590066,6.295108],[-75.590079,6.295132],[-75.590104,6.29517],[-75.590132,6.295199],[-75.590171,6.295224],[-75.590202,6.295233],[-75.590233,6.295258],[-75.590259,6.295271],[-75.590285,6.295289],[-75.590269,6.295316],[-75.590259,6.295348],[-75.59025,6.295387],[-75.590245,6.295453],[-75.590251,6.295507],[-75.590266,6.295533],[-75.590292,6.295554],[-75.59033,6.295571],[-75.590347,6.295598],[-75.590376,6.295634],[-75.590394,6.295656],[-75.590417,6.29569],[-75.590439,6.295724],[-75.590458,6.295756],[-75.590486,6.295814],[-75.590508,6.295857],[-75.590528,6.295895],[-75.590547,6.295934],[-75.59056,6.295965],[-75.590575,6.296],[-75.590588,6.296029],[-75.5906,6.296055],[-75.59062,6.296101],[-75.590645,6.296157],[-75.590675,6.296193],[-75.590703,6.296165],[-75.590711,6.296127],[-75.590715,6.296099],[-75.590711,6.296071],[-75.590707,6.296043],[-75.590711,6.296014],[-75.590733,6.295984],[-75.590734,6.295947],[-75.590719,6.295912],[-75.590732,6.295882],[-75.59076,6.295882],[-75.590788,6.29588],[-75.590845,6.29583],[-75.590863,6.29581],[-75.590887,6.295791],[-75.590919,6.295768],[-75.590943,6.295751],[-75.590961,6.295728],[-75.590992,6.295706],[-75.591015,6.295689],[-75.591031,6.295666],[-75.591047,6.295643],[-75.591068,6.29562],[-75.591097,6.295593],[-75.591113,6.295558],[-75.591134,6.295528],[-75.59117,6.295519],[-75.591208,6.295518],[-75.591245,6.295511],[-75.591282,6.295506],[-75.591321,6.295501],[-75.591357,6.295488],[-75.591392,6.29547],[-75.591424,6.295449],[-75.591455,6.295426],[-75.591487,6.295405],[-75.591521,6.295388],[-75.591555,6.295368],[-75.591579,6.295338],[-75.591595,6.295315],[-75.59161,6.29529],[-75.591631,6.29526],[-75.591644,6.295225],[-75.591665,6.295207],[-75.591712,6.295182],[-75.591741,6.295183],[-75.591777,6.295193],[-75.591804,6.295204],[-75.591832,6.29521],[-75.591869,6.29522],[-75.5919,6.295222],[-75.591928,6.295226],[-75.591957,6.29526],[-75.591989,6.295266],[-75.592019,6.295264],[-75.592047,6.29526],[-75.592075,6.295258],[-75.592102,6.295264],[-75.592131,6.295266],[-75.592155,6.295253],[-75.592179,6.295269],[-75.592208,6.295294],[-75.592242,6.295327],[-75.592263,6.295346],[-75.592292,6.295371],[-75.592315,6.295389],[-75.592339,6.295406],[-75.592364,6.295421],[-75.59239,6.295437],[-75.592424,6.295455],[-75.592459,6.29547],[-75.592494,6.295486],[-75.592527,6.295503],[-75.592556,6.295527],[-75.592595,6.295551],[-75.592627,6.295572],[-75.592649,6.29559],[-75.592671,6.29561],[-75.592699,6.295636],[-75.592723,6.295664],[-75.592721,6.295701],[-75.592729,6.295735],[-75.59275,6.295767],[-75.592773,6.295787],[-75.592803,6.29577],[-75.592818,6.295746],[-75.592834,6.295723],[-75.59286,6.295694],[-75.592886,6.295666],[-75.592911,6.295637],[-75.592931,6.295603],[-75.59294,6.295568],[-75.592943,6.29553],[-75.592947,6.295501],[-75.592953,6.295473],[-75.592969,6.295439],[-75.592991,6.295407],[-75.593027,6.295359],[-75.593055,6.295341],[-75.593086,6.295318],[-75.593119,6.2953],[-75.593143,6.295271],[-75.593154,6.295245],[-75.593169,6.29522],[-75.593186,6.295197],[-75.593209,6.295179],[-75.593233,6.295161],[-75.593257,6.295144],[-75.593283,6.295116],[-75.593303,6.295083],[-75.593333,6.295063],[-75.593361,6.295065],[-75.593389,6.295072],[-75.593416,6.295081],[-75.593445,6.295089],[-75.593473,6.295092],[-75.5935,6.29508],[-75.593538,6.295081],[-75.593566,6.295087],[-75.593594,6.295099],[-75.59363,6.295113],[-75.593668,6.295122],[-75.593713,6.295131],[-75.59377,6.295177],[-75.593776,6.29512],[-75.593794,6.295095],[-75.593835,6.295068],[-75.59388,6.295046],[-75.59391,6.295024],[-75.593942,6.294999],[-75.593985,6.294972],[-75.594018,6.294953],[-75.594045,6.294942],[-75.594074,6.29493],[-75.594102,6.29492],[-75.59415,6.294908],[-75.59418,6.294901],[-75.594225,6.294896],[-75.594283,6.294893],[-75.594323,6.294894],[-75.594354,6.2949],[-75.594383,6.294907],[-75.594426,6.294918],[-75.594454,6.294929],[-75.594481,6.294939],[-75.594518,6.294954],[-75.594576,6.294983],[-75.594611,6.295002],[-75.594642,6.295018],[-75.594682,6.295035],[-75.594721,6.295049],[-75.594759,6.295057],[-75.594797,6.295066],[-75.594856,6.295072],[-75.594881,6.295072],[-75.59491,6.29507],[-75.594945,6.295069],[-75.594974,6.295069],[-75.595003,6.29507],[-75.595041,6.295069],[-75.595077,6.295066],[-75.59512,6.295069],[-75.595146,6.295071],[-75.595181,6.295074],[-75.595219,6.295075],[-75.595247,6.295076],[-75.595299,6.295078],[-75.595328,6.295079],[-75.595357,6.295079],[-75.595384,6.295079],[-75.595414,6.295079],[-75.595451,6.295078],[-75.595478,6.295078],[-75.595516,6.295078],[-75.595557,6.295078],[-75.595616,6.295078],[-75.595656,6.295077],[-75.595705,6.295077],[-75.595743,6.295077],[-75.595781,6.295077],[-75.595811,6.295076],[-75.595845,6.295076],[-75.59589,6.295076],[-75.595916,6.295076],[-75.595945,6.295076],[-75.595986,6.295075],[-75.596021,6.295075],[-75.596056,6.295075],[-75.595857,6.294331],[-75.595886,6.294337],[-75.595921,6.294312],[-75.595945,6.294283],[-75.595982,6.294292],[-75.596009,6.294317],[-75.596045,6.294326],[-75.596071,6.294314],[-75.596092,6.294297],[-75.596131,6.294199],[-75.596147,6.294177],[-75.59618,6.294168],[-75.596209,6.294158],[-75.596234,6.294143],[-75.59626,6.294134],[-75.596289,6.294138],[-75.596316,6.294147],[-75.596343,6.294157],[-75.596372,6.294163],[-75.596401,6.294164],[-75.596428,6.294158],[-75.596461,6.294138],[-75.596494,6.294119],[-75.59652,6.294104],[-75.596545,6.29409],[-75.596579,6.294072],[-75.596616,6.294071],[-75.596644,6.29408],[-75.596672,6.29409],[-75.596709,6.294102],[-75.596736,6.294116],[-75.596764,6.294129],[-75.596825,6.294141],[-75.596847,6.294093],[-75.596868,6.294074],[-75.596893,6.294061],[-75.596929,6.294048],[-75.596957,6.294043],[-75.596985,6.294041],[-75.597012,6.294033],[-75.597039,6.294024],[-75.597069,6.294026],[-75.597099,6.294027],[-75.597125,6.294015],[-75.59715,6.293999],[-75.597166,6.293965],[-75.597204,6.293954],[-75.597241,6.293957],[-75.597268,6.293967],[-75.597293,6.29398],[-75.59732,6.29399],[-75.597356,6.293977],[-75.597326,6.293893],[-75.597314,6.293855],[-75.597298,6.293822],[-75.597287,6.293786],[-75.597274,6.29375],[-75.597258,6.293725],[-75.597237,6.2937],[-75.597222,6.29367],[-75.59721,6.293633],[-75.597188,6.293598],[-75.597164,6.29357],[-75.597141,6.293538],[-75.597137,6.2935],[-75.597163,6.293464],[-75.597195,6.293441],[-75.597215,6.293409],[-75.597221,6.293371],[-75.59721,6.293345],[-75.597195,6.293321],[-75.59719,6.293284],[-75.597192,6.293244],[-75.59721,6.293211],[-75.597238,6.293185],[-75.597268,6.293159],[-75.597294,6.293131],[-75.597315,6.293111],[-75.597337,6.293092],[-75.597363,6.293064],[-75.597393,6.293041],[-75.597425,6.29302],[-75.59745,6.292993],[-75.597467,6.292959],[-75.597486,6.292937],[-75.597514,6.292907],[-75.597474,6.292876],[-75.597438,6.292892],[-75.597419,6.292868],[-75.597438,6.292836],[-75.597445,6.292799],[-75.59744,6.292763],[-75.59746,6.292732],[-75.597477,6.29271],[-75.597488,6.292685],[-75.597523,6.29265],[-75.597545,6.292627],[-75.597563,6.292593],[-75.597577,6.292556],[-75.597589,6.292515],[-75.597604,6.292485],[-75.597621,6.292451],[-75.597643,6.29242],[-75.597668,6.292392],[-75.597686,6.29237],[-75.597702,6.292346],[-75.597721,6.292312],[-75.597743,6.292282],[-75.597828,6.292281],[-75.597867,6.29228],[-75.597904,6.292277],[-75.597941,6.292275],[-75.59798,6.292268],[-75.597957,6.292248],[-75.597992,6.292236],[-75.59803,6.292243],[-75.598071,6.292251],[-75.598096,6.292253],[-75.598125,6.292248],[-75.598163,6.292246],[-75.598201,6.292242],[-75.59823,6.29224],[-75.598257,6.292233],[-75.59828,6.292215],[-75.598283,6.292187],[-75.598291,6.292151],[-75.598322,6.292128],[-75.598348,6.292116],[-75.598376,6.292108],[-75.598413,6.292101],[-75.598449,6.292091],[-75.598477,6.292093],[-75.598505,6.292101],[-75.598532,6.292102],[-75.598561,6.292098],[-75.598579,6.292069],[-75.598605,6.292041],[-75.598631,6.292024],[-75.598654,6.292009],[-75.598668,6.291986],[-75.598683,6.291961],[-75.598707,6.291932],[-75.598725,6.291911],[-75.598748,6.291894],[-75.598784,6.291884],[-75.598824,6.291885],[-75.598858,6.291898],[-75.598892,6.291915],[-75.598919,6.291912],[-75.59894,6.291893],[-75.598971,6.291868],[-75.599006,6.291851],[-75.599043,6.291848],[-75.599073,6.291827],[-75.599099,6.291817],[-75.599152,6.291818],[-75.59918,6.291827],[-75.599207,6.291833],[-75.599236,6.291842],[-75.599271,6.291855],[-75.599311,6.29187],[-75.599333,6.291891],[-75.599322,6.291926],[-75.599405,6.291911],[-75.599441,6.291903],[-75.599478,6.291906],[-75.599506,6.291915],[-75.599526,6.291936],[-75.599529,6.291972],[-75.599529,6.292],[-75.599539,6.292027],[-75.599579,6.292045],[-75.599609,6.292055],[-75.59965,6.292068],[-75.599667,6.292015],[-75.599676,6.291982],[-75.59969,6.291947],[-75.599718,6.291922],[-75.599751,6.291901],[-75.599786,6.291884],[-75.599817,6.29186],[-75.59984,6.291826],[-75.599831,6.291784],[-75.5998,6.291742],[-75.599807,6.291708],[-75.599832,6.291664],[-75.599788,6.291611],[-75.599779,6.291573],[-75.599783,6.291545],[-75.599782,6.29151],[-75.599813,6.291489],[-75.599849,6.291476],[-75.599877,6.291467],[-75.599903,6.291458],[-75.599929,6.291444],[-75.59995,6.291424],[-75.599964,6.291388],[-75.599985,6.291357],[-75.600021,6.291347],[-75.600059,6.29135],[-75.600096,6.291347],[-75.600126,6.291348],[-75.600154,6.291344],[-75.60019,6.291334],[-75.600229,6.291335],[-75.600264,6.291348],[-75.600297,6.291368],[-75.600324,6.291381],[-75.600351,6.291386],[-75.600384,6.29137],[-75.600421,6.291361],[-75.600496,6.291343],[-75.600527,6.291335],[-75.600565,6.29134],[-75.600593,6.291343],[-75.600621,6.291349],[-75.600659,6.291347],[-75.600687,6.291348],[-75.600715,6.291351],[-75.600753,6.291349],[-75.600791,6.291348],[-75.600829,6.291343],[-75.600867,6.291339],[-75.600905,6.291334],[-75.600943,6.291333],[-75.600971,6.291338],[-75.600999,6.291335],[-75.601028,6.291331],[-75.601055,6.291335],[-75.601091,6.29135],[-75.601124,6.29137],[-75.601147,6.291386],[-75.601173,6.291398],[-75.601199,6.291409],[-75.601226,6.29142],[-75.601269,6.291453],[-75.601286,6.291395],[-75.601298,6.291359],[-75.601309,6.291323],[-75.601314,6.291286],[-75.601319,6.291259],[-75.601329,6.291231],[-75.601351,6.291199],[-75.601374,6.291171],[-75.601399,6.291159],[-75.601427,6.291155],[-75.60146,6.291137],[-75.601485,6.291122],[-75.601511,6.291112],[-75.601538,6.291113],[-75.601563,6.291125],[-75.60159,6.291135],[-75.60162,6.291141],[-75.601657,6.29114],[-75.601683,6.291127],[-75.601706,6.291111],[-75.601739,6.291092],[-75.601775,6.291081],[-75.60181,6.291071],[-75.601836,6.29108],[-75.601863,6.291091],[-75.601895,6.291109],[-75.60192,6.291139],[-75.601943,6.291171],[-75.601958,6.291195],[-75.60198,6.291261],[-75.602029,6.291252],[-75.602076,6.29126],[-75.602111,6.291274],[-75.60214,6.291286],[-75.602219,6.291287],[-75.602225,6.291237],[-75.60223,6.291203],[-75.602238,6.291169],[-75.602252,6.291134],[-75.602274,6.291103],[-75.602299,6.291077],[-75.602335,6.291066],[-75.602362,6.291069],[-75.602389,6.291063],[-75.60242,6.29104],[-75.602443,6.291011],[-75.602456,6.290976],[-75.602457,6.290939],[-75.602452,6.290911],[-75.602457,6.290885],[-75.602479,6.290869],[-75.602501,6.29085],[-75.602523,6.29082],[-75.602542,6.290785],[-75.602572,6.290767],[-75.602601,6.290768],[-75.60263,6.290769],[-75.602658,6.290766],[-75.602685,6.290754],[-75.602714,6.290748],[-75.602741,6.29074],[-75.60278,6.290736],[-75.602818,6.290742],[-75.602846,6.290749],[-75.602874,6.290753],[-75.602911,6.290744],[-75.602936,6.290729],[-75.602968,6.290707],[-75.602991,6.29069],[-75.603007,6.290666],[-75.603023,6.290644],[-75.603049,6.290617],[-75.603071,6.290586],[-75.603096,6.290567],[-75.603136,6.29057],[-75.603173,6.290562],[-75.60326,6.290547],[-75.603288,6.290544],[-75.603325,6.290539],[-75.603356,6.290519],[-75.603384,6.290492],[-75.603413,6.290478],[-75.603436,6.290495],[-75.603455,6.290519],[-75.603478,6.290547],[-75.603502,6.290579],[-75.603528,6.290606],[-75.603549,6.290625],[-75.603571,6.290644],[-75.603594,6.29066],[-75.603618,6.290676],[-75.603651,6.290691],[-75.603686,6.290707],[-75.60372,6.290727],[-75.603753,6.290745],[-75.603779,6.290758],[-75.603803,6.290775],[-75.603834,6.290795],[-75.603866,6.290816],[-75.603899,6.290837],[-75.603921,6.290855],[-75.603947,6.290883],[-75.603966,6.290905],[-75.603996,6.290928],[-75.604029,6.29095],[-75.60406,6.290974],[-75.60409,6.290998],[-75.604125,6.291027],[-75.604148,6.291013],[-75.604174,6.29099],[-75.604223,6.290958],[-75.604248,6.290944],[-75.604273,6.290927],[-75.604297,6.290912],[-75.604331,6.290895],[-75.60436,6.290893],[-75.604387,6.290901],[-75.604425,6.290899],[-75.604463,6.290902],[-75.604501,6.290901],[-75.60454,6.29091],[-75.604577,6.290919],[-75.604616,6.290923],[-75.604645,6.29092],[-75.604679,6.290915],[-75.604683,6.290882],[-75.604686,6.290849],[-75.604695,6.290821],[-75.604711,6.290788],[-75.604729,6.290754],[-75.604759,6.29073],[-75.604792,6.290709],[-75.604826,6.290694],[-75.604854,6.290686],[-75.604882,6.290681],[-75.604911,6.290676],[-75.604937,6.290665],[-75.604959,6.290652],[-75.604979,6.290624],[-75.604944,6.290623],[-75.604907,6.290621],[-75.604878,6.290623],[-75.604848,6.29062],[-75.604809,6.290616],[-75.604771,6.29061],[-75.604734,6.290616],[-75.604708,6.290625],[-75.604679,6.29063],[-75.60464,6.290635],[-75.604612,6.290641],[-75.604583,6.290641],[-75.604548,6.290627],[-75.604521,6.290616],[-75.604494,6.290608],[-75.604466,6.290601],[-75.604439,6.290593],[-75.604396,6.29058],[-75.604365,6.290572],[-75.60433,6.290558],[-75.604305,6.290546],[-75.604279,6.290534],[-75.604252,6.290523],[-75.604225,6.290512],[-75.604199,6.2905],[-75.604172,6.29049],[-75.604139,6.290471],[-75.604108,6.290447],[-75.604075,6.290411],[-75.604052,6.290382],[-75.604039,6.290357],[-75.604028,6.29032],[-75.604025,6.290282],[-75.604017,6.290246],[-75.604007,6.290218],[-75.603996,6.290192],[-75.603986,6.290165],[-75.603978,6.290138],[-75.603971,6.290101],[-75.603963,6.290073],[-75.603954,6.290046],[-75.60395,6.290016],[-75.603946,6.289986],[-75.603941,6.289947],[-75.603929,6.289912],[-75.603915,6.289877],[-75.603902,6.289851],[-75.603887,6.289826],[-75.603865,6.289793],[-75.603841,6.289762],[-75.603815,6.289732],[-75.603792,6.289701],[-75.603767,6.289671],[-75.603743,6.28964],[-75.603726,6.289616],[-75.60371,6.289591],[-75.603694,6.289567],[-75.603679,6.289543],[-75.60366,6.28951],[-75.603644,6.289485],[-75.60363,6.28946],[-75.603612,6.289426],[-75.603598,6.2894],[-75.603583,6.289375],[-75.603537,6.289331],[-75.603508,6.289327],[-75.603479,6.289323],[-75.603453,6.289314],[-75.603421,6.289293],[-75.60339,6.289243],[-75.603372,6.289209],[-75.603359,6.289174],[-75.603341,6.289139],[-75.60332,6.289106],[-75.603299,6.289074],[-75.60328,6.289039],[-75.60326,6.289006],[-75.603245,6.288981],[-75.603233,6.288955],[-75.603224,6.288929],[-75.603213,6.288902],[-75.603205,6.288876],[-75.603196,6.288847],[-75.603185,6.288821],[-75.603174,6.288794],[-75.603166,6.288757],[-75.603162,6.28872],[-75.60316,6.288691],[-75.603151,6.288664],[-75.603099,6.28861],[-75.603064,6.288595],[-75.60303,6.288578],[-75.603003,6.288551],[-75.602979,6.288523],[-75.602965,6.288498],[-75.60295,6.288472],[-75.602931,6.288438],[-75.602914,6.288415],[-75.602896,6.288393],[-75.60287,6.288367],[-75.602847,6.28835],[-75.602826,6.288332],[-75.602798,6.288306],[-75.602776,6.288275],[-75.602748,6.288248],[-75.602717,6.288225],[-75.602683,6.288206],[-75.602658,6.288193],[-75.602632,6.28818],[-75.602598,6.288164],[-75.602564,6.288148],[-75.60253,6.288133],[-75.602458,6.288111],[-75.602419,6.288064],[-75.602388,6.28804],[-75.602362,6.288013],[-75.602338,6.287984],[-75.602323,6.28795],[-75.602324,6.287922],[-75.602326,6.287894],[-75.602319,6.287854],[-75.602302,6.2878],[-75.60229,6.287774],[-75.602279,6.287748],[-75.602269,6.287721],[-75.60226,6.287695],[-75.602246,6.287668],[-75.602227,6.287635],[-75.60221,6.287611],[-75.602193,6.287586],[-75.602172,6.287553],[-75.602155,6.287528],[-75.602141,6.287502],[-75.60213,6.287475],[-75.602122,6.287448],[-75.602117,6.287412],[-75.602123,6.287362],[-75.602124,6.287328],[-75.602116,6.287287],[-75.602112,6.287259],[-75.602124,6.287227],[-75.602142,6.287196],[-75.602156,6.287161],[-75.602181,6.287132],[-75.602214,6.287111],[-75.602239,6.287084],[-75.602244,6.287056],[-75.602256,6.287031],[-75.602281,6.287002],[-75.6023,6.286982],[-75.602328,6.28698],[-75.60235,6.286964],[-75.602359,6.286937],[-75.602366,6.286899],[-75.602369,6.286859],[-75.602376,6.286821],[-75.60239,6.286786],[-75.602398,6.286749],[-75.602393,6.286711],[-75.602378,6.286685],[-75.602365,6.28666],[-75.602354,6.286634],[-75.602352,6.286606],[-75.602359,6.28657],[-75.602387,6.28655],[-75.602424,6.286557],[-75.602462,6.286559],[-75.602498,6.286571],[-75.602533,6.286589],[-75.602567,6.286607],[-75.602602,6.286625],[-75.602637,6.286642],[-75.602663,6.286657],[-75.602687,6.286676],[-75.602709,6.286695],[-75.602731,6.286715],[-75.602763,6.286736],[-75.602798,6.286743],[-75.602822,6.286727],[-75.602834,6.286701],[-75.602844,6.286665],[-75.602851,6.286638],[-75.602856,6.286611],[-75.602855,6.286573],[-75.602858,6.286543],[-75.602859,6.286514],[-75.602846,6.286478],[-75.602827,6.286443],[-75.602826,6.286414],[-75.602829,6.286384],[-75.602827,6.286355],[-75.602828,6.286326],[-75.602853,6.286297],[-75.602877,6.286279],[-75.602919,6.28626],[-75.602957,6.286268],[-75.602988,6.286288],[-75.603022,6.286305],[-75.603059,6.286306],[-75.603095,6.286293],[-75.603123,6.286269],[-75.603136,6.286243],[-75.603152,6.28622],[-75.60318,6.286194],[-75.603203,6.286176],[-75.603225,6.286157],[-75.603254,6.286134],[-75.603282,6.286108],[-75.603311,6.286083],[-75.603341,6.286058],[-75.603367,6.286031],[-75.603388,6.286],[-75.603392,6.285961],[-75.603416,6.285933],[-75.603441,6.285904],[-75.603463,6.285874],[-75.603476,6.285839],[-75.603504,6.285819],[-75.603537,6.285836],[-75.603568,6.285857],[-75.603602,6.285867],[-75.603623,6.285842],[-75.603651,6.285815],[-75.603668,6.285793],[-75.603703,6.285763],[-75.603729,6.285735],[-75.603729,6.285702],[-75.603725,6.285671],[-75.603747,6.285643],[-75.603789,6.285631],[-75.60382,6.285625],[-75.603845,6.285611],[-75.60386,6.285589],[-75.603877,6.285556],[-75.603889,6.285513],[-75.603896,6.285474],[-75.603913,6.285447],[-75.603943,6.285437],[-75.603986,6.285436],[-75.604022,6.285438],[-75.604061,6.285454],[-75.604103,6.285473],[-75.604108,6.285503],[-75.604109,6.285542],[-75.60412,6.285566],[-75.604134,6.28559],[-75.604153,6.285615],[-75.604185,6.285636],[-75.604233,6.285672],[-75.60426,6.285646],[-75.604283,6.285607],[-75.604294,6.285576],[-75.604305,6.285551],[-75.604325,6.285525],[-75.60435,6.285502],[-75.604374,6.285484],[-75.60441,6.285459],[-75.604453,6.285445],[-75.604481,6.285442],[-75.604508,6.285447],[-75.604542,6.28546],[-75.604575,6.285481],[-75.604611,6.285505],[-75.604649,6.285533],[-75.604678,6.285556],[-75.604697,6.285574],[-75.604724,6.285599],[-75.604756,6.285625],[-75.604783,6.285646],[-75.604813,6.285668],[-75.604847,6.285691],[-75.604877,6.285705],[-75.604905,6.285722],[-75.604931,6.285743],[-75.604953,6.285762],[-75.604978,6.285792],[-75.605001,6.285832],[-75.605026,6.28588],[-75.60505,6.285919],[-75.605064,6.28595],[-75.605066,6.28598],[-75.605067,6.28602],[-75.605065,6.28606],[-75.605067,6.286093],[-75.605082,6.286135],[-75.605128,6.286114],[-75.605156,6.286107],[-75.6052,6.286111],[-75.605237,6.286121],[-75.605281,6.286133],[-75.605328,6.286119],[-75.605359,6.286101],[-75.605387,6.286094],[-75.605403,6.286116],[-75.605418,6.286141],[-75.605441,6.286162],[-75.605473,6.28619],[-75.605511,6.286213],[-75.605542,6.28625],[-75.60556,6.286293],[-75.60556,6.286332],[-75.605557,6.286361],[-75.605565,6.286389],[-75.605581,6.286424],[-75.605603,6.286458],[-75.605627,6.286495],[-75.605644,6.286516],[-75.605667,6.286537],[-75.60569,6.286554],[-75.605732,6.286567],[-75.605729,6.28653],[-75.605715,6.286486],[-75.605707,6.286454],[-75.605704,6.286417],[-75.605713,6.286387],[-75.605722,6.286353],[-75.605722,6.286319],[-75.605735,6.286289],[-75.605751,6.286262],[-75.605762,6.286235],[-75.605772,6.286205],[-75.60578,6.286174],[-75.605779,6.286146],[-75.60578,6.286111],[-75.605783,6.286081],[-75.60579,6.286044],[-75.605785,6.285996],[-75.605796,6.285952],[-75.605813,6.285923],[-75.605836,6.285898],[-75.605859,6.285873],[-75.605876,6.285853],[-75.605893,6.285822],[-75.60592,6.285797],[-75.605956,6.285778],[-75.605994,6.285757],[-75.606031,6.285738],[-75.606054,6.285725],[-75.60608,6.285716],[-75.606119,6.285719],[-75.606159,6.285719],[-75.606197,6.285722],[-75.606232,6.28573],[-75.606275,6.285726],[-75.606219,6.285646],[-75.606198,6.285629],[-75.60618,6.285606],[-75.606157,6.285582],[-75.606133,6.285569],[-75.606107,6.285559],[-75.606074,6.285555],[-75.606036,6.285552],[-75.605999,6.285544],[-75.605962,6.285534],[-75.605936,6.285524],[-75.605907,6.285513],[-75.605871,6.2855],[-75.605812,6.285485],[-75.605771,6.285476],[-75.605731,6.285473],[-75.605699,6.28546],[-75.605676,6.285435],[-75.605655,6.285395],[-75.605646,6.285361],[-75.60564,6.285322],[-75.605621,6.285286],[-75.605597,6.285253],[-75.605579,6.285229],[-75.605575,6.285192],[-75.605573,6.285149],[-75.605568,6.285113],[-75.605553,6.285081],[-75.605536,6.285056],[-75.605526,6.285021],[-75.605515,6.28497],[-75.605513,6.284943],[-75.605522,6.284906],[-75.605536,6.284873],[-75.605549,6.284842],[-75.605558,6.284809],[-75.605563,6.284781],[-75.605546,6.284751],[-75.605533,6.284728],[-75.605514,6.284694],[-75.605501,6.284665],[-75.605498,6.284628],[-75.605511,6.284602],[-75.605547,6.284589],[-75.605578,6.284578],[-75.605605,6.28457],[-75.605637,6.28456],[-75.605667,6.284545],[-75.605698,6.284524],[-75.605722,6.284491],[-75.605728,6.284464],[-75.605727,6.284436],[-75.605726,6.284399],[-75.605722,6.284367],[-75.605716,6.284334],[-75.605711,6.284293],[-75.605707,6.284251],[-75.605702,6.284219],[-75.6057,6.284181],[-75.6057,6.284146],[-75.605707,6.284117],[-75.605723,6.284088],[-75.605758,6.284053],[-75.605795,6.284029],[-75.605824,6.284019],[-75.605861,6.284011],[-75.605906,6.284004],[-75.605948,6.283995],[-75.605982,6.28399],[-75.606033,6.283992],[-75.606069,6.283989],[-75.606103,6.283994],[-75.606134,6.284002],[-75.60617,6.284004],[-75.606207,6.28401],[-75.606244,6.284019],[-75.606279,6.284034],[-75.606307,6.284054],[-75.606329,6.284076],[-75.60635,6.284098],[-75.606392,6.284102],[-75.606421,6.284108],[-75.606488,6.28413],[-75.606522,6.284102],[-75.606584,6.284083],[-75.606558,6.284054],[-75.606512,6.284017],[-75.606511,6.283979],[-75.606492,6.28395],[-75.606471,6.283913],[-75.606462,6.283881],[-75.606461,6.283843],[-75.606459,6.2838],[-75.606455,6.283762],[-75.606456,6.283733],[-75.60646,6.283691],[-75.606463,6.283648],[-75.606478,6.283613],[-75.606485,6.283588],[-75.606494,6.283562],[-75.606525,6.283499],[-75.606521,6.283471],[-75.606527,6.283444],[-75.606542,6.283419],[-75.606547,6.283392],[-75.606536,6.283369],[-75.6065,6.283341],[-75.606478,6.283311],[-75.606482,6.283282],[-75.606496,6.283237],[-75.60651,6.2832],[-75.606526,6.283174],[-75.606542,6.28315],[-75.606558,6.283127],[-75.606573,6.283103],[-75.606591,6.283081],[-75.606611,6.283061],[-75.606623,6.283036],[-75.60663,6.283009],[-75.606637,6.282981],[-75.606646,6.28294],[-75.606684,6.282924],[-75.606701,6.282899],[-75.606802,6.282984],[-75.606857,6.283055],[-75.606913,6.283118],[-75.607028,6.283272],[-75.60707,6.283354],[-75.607163,6.283564],[-75.607202,6.28365],[-75.607451,6.284051],[-75.607494,6.284101],[-75.607592,6.284238],[-75.607684,6.284339],[-75.607802,6.284465],[-75.607944,6.284604],[-75.608059,6.284712],[-75.60817,6.284825],[-75.608232,6.284902],[-75.608278,6.284969],[-75.608342,6.285056],[-75.608426,6.285151],[-75.608431,6.285118],[-75.608452,6.285085],[-75.608499,6.285062],[-75.608531,6.285055],[-75.608556,6.285041],[-75.608575,6.285021],[-75.60859,6.284998],[-75.608615,6.284972],[-75.608645,6.28495],[-75.608673,6.284927],[-75.608697,6.284907],[-75.608717,6.284883],[-75.608737,6.284861],[-75.60877,6.284835],[-75.608797,6.284817],[-75.608823,6.284798],[-75.608869,6.284781],[-75.608921,6.284768],[-75.608956,6.284773],[-75.608988,6.284769],[-75.609039,6.284765],[-75.609069,6.28479],[-75.609092,6.28481],[-75.609106,6.284758],[-75.60915,6.284724],[-75.609178,6.284712],[-75.609236,6.284699],[-75.609268,6.284689],[-75.609294,6.284681],[-75.609334,6.284666],[-75.609368,6.284648],[-75.609486,6.284595],[-75.609517,6.284576],[-75.609543,6.284556],[-75.609567,6.284541],[-75.609593,6.284525],[-75.609617,6.284511],[-75.60964,6.284499],[-75.609672,6.284485],[-75.609708,6.284475],[-75.609736,6.284473],[-75.609767,6.28448],[-75.609799,6.2845],[-75.609821,6.284518],[-75.609841,6.284549],[-75.609862,6.284587],[-75.609874,6.284617],[-75.609894,6.284661],[-75.609918,6.284682],[-75.609939,6.284702],[-75.60996,6.28472],[-75.609983,6.284736],[-75.610008,6.284748],[-75.610035,6.284745],[-75.610023,6.284713],[-75.610006,6.284692],[-75.609991,6.284668],[-75.609975,6.284646],[-75.60996,6.284621],[-75.609944,6.284588],[-75.609938,6.284556],[-75.609938,6.284527],[-75.609935,6.28449],[-75.609935,6.284457],[-75.609936,6.284429],[-75.609939,6.284401],[-75.609947,6.284374],[-75.609957,6.284338],[-75.609961,6.284305],[-75.609962,6.284277],[-75.609961,6.284248],[-75.609958,6.284219],[-75.609951,6.284192],[-75.609945,6.284165],[-75.609939,6.284138],[-75.609936,6.284101],[-75.609934,6.284068],[-75.609928,6.284041],[-75.609914,6.284017],[-75.6099,6.283991],[-75.609882,6.283971],[-75.609855,6.283943],[-75.609828,6.283921],[-75.609808,6.283904],[-75.609789,6.283886],[-75.609772,6.283862],[-75.609753,6.283836],[-75.609732,6.283805],[-75.609719,6.28378],[-75.609707,6.283755],[-75.609699,6.283729],[-75.609685,6.283694],[-75.609674,6.283664],[-75.609661,6.283634],[-75.609644,6.283601],[-75.60963,6.283577],[-75.609612,6.283554],[-75.609594,6.283535],[-75.609575,6.283517],[-75.609555,6.283495],[-75.609538,6.283474],[-75.609518,6.283454],[-75.609495,6.283438],[-75.609472,6.283423],[-75.609448,6.283408],[-75.609423,6.283396],[-75.609398,6.283385],[-75.609372,6.283373],[-75.609343,6.283359],[-75.609308,6.283337],[-75.609277,6.283317],[-75.609248,6.283295],[-75.609223,6.283273],[-75.609201,6.283256],[-75.609183,6.283236],[-75.609166,6.283213],[-75.609147,6.283191],[-75.609132,6.283168],[-75.609111,6.283148],[-75.609095,6.283082],[-75.609084,6.283036],[-75.609081,6.282989],[-75.609044,6.282922],[-75.609036,6.282871],[-75.609064,6.282843],[-75.60916,6.282753],[-75.60918,6.282726],[-75.609195,6.282702],[-75.609206,6.282671],[-75.609214,6.28263],[-75.609205,6.282595],[-75.609193,6.28256],[-75.6092,6.28252],[-75.60921,6.282488],[-75.609229,6.282469],[-75.609254,6.28246],[-75.609279,6.282472],[-75.609298,6.282492],[-75.609319,6.28251],[-75.60935,6.282518],[-75.609391,6.282513],[-75.609422,6.282495],[-75.60944,6.282474],[-75.609452,6.282445],[-75.609477,6.282413],[-75.609491,6.282374],[-75.609502,6.282339],[-75.609517,6.282315],[-75.609539,6.2823],[-75.60957,6.282278],[-75.609593,6.282257],[-75.609615,6.282242],[-75.609649,6.282255],[-75.60968,6.282245],[-75.609713,6.282248],[-75.60975,6.28225],[-75.609776,6.282258],[-75.609803,6.282265],[-75.60983,6.282272],[-75.609858,6.282271],[-75.609891,6.282271],[-75.609935,6.28227],[-75.60997,6.282265],[-75.609995,6.282244],[-75.610016,6.282214],[-75.610028,6.282184],[-75.610051,6.282155],[-75.610078,6.28215],[-75.61012,6.282149],[-75.610149,6.282151],[-75.610175,6.282159],[-75.610199,6.282169],[-75.610226,6.282183],[-75.610251,6.282196],[-75.610279,6.28219],[-75.610314,6.282189],[-75.610327,6.282164],[-75.610359,6.282164],[-75.610393,6.282179],[-75.610425,6.282197],[-75.610465,6.282209],[-75.610497,6.282212],[-75.610521,6.282225],[-75.610545,6.282252],[-75.610555,6.282283],[-75.610571,6.282316],[-75.61059,6.282345],[-75.610602,6.282369],[-75.610614,6.282392],[-75.610633,6.282415],[-75.610656,6.282438],[-75.610691,6.282462],[-75.610707,6.282492],[-75.610709,6.282525],[-75.610731,6.28256],[-75.610762,6.282601],[-75.610788,6.282624],[-75.61079,6.282594],[-75.61077,6.282549],[-75.61076,6.282524],[-75.610761,6.282496],[-75.610759,6.282468],[-75.610758,6.282435],[-75.610753,6.282398],[-75.610752,6.282358],[-75.610747,6.282329],[-75.610743,6.282301],[-75.610741,6.282275],[-75.610734,6.282248],[-75.610719,6.282225],[-75.610723,6.282197],[-75.610727,6.282162],[-75.610725,6.282135],[-75.610715,6.282109],[-75.610696,6.282088],[-75.61067,6.282063],[-75.610648,6.28204],[-75.61063,6.282018],[-75.610606,6.28199],[-75.610583,6.281967],[-75.610565,6.281946],[-75.61055,6.281922],[-75.610544,6.281895],[-75.610544,6.281868],[-75.610543,6.28184],[-75.610544,6.281813],[-75.610542,6.281785],[-75.610543,6.281758],[-75.610543,6.281729],[-75.610543,6.281702],[-75.610543,6.281669],[-75.610544,6.281632],[-75.610542,6.281605],[-75.610537,6.281578],[-75.610531,6.281541],[-75.610514,6.281502],[-75.6105,6.281472],[-75.610487,6.281446],[-75.610474,6.281421],[-75.610466,6.281396],[-75.610466,6.281367],[-75.610453,6.281343],[-75.610434,6.281323],[-75.61041,6.2813],[-75.610393,6.281267],[-75.610398,6.281236],[-75.6104,6.281199],[-75.610395,6.281172],[-75.610379,6.281138],[-75.610358,6.281103],[-75.610337,6.281078],[-75.610341,6.281047],[-75.610358,6.281015],[-75.610366,6.280981],[-75.610351,6.280943],[-75.610332,6.280916],[-75.610306,6.28089],[-75.610284,6.280865],[-75.610262,6.280836],[-75.610243,6.28081],[-75.610223,6.280791],[-75.610211,6.280765],[-75.610204,6.280738],[-75.610195,6.280703],[-75.610177,6.280676],[-75.610163,6.280652],[-75.610138,6.280625],[-75.610122,6.280597],[-75.610109,6.280572],[-75.610094,6.280548],[-75.610083,6.280523],[-75.610068,6.2805],[-75.610053,6.280476],[-75.610043,6.28045],[-75.610037,6.280423],[-75.61003,6.280396],[-75.610016,6.280373],[-75.61,6.280349],[-75.609991,6.280319],[-75.609981,6.280285],[-75.609969,6.28026],[-75.609952,6.280238],[-75.609924,6.280223],[-75.609891,6.280208],[-75.609864,6.2802],[-75.609837,6.280198],[-75.609809,6.280197],[-75.609782,6.28019],[-75.609755,6.280182],[-75.60973,6.280169],[-75.609708,6.280154],[-75.609681,6.28013],[-75.60967,6.280092],[-75.609667,6.280059],[-75.609658,6.280033],[-75.609645,6.280008],[-75.609628,6.279986],[-75.609609,6.279964],[-75.609585,6.279951],[-75.609552,6.279933],[-75.609528,6.279896],[-75.609533,6.279859],[-75.609535,6.279825],[-75.60953,6.279789],[-75.609522,6.279761],[-75.609511,6.279734],[-75.609499,6.279709],[-75.609487,6.279685],[-75.609471,6.279661],[-75.609452,6.279635],[-75.609436,6.279602],[-75.609423,6.279577],[-75.6094,6.279562],[-75.609368,6.279561],[-75.609331,6.27956],[-75.609301,6.279549],[-75.60927,6.279522],[-75.609236,6.279519],[-75.609204,6.279534],[-75.609173,6.279545],[-75.609154,6.279521],[-75.609147,6.279494],[-75.609138,6.279458],[-75.609123,6.27943],[-75.609101,6.279409],[-75.609126,6.279381],[-75.60916,6.279318],[-75.609209,6.279217],[-75.609242,6.27915],[-75.609304,6.279015],[-75.609347,6.278962],[-75.609405,6.278894],[-75.60952,6.278822],[-75.609751,6.278634],[-75.609784,6.278597],[-75.609837,6.27851],[-75.609918,6.278385],[-75.61,6.278299],[-75.610062,6.278256],[-75.610276,6.27822],[-75.610322,6.278209],[-75.610415,6.27819],[-75.610526,6.278152],[-75.610612,6.278118],[-75.6107,6.278055],[-75.61079,6.277988],[-75.610881,6.277945],[-75.611035,6.277887],[-75.61127,6.277819],[-75.61138,6.277796],[-75.611558,6.277787],[-75.611631,6.277798],[-75.611683,6.277806],[-75.611841,6.277849],[-75.611925,6.277856],[-75.611952,6.277858],[-75.611978,6.277853],[-75.612058,6.277839],[-75.612178,6.277806],[-75.612312,6.277748],[-75.612435,6.277686],[-75.612483,6.277669],[-75.612555,6.277643],[-75.612713,6.277592],[-75.612795,6.277566],[-75.612894,6.277508],[-75.612919,6.277496],[-75.612986,6.277467],[-75.613051,6.277441],[-75.613176,6.277417],[-75.613222,6.277415],[-75.613304,6.277412],[-75.613368,6.277426],[-75.613414,6.277437],[-75.613518,6.27746],[-75.613549,6.277465],[-75.613624,6.277478],[-75.61367,6.277485],[-75.613781,6.277503],[-75.613911,6.277508],[-75.613972,6.2775],[-75.614023,6.277495],[-75.614063,6.27749],[-75.614315,6.27746],[-75.614469,6.277443],[-75.614535,6.277436],[-75.614627,6.277431],[-75.614795,6.277452],[-75.614915,6.277474],[-75.615088,6.277561],[-75.615174,6.277638],[-75.615306,6.27772],[-75.615407,6.277768],[-75.61547,6.277763],[-75.615561,6.277763],[-75.615628,6.277739],[-75.61582,6.277666],[-75.615998,6.277585],[-75.616156,6.277517],[-75.616247,6.277483],[-75.616353,6.27745],[-75.616452,6.277436],[-75.616583,6.277436],[-75.616609,6.277439],[-75.616656,6.277446],[-75.616718,6.277455],[-75.616855,6.277509],[-75.616951,6.277518],[-75.617076,6.277518],[-75.617138,6.277499],[-75.617176,6.277471],[-75.617214,6.27742],[-75.617228,6.277388],[-75.617253,6.277331],[-75.617249,6.277225],[-75.617244,6.277109],[-75.617234,6.277038],[-75.617244,6.276985],[-75.617263,6.276921],[-75.617277,6.276898],[-75.617306,6.27685],[-75.61735,6.276802],[-75.617393,6.276772],[-75.617455,6.276759],[-75.617546,6.276759],[-75.617633,6.276768],[-75.617734,6.276797],[-75.617926,6.276859],[-75.618024,6.276884],[-75.618096,6.276894],[-75.618207,6.276894],[-75.618274,6.276884],[-75.618384,6.276856],[-75.618533,6.276832],[-75.618817,6.27676],[-75.618941,6.276711],[-75.618982,6.276684],[-75.61906,6.276573],[-75.619127,6.276467],[-75.619185,6.27639],[-75.619238,6.276347],[-75.619281,6.276318],[-75.619343,6.276298],[-75.619397,6.276303],[-75.619603,6.276318],[-75.6199,6.276366],[-75.619992,6.276372],[-75.620028,6.276374],[-75.620148,6.276389],[-75.620249,6.276417],[-75.620326,6.276455],[-75.620403,6.276499],[-75.620484,6.276591],[-75.620618,6.276807],[-75.620679,6.276882],[-75.620835,6.277019],[-75.621022,6.277139],[-75.621166,6.277231],[-75.621255,6.277326],[-75.621375,6.27747],[-75.621455,6.27752],[-75.621502,6.277528],[-75.621483,6.277468],[-75.621474,6.277407],[-75.621477,6.277375],[-75.621497,6.277308],[-75.621503,6.277236],[-75.621497,6.277183],[-75.621499,6.277154],[-75.62152,6.277098],[-75.621549,6.276987],[-75.62155,6.276954],[-75.621544,6.276888],[-75.621551,6.276824],[-75.621575,6.276689],[-75.621598,6.276584],[-75.621598,6.276545],[-75.621596,6.276501],[-75.621597,6.276475],[-75.621614,6.276411],[-75.621662,6.276353],[-75.621679,6.27631],[-75.621679,6.276269],[-75.621651,6.276112],[-75.62163,6.276022],[-75.621636,6.275975],[-75.621645,6.275841],[-75.62169,6.275707],[-75.621728,6.275626],[-75.621732,6.275583],[-75.621748,6.275449],[-75.621755,6.275419],[-75.621758,6.275381],[-75.621761,6.275307],[-75.621762,6.275254],[-75.621748,6.275179],[-75.621727,6.27505],[-75.621728,6.275021]]]]}},{"type":"Feature","properties":{"name":"Medellín Oriente","source":"https://siata.gov.co/kml/Pronostico%20%28Experimental%29/Meteorologico.kml","municipality":"Medellín"},"geometry":{"type":"MultiPolygon","coordinates":[[[[-75.504545,6.296493],[-75.506404,6.29865],[-75.509765,6.299089],[-75.512799,6.300443],[-75.514077,6.301156],[-75.515617,6.300297],[-75.516275,6.300003],[-75.517202,6.299346],[-75.518436,6.298573],[-75.519727,6.296752],[-75.520396,6.294931],[-75.52069,6.293956],[-75.521099,6.293223],[-75.520984,6.291797],[-75.521399,6.288623],[-75.525105,6.288176],[-75.525762,6.289225],[-75.527556,6.290259],[-75.528298,6.291444],[-75.530349,6.293839],[-75.529649,6.296398],[-75.531327,6.299077],[-75.533349,6.300205],[-75.534627,6.299492],[-75.536112,6.29883],[-75.53629,6.296611],[-75.535794,6.295258],[-75.537682,6.29469],[-75.536181,6.293398],[-75.536566,6.292709],[-75.536443,6.291187],[-75.53689,6.290802],[-75.536247,6.28965],[-75.53654,6.289201],[-75.536895,6.288896],[-75.536309,6.288392],[-75.536222,6.287311],[-75.536261,6.286835],[-75.536184,6.285879],[-75.53654,6.28508],[-75.537562,6.283443],[-75.537447,6.282018],[-75.539001,6.281551],[-75.539462,6.279867],[-75.539032,6.278904],[-75.537707,6.279644],[-75.536857,6.278446],[-75.536564,6.277154],[-75.536095,6.27675],[-75.536653,6.27575],[-75.535087,6.275052],[-75.536807,6.273974],[-75.53694,6.272319],[-75.534522,6.270235],[-75.533829,6.267934],[-75.53276,6.266693],[-75.532224,6.266231],[-75.534809,6.266439],[-75.536235,6.266324],[-75.537417,6.266419],[-75.539151,6.265419],[-75.53897,6.263169],[-75.53941,6.261233],[-75.541618,6.261714],[-75.54291,6.261325],[-75.542564,6.260059],[-75.5421,6.258621],[-75.541924,6.25848],[-75.541573,6.257251],[-75.538326,6.256794],[-75.536887,6.256973],[-75.5372,6.256495],[-75.538437,6.255591],[-75.53983,6.25529],[-75.539423,6.254323],[-75.539067,6.254038],[-75.539185,6.253089],[-75.53831,6.25272],[-75.538118,6.251171],[-75.538159,6.250839],[-75.536631,6.249616],[-75.53821,6.249274],[-75.538754,6.247983],[-75.540552,6.246543],[-75.540014,6.245144],[-75.540546,6.244238],[-75.53974,6.242911],[-75.537803,6.241361],[-75.537504,6.239981],[-75.536852,6.239459],[-75.536326,6.238211],[-75.534265,6.237822],[-75.533603,6.238649],[-75.531207,6.240058],[-75.529048,6.239748],[-75.528464,6.23836],[-75.527077,6.236077],[-75.526073,6.235654],[-75.525791,6.235302],[-75.525075,6.234729],[-75.525199,6.233735],[-75.525111,6.233032],[-75.52703,6.231811],[-75.527852,6.231914],[-75.528327,6.231533],[-75.528468,6.231357],[-75.527036,6.230571],[-75.526731,6.230242],[-75.526391,6.229927],[-75.528012,6.229617],[-75.52798,6.228821],[-75.528025,6.227694],[-75.528938,6.22773],[-75.529259,6.227383],[-75.530206,6.228035],[-75.530571,6.22802],[-75.531157,6.227388],[-75.531976,6.227083],[-75.532431,6.228047],[-75.533065,6.228022],[-75.533452,6.228037],[-75.534648,6.228671],[-75.535974,6.228323],[-75.536547,6.227705],[-75.536874,6.227718],[-75.538163,6.22738],[-75.539736,6.228213],[-75.539703,6.227387],[-75.540045,6.227401],[-75.540667,6.226356],[-75.539353,6.225138],[-75.540103,6.224547],[-75.541308,6.225185],[-75.54227,6.224523],[-75.543051,6.224554],[-75.543532,6.224535],[-75.543838,6.224864],[-75.544801,6.225169],[-75.545151,6.225547],[-75.546734,6.225485],[-75.547959,6.226132],[-75.548605,6.226437],[-75.548915,6.229353],[-75.550884,6.229275],[-75.551766,6.22611],[-75.552385,6.226778],[-75.553069,6.227412],[-75.554372,6.22736],[-75.554956,6.22673],[-75.555918,6.226768],[-75.556518,6.22612],[-75.559067,6.225815],[-75.559524,6.222943],[-75.56017,6.222969],[-75.560664,6.222949],[-75.560637,6.222256],[-75.558098,6.219904],[-75.555766,6.218803],[-75.551593,6.215184],[-75.551141,6.213757],[-75.549652,6.213452],[-75.546951,6.214561],[-75.54702,6.212812],[-75.546989,6.212019],[-75.547044,6.210631],[-75.546686,6.209956],[-75.54702,6.209647],[-75.547008,6.209324],[-75.547023,6.208938],[-75.547666,6.207722],[-75.547642,6.207105],[-75.547654,6.206788],[-75.54763,6.206182],[-75.547971,6.205208],[-75.547952,6.204728],[-75.547984,6.203917],[-75.549173,6.203964],[-75.550363,6.203547],[-75.549451,6.202221],[-75.550868,6.201552],[-75.550812,6.200131],[-75.550826,6.199772],[-75.551458,6.199186],[-75.551763,6.196638],[-75.552733,6.195228],[-75.552714,6.194736],[-75.553678,6.193162],[-75.553665,6.192835],[-75.553995,6.191892],[-75.553606,6.18778],[-75.554628,6.187456],[-75.555223,6.186196],[-75.55653,6.185237],[-75.556835,6.183736],[-75.555567,6.183335],[-75.555262,6.181517],[-75.556715,6.181057],[-75.557786,6.181433],[-75.559178,6.181738],[-75.558737,6.180482],[-75.558411,6.179449],[-75.558487,6.177532],[-75.559498,6.176595],[-75.560005,6.176008],[-75.558665,6.175375],[-75.556841,6.175447],[-75.554144,6.175341],[-75.553043,6.175727],[-75.551635,6.176031],[-75.548027,6.175277],[-75.544949,6.17447],[-75.543533,6.173495],[-75.54257,6.17319],[-75.541631,6.172861],[-75.540667,6.172556],[-75.538905,6.171122],[-75.538032,6.17018],[-75.537433,6.17145],[-75.535988,6.172383],[-75.535607,6.17319],[-75.534422,6.174737],[-75.533141,6.175341],[-75.53212,6.176044],[-75.531474,6.176348],[-75.531169,6.176759],[-75.531971,6.179046],[-75.531474,6.181421],[-75.531072,6.184359],[-75.529412,6.187071],[-75.528534,6.187485],[-75.528669,6.190896],[-75.52767,6.192199],[-75.526414,6.194431],[-75.525564,6.195665],[-75.520492,6.19607],[-75.518446,6.195989],[-75.511103,6.193672],[-75.508439,6.193037],[-75.506639,6.191094],[-75.505161,6.190626],[-75.503417,6.190015],[-75.50135,6.189523],[-75.498162,6.189998],[-75.498206,6.191096],[-75.498178,6.191781],[-75.49591,6.192199],[-75.494637,6.191526],[-75.492658,6.190899],[-75.48918,6.191037],[-75.484831,6.190228],[-75.48491,6.192205],[-75.48487,6.193199],[-75.483926,6.194074],[-75.483616,6.196016],[-75.48297,6.196955],[-75.482665,6.197648],[-75.483933,6.199491],[-75.484238,6.200137],[-75.485618,6.201416],[-75.485495,6.204523],[-75.485842,6.206178],[-75.484847,6.2071],[-75.484891,6.208215],[-75.484859,6.209007],[-75.484903,6.210098],[-75.48556,6.211973],[-75.48875,6.213848],[-75.48933,6.215078],[-75.490571,6.216228],[-75.490896,6.217314],[-75.490192,6.218643],[-75.491037,6.221054],[-75.49016,6.223558],[-75.49028,6.226596],[-75.491545,6.228662],[-75.491193,6.229327],[-75.489358,6.229254],[-75.488055,6.230254],[-75.486762,6.230863],[-75.485136,6.231724],[-75.483616,6.230559],[-75.482077,6.230254],[-75.478828,6.232897],[-75.478868,6.233893],[-75.478821,6.235063],[-75.476819,6.236008],[-75.473944,6.236693],[-75.473081,6.237625],[-75.473689,6.239949],[-75.472106,6.241416],[-75.472207,6.243949],[-75.472886,6.245233],[-75.473802,6.246082],[-75.473724,6.248047],[-75.474481,6.249263],[-75.476029,6.248443],[-75.4774,6.250774],[-75.478227,6.251165],[-75.478753,6.251732],[-75.480947,6.252151],[-75.48309,6.251778],[-75.483927,6.251811],[-75.484549,6.251786],[-75.485559,6.252481],[-75.486304,6.25406],[-75.48571,6.255183],[-75.486185,6.256994],[-75.48742,6.258139],[-75.487725,6.258785],[-75.488055,6.25909],[-75.48836,6.25942],[-75.488688,6.259407],[-75.490161,6.260186],[-75.491236,6.261347],[-75.491206,6.262108],[-75.491238,6.2629],[-75.49118,6.264353],[-75.492493,6.266065],[-75.492813,6.267408],[-75.493492,6.268692],[-75.494444,6.269574],[-75.495663,6.269526],[-75.496815,6.27077],[-75.496285,6.271771],[-75.495894,6.273007],[-75.493938,6.27338],[-75.493112,6.274659],[-75.492493,6.277088],[-75.494078,6.278111],[-75.494383,6.27844],[-75.495495,6.278965],[-75.49496,6.280493],[-75.495045,6.282632],[-75.496437,6.284655],[-75.497089,6.283951],[-75.497553,6.285415],[-75.497909,6.286088],[-75.498549,6.288773],[-75.499467,6.289207],[-75.500723,6.290228],[-75.500041,6.291517],[-75.499455,6.29206],[-75.49915,6.292706],[-75.498817,6.293015],[-75.499321,6.293968],[-75.498815,6.294924],[-75.500191,6.295252],[-75.501357,6.29651],[-75.501851,6.296968],[-75.502156,6.297297],[-75.502643,6.29715],[-75.503984,6.296199],[-75.504545,6.296493]]]]}},{"type":"Feature","properties":{"name":"Medellín Occidente","source":"https://siata.gov.co/kml/Pronostico%20%28Experimental%29/Meteorologico.kml","municipality":"Medellín"},"geometry":{"type":"MultiPolygon","coordinates":[[[[-75.611892,6.222529],[-75.61163,6.222772],[-75.611144,6.224811],[-75.610114,6.225297],[-75.609628,6.22912],[-75.611343,6.228213],[-75.612769,6.226674],[-75.615716,6.227707],[-75.615671,6.228843],[-75.61571,6.229844],[-75.614883,6.230611],[-75.615963,6.231612],[-75.61516,6.233901],[-75.616801,6.234961],[-75.621824,6.235919],[-75.619546,6.236994],[-75.61563,6.236312],[-75.61235,6.236442],[-75.614141,6.239827],[-75.617849,6.241001],[-75.61975,6.242007],[-75.621237,6.240402],[-75.622238,6.241482],[-75.622821,6.242022],[-75.622742,6.244006],[-75.62368,6.245777],[-75.62538,6.246514],[-75.6277,6.245287],[-75.630489,6.246264],[-75.631331,6.248049],[-75.631856,6.248535],[-75.631827,6.249256],[-75.629815,6.250555],[-75.629329,6.251356],[-75.631857,6.252548],[-75.631826,6.253343],[-75.631856,6.254109],[-75.63131,6.25514],[-75.629258,6.255059],[-75.631917,6.258206],[-75.628782,6.261111],[-75.628825,6.262192],[-75.628435,6.262679],[-75.626625,6.259876],[-75.624702,6.258095],[-75.622934,6.258165],[-75.623777,6.262192],[-75.621733,6.262679],[-75.621247,6.263204],[-75.620125,6.263689],[-75.61807,6.262602],[-75.617206,6.261669],[-75.615353,6.259952],[-75.614565,6.260801],[-75.614706,6.264356],[-75.616089,6.26697],[-75.617186,6.26962],[-75.614263,6.268595],[-75.61367,6.26672],[-75.613095,6.266188],[-75.612135,6.264155],[-75.609999,6.264239],[-75.607661,6.266763],[-75.606588,6.26672],[-75.606074,6.26674],[-75.605066,6.266207],[-75.603941,6.268592],[-75.600515,6.269246],[-75.600592,6.271179],[-75.599617,6.273022],[-75.602611,6.27397],[-75.605391,6.272995],[-75.60709,6.274829],[-75.608965,6.273837],[-75.610654,6.273302],[-75.610102,6.27279],[-75.612174,6.271452],[-75.61569,6.270781],[-75.61986,6.269909],[-75.619049,6.272224],[-75.621773,6.274748],[-75.625288,6.275308],[-75.627452,6.276797],[-75.629312,6.275813],[-75.63134,6.275893],[-75.633369,6.275813],[-75.634363,6.276338],[-75.635468,6.276295],[-75.636419,6.275269],[-75.638045,6.275333],[-75.640461,6.278406],[-75.640402,6.279893],[-75.637895,6.279794],[-75.63795,6.281179],[-75.635301,6.279777],[-75.631385,6.279933],[-75.629899,6.278328],[-75.624503,6.279032],[-75.622762,6.277834],[-75.620375,6.276292],[-75.619059,6.276344],[-75.616195,6.277348],[-75.611124,6.277834],[-75.609161,6.278522],[-75.610133,6.28036],[-75.610818,6.28181],[-75.609387,6.282485],[-75.610141,6.28391],[-75.608544,6.284906],[-75.607138,6.283389],[-75.606384,6.283418],[-75.605584,6.285944],[-75.604225,6.285225],[-75.603566,6.285936],[-75.602317,6.287093],[-75.604364,6.290436],[-75.600011,6.291473],[-75.59835,6.292055],[-75.596084,6.294501],[-75.593949,6.295009],[-75.592957,6.295534],[-75.592191,6.295504],[-75.590865,6.295557],[-75.589338,6.293909],[-75.586839,6.296605],[-75.586897,6.298058],[-75.586371,6.299558],[-75.586461,6.301829],[-75.584856,6.302587],[-75.583865,6.303745],[-75.585886,6.305618],[-75.586372,6.306647],[-75.586897,6.30764],[-75.586801,6.310066],[-75.590782,6.30867],[-75.593968,6.308163],[-75.594959,6.307638],[-75.597093,6.306963],[-75.600728,6.308237],[-75.604862,6.309222],[-75.608598,6.313254],[-75.613762,6.314205],[-75.615807,6.313123],[-75.623339,6.314523],[-75.625417,6.313093],[-75.628057,6.31491],[-75.631049,6.316322],[-75.63537,6.317352],[-75.637393,6.320792],[-75.640989,6.321648],[-75.64497,6.326349],[-75.648104,6.329961],[-75.650041,6.330876],[-75.652769,6.332968],[-75.655003,6.332879],[-75.655805,6.328677],[-75.658629,6.326854],[-75.662146,6.323803],[-75.663738,6.322775],[-75.666071,6.322868],[-75.669592,6.321422],[-75.670379,6.318118],[-75.669273,6.314961],[-75.668446,6.31149],[-75.671951,6.307342],[-75.671443,6.29452],[-75.672985,6.289253],[-75.679023,6.282521],[-75.68138,6.281409],[-75.683482,6.280297],[-75.686763,6.279258],[-75.689096,6.276077],[-75.691464,6.275327],[-75.694173,6.273669],[-75.696354,6.27264],[-75.697245,6.270752],[-75.698556,6.268274],[-75.70032,6.264536],[-75.702478,6.263517],[-75.703163,6.261355],[-75.70584,6.260092],[-75.707105,6.258133],[-75.707891,6.257404],[-75.70862,6.255102],[-75.709671,6.253116],[-75.70961,6.251575],[-75.70965,6.250565],[-75.709563,6.248354],[-75.710155,6.245523],[-75.710641,6.242631],[-75.706353,6.241948],[-75.702756,6.237374],[-75.701925,6.231292],[-75.703204,6.226925],[-75.702558,6.226327],[-75.702072,6.224287],[-75.699885,6.221109],[-75.701183,6.217949],[-75.700043,6.215794],[-75.699547,6.212163],[-75.69866,6.209633],[-75.702085,6.2049],[-75.702028,6.20346],[-75.699489,6.201107],[-75.697673,6.199147],[-75.696216,6.194548],[-75.694476,6.193997],[-75.693485,6.193472],[-75.690191,6.192843],[-75.688433,6.190947],[-75.687909,6.190461],[-75.686918,6.188926],[-75.684878,6.186419],[-75.684392,6.183874],[-75.683792,6.181009],[-75.681697,6.177587],[-75.680856,6.174578],[-75.682124,6.168514],[-75.679881,6.163182],[-75.675804,6.166718],[-75.673974,6.167709],[-75.667829,6.16238],[-75.664743,6.164504],[-75.659134,6.169244],[-75.656313,6.16973],[-75.655598,6.168214],[-75.655053,6.167185],[-75.649504,6.167405],[-75.64701,6.165689],[-75.645415,6.164697],[-75.645551,6.168114],[-75.64701,6.170235],[-75.647253,6.171002],[-75.647869,6.171175],[-75.647426,6.171618],[-75.647253,6.171002],[-75.6465,6.17126],[-75.64599,6.17125],[-75.645241,6.171265],[-75.637721,6.173333],[-75.634851,6.174812],[-75.634893,6.176857],[-75.635892,6.177817],[-75.637052,6.180209],[-75.634926,6.182252],[-75.634376,6.183384],[-75.633356,6.183879],[-75.631346,6.185404],[-75.62982,6.186405],[-75.628073,6.188223],[-75.626799,6.191516],[-75.628572,6.193219],[-75.62954,6.196203],[-75.618764,6.195983],[-75.617201,6.196518],[-75.616547,6.196505],[-75.615191,6.190941],[-75.61416,6.189951],[-75.612941,6.188682],[-75.611644,6.185394],[-75.609396,6.182609],[-75.607989,6.181363],[-75.603113,6.183875],[-75.601026,6.184384],[-75.59851,6.18591],[-75.595847,6.18696],[-75.593112,6.188369],[-75.591713,6.192682],[-75.59521,6.193534],[-75.594455,6.194999],[-75.594974,6.195498],[-75.595749,6.197886],[-75.598076,6.199411],[-75.600115,6.200073],[-75.602799,6.200018],[-75.604057,6.202611],[-75.606107,6.202569],[-75.607088,6.20359],[-75.609784,6.205589],[-75.605609,6.206171],[-75.606593,6.207116],[-75.607264,6.207815],[-75.606578,6.209145],[-75.608144,6.209654],[-75.605067,6.210652],[-75.604227,6.211527],[-75.605077,6.213179],[-75.605057,6.214193],[-75.605077,6.215208],[-75.604559,6.216214],[-75.60512,6.217303],[-75.611649,6.218736],[-75.610708,6.220562],[-75.612301,6.221334],[-75.611892,6.222529],[-75.612508,6.222702],[-75.612065,6.223145],[-75.611892,6.222529]],[[-75.6225,6.235158],[-75.623116,6.235331],[-75.622673,6.235774],[-75.6225,6.235158]]]]}},{"type":"Feature","properties":{"name":"Itagüí","source":"https://siata.gov.co/kml/Pronostico%20%28Experimental%29/Meteorologico.kml","municipality":"Itagüí"},"geometry":{"type":"MultiPolygon","coordinates":[[[[-75.585412,6.186565],[-75.585516,6.186639],[-75.585608,6.186706],[-75.585712,6.186763],[-75.585822,6.186836],[-75.585921,6.186893],[-75.586018,6.186961],[-75.586117,6.187028],[-75.586203,6.187097],[-75.586291,6.187176],[-75.586371,6.187256],[-75.586458,6.187335],[-75.586551,6.187413],[-75.586626,6.187493],[-75.586719,6.187579],[-75.586806,6.187652],[-75.586898,6.187731],[-75.586985,6.1878],[-75.587089,6.187884],[-75.58717,6.187976],[-75.587257,6.188054],[-75.587361,6.188146],[-75.587442,6.18823],[-75.587518,6.18831],[-75.58761,6.188389],[-75.587697,6.188469],[-75.58779,6.188536],[-75.587893,6.188611],[-75.587986,6.188684],[-75.58809,6.188768],[-75.588194,6.188831],[-75.588293,6.188905],[-75.588391,6.188966],[-75.588512,6.189035],[-75.58861,6.189102],[-75.588702,6.189164],[-75.588795,6.189232],[-75.588882,6.189301],[-75.588986,6.189374],[-75.589078,6.189436],[-75.589171,6.189504],[-75.589275,6.189572],[-75.589379,6.189645],[-75.589465,6.189714],[-75.589564,6.189781],[-75.589656,6.189843],[-75.589742,6.189912],[-75.589835,6.189974],[-75.589933,6.190035],[-75.590037,6.190104],[-75.590136,6.190166],[-75.590251,6.190239],[-75.590355,6.190307],[-75.590459,6.19037],[-75.590562,6.190431],[-75.590661,6.190499],[-75.590759,6.190561],[-75.590857,6.190618],[-75.590961,6.190663],[-75.591065,6.190719],[-75.591163,6.190781],[-75.591267,6.190843],[-75.591365,6.1909],[-75.591469,6.190957],[-75.591561,6.191024],[-75.591665,6.19108],[-75.591764,6.191143],[-75.591856,6.191205],[-75.591965,6.191273],[-75.592052,6.19134],[-75.592139,6.191409],[-75.592226,6.191493],[-75.592313,6.191562],[-75.592314,6.19167],[-75.59224,6.191779],[-75.592201,6.191882],[-75.592161,6.191986],[-75.592111,6.192083],[-75.592066,6.192192],[-75.592027,6.192301],[-75.59197,6.192422],[-75.591943,6.19253],[-75.591909,6.192663],[-75.591916,6.192771],[-75.592031,6.192833],[-75.592135,6.192866],[-75.592238,6.192906],[-75.592342,6.192956],[-75.592446,6.192996],[-75.592555,6.193052],[-75.592654,6.193102],[-75.592757,6.193153],[-75.592878,6.193181],[-75.592993,6.193214],[-75.593102,6.193214],[-75.593217,6.193224],[-75.593333,6.193235],[-75.593442,6.19324],[-75.593556,6.193256],[-75.593666,6.193284],[-75.593776,6.193312],[-75.593879,6.193345],[-75.593983,6.193384],[-75.594092,6.193412],[-75.594207,6.193446],[-75.594322,6.193485],[-75.594431,6.193501],[-75.594541,6.193534],[-75.594656,6.193556],[-75.594777,6.193567],[-75.594886,6.193601],[-75.594995,6.193635],[-75.595111,6.193691],[-75.595192,6.193775],[-75.595262,6.193867],[-75.595366,6.193945],[-75.595447,6.19402],[-75.59554,6.194093],[-75.595632,6.194162],[-75.59573,6.194223],[-75.595822,6.194285],[-75.595915,6.194358],[-75.596013,6.194427],[-75.5961,6.194506],[-75.596187,6.19458],[-75.596262,6.194659],[-75.596343,6.194739],[-75.59643,6.194824],[-75.596517,6.194898],[-75.59661,6.19496],[-75.596702,6.195027],[-75.596795,6.195096],[-75.59691,6.195164],[-75.597025,6.195225],[-75.597123,6.195276],[-75.597227,6.195345],[-75.597342,6.195401],[-75.597458,6.195474],[-75.597562,6.195536],[-75.597666,6.195592],[-75.597764,6.195649],[-75.597862,6.195711],[-75.597961,6.195767],[-75.598058,6.195829],[-75.598151,6.195892],[-75.598255,6.19596],[-75.598359,6.196022],[-75.598463,6.196072],[-75.598566,6.196128],[-75.598676,6.196186],[-75.598774,6.196236],[-75.598878,6.196298],[-75.598976,6.19636],[-75.599075,6.196422],[-75.599172,6.196485],[-75.599288,6.196541],[-75.599397,6.196597],[-75.599507,6.196653],[-75.599617,6.196704],[-75.599726,6.196743],[-75.599835,6.196788],[-75.599963,6.196827],[-75.600072,6.196861],[-75.600187,6.196894],[-75.600308,6.196933],[-75.600423,6.196956],[-75.600532,6.196978],[-75.600642,6.19701],[-75.600751,6.197033],[-75.600866,6.197066],[-75.600976,6.197094],[-75.600998,6.197101],[-75.601079,6.197128],[-75.601183,6.197161],[-75.601286,6.197195],[-75.601402,6.197251],[-75.601517,6.197307],[-75.601627,6.197358],[-75.601731,6.19742],[-75.601808,6.197472],[-75.601834,6.197488],[-75.601927,6.19755],[-75.602031,6.197629],[-75.602135,6.197686],[-75.602239,6.197748],[-75.602343,6.197816],[-75.602429,6.197883],[-75.602528,6.197952],[-75.602637,6.198008],[-75.602741,6.198059],[-75.602845,6.198109],[-75.60296,6.19816],[-75.603081,6.198193],[-75.603202,6.198216],[-75.603317,6.198227],[-75.603426,6.198231],[-75.603541,6.19823],[-75.60365,6.198229],[-75.603765,6.198234],[-75.603879,6.198233],[-75.604011,6.198232],[-75.604138,6.198231],[-75.604259,6.198236],[-75.604368,6.198247],[-75.604477,6.198263],[-75.604592,6.198279],[-75.604707,6.19829],[-75.604822,6.198318],[-75.604937,6.198322],[-75.605064,6.198345],[-75.605179,6.198361],[-75.6053,6.198377],[-75.60542,6.198399],[-75.605553,6.198427],[-75.605662,6.198438],[-75.605794,6.198459],[-75.60585,6.198469],[-75.605962,6.198462],[-75.606592,6.19825],[-75.607434,6.198563],[-75.607605,6.198648],[-75.607633,6.198651],[-75.607748,6.198668],[-75.607857,6.198679],[-75.607967,6.198695],[-75.608081,6.198705],[-75.608202,6.198716],[-75.60834,6.198726],[-75.60845,6.198737],[-75.608564,6.198754],[-75.608708,6.198764],[-75.608817,6.198769],[-75.608938,6.19878],[-75.609047,6.198784],[-75.609208,6.198801],[-75.609317,6.19881],[-75.609432,6.198827],[-75.609541,6.198827],[-75.609679,6.198842],[-75.609788,6.198853],[-75.609926,6.198875],[-75.610047,6.198898],[-75.610174,6.198913],[-75.610311,6.198935],[-75.61045,6.198957],[-75.610571,6.198979],[-75.610708,6.199006],[-75.610824,6.199017],[-75.610933,6.199016],[-75.611128,6.199027],[-75.611243,6.199031],[-75.611317,6.199038],[-75.612008,6.198918],[-75.612954,6.198757],[-75.614162,6.198386],[-75.614897,6.19791],[-75.616157,6.197486],[-75.61705,6.197378],[-75.618311,6.196901],[-75.619729,6.196581],[-75.620832,6.19642],[-75.621726,6.196259],[-75.622829,6.196256],[-75.623934,6.196358],[-75.624775,6.196514],[-75.625564,6.196617],[-75.626353,6.196877],[-75.627037,6.196928],[-75.627561,6.196558],[-75.628296,6.196082],[-75.629295,6.19608],[-75.629558,6.196394],[-75.629929,6.197235],[-75.630195,6.198234],[-75.630512,6.199022],[-75.63104,6.199599],[-75.631778,6.200544],[-75.632103,6.200799],[-75.632132,6.20081],[-75.632242,6.200854],[-75.632352,6.200905],[-75.632461,6.200956],[-75.632576,6.200989],[-75.632686,6.201006],[-75.632795,6.201011],[-75.632822,6.201004],[-75.632915,6.200981],[-75.633012,6.200923],[-75.633127,6.200877],[-75.633236,6.20087],[-75.633281,6.200767],[-75.63332,6.200664],[-75.633359,6.200561],[-75.633404,6.200451],[-75.633449,6.200326],[-75.6335,6.200228],[-75.633551,6.200125],[-75.633601,6.200027],[-75.633658,6.199929],[-75.633732,6.199815],[-75.633751,6.199782],[-75.633794,6.199711],[-75.633844,6.199614],[-75.633889,6.199511],[-75.633946,6.199402],[-75.634003,6.199298],[-75.634059,6.199201],[-75.634109,6.199081],[-75.634149,6.198977],[-75.634182,6.198857],[-75.634221,6.198748],[-75.634238,6.19864],[-75.634271,6.198496],[-75.634287,6.198382],[-75.634298,6.198273],[-75.634319,6.198141],[-75.634341,6.198033],[-75.634363,6.197918],[-75.634391,6.197809],[-75.634419,6.1977],[-75.634447,6.197586],[-75.634486,6.197477],[-75.634513,6.197345],[-75.634541,6.197237],[-75.634569,6.197122],[-75.634608,6.197013],[-75.634642,6.196898],[-75.634692,6.196784],[-75.634731,6.196674],[-75.634782,6.196566],[-75.634821,6.196457],[-75.634866,6.196354],[-75.634917,6.196256],[-75.634974,6.196141],[-75.635024,6.196027],[-75.635086,6.195929],[-75.635137,6.19582],[-75.635194,6.195723],[-75.635267,6.19562],[-75.635312,6.195516],[-75.635358,6.195413],[-75.635402,6.19531],[-75.635447,6.195201],[-75.635492,6.195097],[-75.635532,6.194994],[-75.635582,6.194891],[-75.635622,6.194783],[-75.635672,6.194667],[-75.635723,6.194564],[-75.635779,6.194461],[-75.635842,6.194357],[-75.635915,6.194271],[-75.635972,6.194168],[-75.636011,6.194054],[-75.636074,6.193955],[-75.636124,6.193852],[-75.636192,6.193744],[-75.636278,6.193669],[-75.636363,6.1936],[-75.63646,6.193536],[-75.636569,6.193501],[-75.636683,6.19346],[-75.636792,6.193424],[-75.636901,6.193389],[-75.637016,6.193331],[-75.637118,6.193284],[-75.637221,6.193226],[-75.637318,6.193169],[-75.637415,6.193117],[-75.637513,6.193065],[-75.637615,6.193024],[-75.637724,6.192983],[-75.637839,6.192953],[-75.637971,6.192942],[-75.63808,6.192935],[-75.638201,6.192934],[-75.638309,6.192939],[-75.63843,6.192961],[-75.638546,6.192977],[-75.638678,6.192998],[-75.638787,6.193009],[-75.638896,6.192998],[-75.639011,6.192979],[-75.63912,6.192955],[-75.639251,6.192914],[-75.63936,6.192862],[-75.639457,6.192804],[-75.639531,6.192718],[-75.639593,6.192621],[-75.639655,6.192523],[-75.639706,6.19242],[-75.639757,6.192322],[-75.639802,6.192219],[-75.639858,6.192116],[-75.639898,6.192013],[-75.63992,6.191898],[-75.639948,6.191783],[-75.639987,6.191669],[-75.640043,6.191554],[-75.640093,6.191445],[-75.640139,6.191342],[-75.640195,6.191245],[-75.640252,6.191141],[-75.640331,6.191049],[-75.6404,6.190963],[-75.640433,6.190843],[-75.640461,6.190728],[-75.640477,6.190619],[-75.640539,6.190528],[-75.640572,6.190395],[-75.640617,6.190253],[-75.640662,6.190149],[-75.640696,6.190029],[-75.640723,6.18992],[-75.640739,6.189782],[-75.64075,6.189674],[-75.640772,6.18956],[-75.640759,6.189451],[-75.640758,6.189337],[-75.640757,6.189223],[-75.64071,6.18912],[-75.640652,6.189018],[-75.640594,6.188915],[-75.640535,6.188818],[-75.640489,6.188715],[-75.640424,6.188619],[-75.640349,6.188528],[-75.640279,6.188437],[-75.64021,6.188347],[-75.640134,6.188255],[-75.640053,6.188176],[-75.639966,6.188096],[-75.639873,6.188029],[-75.639804,6.187938],[-75.639751,6.187841],[-75.639699,6.187744],[-75.639663,6.187642],[-75.639634,6.187528],[-75.639604,6.187413],[-75.639591,6.187299],[-75.639585,6.18719],[-75.639584,6.187082],[-75.639577,6.186973],[-75.639576,6.186859],[-75.639569,6.186751],[-75.639568,6.186637],[-75.639567,6.186516],[-75.639555,6.186396],[-75.639548,6.186288],[-75.639501,6.186185],[-75.639431,6.186095],[-75.63935,6.186003],[-75.639298,6.185906],[-75.639245,6.185792],[-75.639215,6.185678],[-75.639214,6.185559],[-75.639225,6.18545],[-75.639252,6.18534],[-75.639257,6.185232],[-75.639233,6.185124],[-75.639209,6.18501],[-75.639179,6.18489],[-75.639149,6.18477],[-75.639108,6.184662],[-75.639073,6.184559],[-75.639038,6.184456],[-75.638996,6.184342],[-75.638966,6.184228],[-75.638931,6.184114],[-75.638913,6.184],[-75.638981,6.183909],[-75.639037,6.183806],[-75.639059,6.183696],[-75.639053,6.183587],[-75.639052,6.183479],[-75.639022,6.183371],[-75.638947,6.183292],[-75.63886,6.183223],[-75.638767,6.183133],[-75.638675,6.18307],[-75.638577,6.183008],[-75.638473,6.182969],[-75.638369,6.18293],[-75.638271,6.182862],[-75.638179,6.182793],[-75.638115,6.182698],[-75.638062,6.182595],[-75.63805,6.182486],[-75.638043,6.182378],[-75.638042,6.18227],[-75.638012,6.182155],[-75.637988,6.182046],[-75.63797,6.181938],[-75.637906,6.181836],[-75.637825,6.181756],[-75.63772,6.181677],[-75.637628,6.181614],[-75.637535,6.181541],[-75.637449,6.18145],[-75.637379,6.181365],[-75.637314,6.181246],[-75.637279,6.181137],[-75.637249,6.181029],[-75.637237,6.180915],[-75.637219,6.180801],[-75.637212,6.180692],[-75.6372,6.180583],[-75.637187,6.180474],[-75.637135,6.180378],[-75.637054,6.180298],[-75.636978,6.180214],[-75.636897,6.180134],[-75.636793,6.180055],[-75.636712,6.179969],[-75.636648,6.179878],[-75.636595,6.179777],[-75.636543,6.179668],[-75.636513,6.17956],[-75.6365,6.179451],[-75.636482,6.179336],[-75.636481,6.179222],[-75.636491,6.179102],[-75.636496,6.178988],[-75.636495,6.17888],[-75.636489,6.178766],[-75.63647,6.178645],[-75.636429,6.178491],[-75.636388,6.178389],[-75.636335,6.17828],[-75.636271,6.178172],[-75.636201,6.178064],[-75.636119,6.177974],[-75.636044,6.177894],[-75.635952,6.177826],[-75.635853,6.177764],[-75.635761,6.177701],[-75.635657,6.177645],[-75.635553,6.177589],[-75.635455,6.177538],[-75.635357,6.177471],[-75.635282,6.177391],[-75.63527,6.177277],[-75.635268,6.177162],[-75.635267,6.177048],[-75.635255,6.176933],[-75.635237,6.176813],[-75.635201,6.176699],[-75.635165,6.176591],[-75.635101,6.176477],[-75.635043,6.176376],[-75.635002,6.176273],[-75.634926,6.17617],[-75.634851,6.176079],[-75.63477,6.175994],[-75.634751,6.175913],[-75.634746,6.175886],[-75.634785,6.175771],[-75.634847,6.175673],[-75.634933,6.175599],[-75.63503,6.175518],[-75.635133,6.17546],[-75.635224,6.175397],[-75.635332,6.17535],[-75.635435,6.175303],[-75.635532,6.175245],[-75.635618,6.175159],[-75.635697,6.175079],[-75.635783,6.17501],[-75.635868,6.17494],[-75.635971,6.174859],[-75.636062,6.174784],[-75.636148,6.174698],[-75.636239,6.174612],[-75.63633,6.174548],[-75.636421,6.174479],[-75.636524,6.17441],[-75.636633,6.174334],[-75.63673,6.17427],[-75.636826,6.174212],[-75.63693,6.174143],[-75.637032,6.174074],[-75.637118,6.174005],[-75.637203,6.173935],[-75.6373,6.173878],[-75.637403,6.173814],[-75.6375,6.173756],[-75.637603,6.173692],[-75.637717,6.173623],[-75.63782,6.17356],[-75.637929,6.173496],[-75.638031,6.173427],[-75.63814,6.173374],[-75.638249,6.173317],[-75.638351,6.17327],[-75.63846,6.173229],[-75.638569,6.173182],[-75.638671,6.173136],[-75.63878,6.173095],[-75.6389,6.173054],[-75.639021,6.173019],[-75.639147,6.172978],[-75.639267,6.172943],[-75.639376,6.172913],[-75.63949,6.17289],[-75.639599,6.172866],[-75.63972,6.172854],[-75.639829,6.172831],[-75.639943,6.172795],[-75.640052,6.172777],[-75.640167,6.172747],[-75.640288,6.172719],[-75.640396,6.172683],[-75.640505,6.172665],[-75.640625,6.172635],[-75.64074,6.172612],[-75.640878,6.172577],[-75.641003,6.172553],[-75.641124,6.172517],[-75.641256,6.172482],[-75.641364,6.172448],[-75.641468,6.172407],[-75.641588,6.172366],[-75.641696,6.172319],[-75.641828,6.172267],[-75.641937,6.172214],[-75.642045,6.172162],[-75.642148,6.172121],[-75.642251,6.172074],[-75.64236,6.17204],[-75.642463,6.171999],[-75.642572,6.171958],[-75.642675,6.171917],[-75.642795,6.171848],[-75.642909,6.171796],[-75.643012,6.17176],[-75.643115,6.171725],[-75.643229,6.171685],[-75.643338,6.171655],[-75.643447,6.171661],[-75.643562,6.171665],[-75.643677,6.17167],[-75.643762,6.171682],[-75.643787,6.171686],[-75.643896,6.171685],[-75.64401,6.171685],[-75.644125,6.171684],[-75.64424,6.171665],[-75.644354,6.171653],[-75.644464,6.171646],[-75.64459,6.171635],[-75.64471,6.171616],[-75.644819,6.17161],[-75.644928,6.171592],[-75.645037,6.171568],[-75.645152,6.171556],[-75.645284,6.171543],[-75.645393,6.171532],[-75.645502,6.171519],[-75.645611,6.171513],[-75.645731,6.171506],[-75.645858,6.1715],[-75.64599,6.171481],[-75.646116,6.171469],[-75.64626,6.17145],[-75.646374,6.171433],[-75.646483,6.171409],[-75.646592,6.171379],[-75.646706,6.171373],[-75.646815,6.171372],[-75.646936,6.171371],[-75.647045,6.171359],[-75.64716,6.171353],[-75.647304,6.171345],[-75.647424,6.171334],[-75.647475,6.171236],[-75.64744,6.171134],[-75.647398,6.171025],[-75.647363,6.170917],[-75.647316,6.170809],[-75.647263,6.170706],[-75.647228,6.170603],[-75.647186,6.170495],[-75.64714,6.170392],[-75.647087,6.17029],[-75.647023,6.170199],[-75.646942,6.170102],[-75.64686,6.170005],[-75.646779,6.169921],[-75.646693,6.169852],[-75.646589,6.169785],[-75.64649,6.169729],[-75.646376,6.169706],[-75.646249,6.169673],[-75.64614,6.169651],[-75.646036,6.169611],[-75.645938,6.169561],[-75.645903,6.169447],[-75.645873,6.169338],[-75.645854,6.16923],[-75.645836,6.169122],[-75.645806,6.169007],[-75.645771,6.168893],[-75.645747,6.168779],[-75.645729,6.168665],[-75.645693,6.168563],[-75.645664,6.168449],[-75.645634,6.168335],[-75.64561,6.168209],[-75.64558,6.168088],[-75.645567,6.167974],[-75.645543,6.167855],[-75.645519,6.167741],[-75.645501,6.167626],[-75.645472,6.167518],[-75.64543,6.167387],[-75.645406,6.167267],[-75.645382,6.167159],[-75.64537,6.167039],[-75.645346,6.166924],[-75.645316,6.166816],[-75.645298,6.166696],[-75.645285,6.166588],[-75.645278,6.166468],[-75.645266,6.166359],[-75.645242,6.166245],[-75.645224,6.166137],[-75.6452,6.166023],[-75.645187,6.165896],[-75.645186,6.165777],[-75.645145,6.165657],[-75.645024,6.165647],[-75.644915,6.165647],[-75.644806,6.165642],[-75.644697,6.165644],[-75.644582,6.165644],[-75.644473,6.165622],[-75.644369,6.165577],[-75.644271,6.165504],[-75.644172,6.16543],[-75.644085,6.165356],[-75.643993,6.165294],[-75.643901,6.165232],[-75.6438,6.165189],[-75.643687,6.165125],[-75.643578,6.165074],[-75.643474,6.165018],[-75.643364,6.164956],[-75.643266,6.1649],[-75.643162,6.164849],[-75.643059,6.164798],[-75.642955,6.164753],[-75.642834,6.164732],[-75.64273,6.164698],[-75.642621,6.164681],[-75.642477,6.164659],[-75.642356,6.164655],[-75.642242,6.16465],[-75.642127,6.164639],[-75.642012,6.164635],[-75.641886,6.164624],[-75.64177,6.164625],[-75.641656,6.164614],[-75.641546,6.164609],[-75.641403,6.164593],[-75.641276,6.164594],[-75.641168,6.164595],[-75.641052,6.164596],[-75.640938,6.164597],[-75.640823,6.164597],[-75.640714,6.164598],[-75.640588,6.164616],[-75.640467,6.164629],[-75.640347,6.164629],[-75.640237,6.164625],[-75.640123,6.164597],[-75.639979,6.164552],[-75.639875,6.164507],[-75.639777,6.164451],[-75.639678,6.1644],[-75.639569,6.164349],[-75.639465,6.164299],[-75.639361,6.164254],[-75.639263,6.164203],[-75.639148,6.164175],[-75.639033,6.16413],[-75.638923,6.164102],[-75.63882,6.164063],[-75.638705,6.164053],[-75.63859,6.164042],[-75.638469,6.164043],[-75.638349,6.164044],[-75.638217,6.164039],[-75.638073,6.16404],[-75.637953,6.164059],[-75.637844,6.164065],[-75.637706,6.164083],[-75.637586,6.164095],[-75.637477,6.164108],[-75.637362,6.164126],[-75.637248,6.164143],[-75.63711,6.164162],[-75.636995,6.164197],[-75.636886,6.164209],[-75.636771,6.164233],[-75.636662,6.164233],[-75.636554,6.16424],[-75.636444,6.164241],[-75.636357,6.164156],[-75.636299,6.164059],[-75.636258,6.163951],[-75.636194,6.163848],[-75.636141,6.163746],[-75.636089,6.16365],[-75.636036,6.163547],[-75.635995,6.163444],[-75.635942,6.163342],[-75.63589,6.163245],[-75.635826,6.163154],[-75.635745,6.163069],[-75.635647,6.163001],[-75.63564,6.162893],[-75.635691,6.162789],[-75.635752,6.162669],[-75.635809,6.162571],[-75.63586,6.162467],[-75.635905,6.162353],[-75.63595,6.16225],[-75.635989,6.162135],[-75.636028,6.162026],[-75.636056,6.161918],[-75.636089,6.161809],[-75.636117,6.1617],[-75.636156,6.161585],[-75.63619,6.161465],[-75.636229,6.161344],[-75.636251,6.161236],[-75.636279,6.161127],[-75.636306,6.161019],[-75.636328,6.160886],[-75.636339,6.160772],[-75.636349,6.160658],[-75.636354,6.160544],[-75.636364,6.160429],[-75.636369,6.16032],[-75.636368,6.160212],[-75.636367,6.160103],[-75.636343,6.159989],[-75.636325,6.159881],[-75.636284,6.159767],[-75.636248,6.159658],[-75.636196,6.159561],[-75.636126,6.159477],[-75.636056,6.15938],[-75.635975,6.159294],[-75.635905,6.159204],[-75.635835,6.159118],[-75.635772,6.159027],[-75.635713,6.158919],[-75.635672,6.158811],[-75.635636,6.158703],[-75.635595,6.158577],[-75.635566,6.158468],[-75.635536,6.15836],[-75.635512,6.158246],[-75.635494,6.158137],[-75.635475,6.158029],[-75.63544,6.157926],[-75.63541,6.157818],[-75.635386,6.157709],[-75.635351,6.157595],[-75.63531,6.157487],[-75.635252,6.157386],[-75.635182,6.1573],[-75.635084,6.157249],[-75.634968,6.157204],[-75.634854,6.157193],[-75.634727,6.157189],[-75.634613,6.157184],[-75.634497,6.157184],[-75.634389,6.157186],[-75.634268,6.157175],[-75.634152,6.157158],[-75.634044,6.157148],[-75.633929,6.157137],[-75.633814,6.157126],[-75.633699,6.157111],[-75.633578,6.157106],[-75.633463,6.157089],[-75.633354,6.157085],[-75.633245,6.157074],[-75.633136,6.157069],[-75.633027,6.157064],[-75.6329,6.157059],[-75.632785,6.157061],[-75.632676,6.157055],[-75.632561,6.157044],[-75.632446,6.157046],[-75.632337,6.157023],[-75.632228,6.157007],[-75.632119,6.15698],[-75.632009,6.156952],[-75.6319,6.156924],[-75.63179,6.156885],[-75.631681,6.156851],[-75.631571,6.156818],[-75.631468,6.156784],[-75.631358,6.156739],[-75.631237,6.156689],[-75.631133,6.156638],[-75.63103,6.156599],[-75.630926,6.156548],[-75.630805,6.156498],[-75.630701,6.156453],[-75.630586,6.156403],[-75.630488,6.156351],[-75.63039,6.1563],[-75.630275,6.15625],[-75.630176,6.156199],[-75.630079,6.156149],[-75.629975,6.156092],[-75.629865,6.156024],[-75.629766,6.155956],[-75.629669,6.1559],[-75.629565,6.155838],[-75.629466,6.15577],[-75.62938,6.155691],[-75.629299,6.155611],[-75.629223,6.155521],[-75.629153,6.155435],[-75.629089,6.155345],[-75.629025,6.155248],[-75.628973,6.155145],[-75.62892,6.155042],[-75.628879,6.154934],[-75.628837,6.15482],[-75.628808,6.154712],[-75.628772,6.154603],[-75.62876,6.154489],[-75.628731,6.154381],[-75.628718,6.154267],[-75.628631,6.154199],[-75.628511,6.154239],[-75.628397,6.154291],[-75.62827,6.154338],[-75.628162,6.154385],[-75.628048,6.154437],[-75.627928,6.154484],[-75.627819,6.15453],[-75.627704,6.15456],[-75.627584,6.15459],[-75.627452,6.154618],[-75.627343,6.154631],[-75.627229,6.154661],[-75.627114,6.154684],[-75.626982,6.154731],[-75.626862,6.154766],[-75.626741,6.154801],[-75.626633,6.154831],[-75.626524,6.154861],[-75.626415,6.154895],[-75.626307,6.15493],[-75.626198,6.154977],[-75.626095,6.155012],[-75.626014,6.155037],[-75.62598,6.155048],[-75.625866,6.155087],[-75.625762,6.155123],[-75.625649,6.155175],[-75.62554,6.155216],[-75.625431,6.155251],[-75.625328,6.155292],[-75.625219,6.155304],[-75.62512,6.155231],[-75.625034,6.155162],[-75.624947,6.155072],[-75.624871,6.154986],[-75.624796,6.154884],[-75.624732,6.154794],[-75.624656,6.154697],[-75.624592,6.1546],[-75.62454,6.154504],[-75.624487,6.15439],[-75.624427,6.154283],[-75.62437,6.154167],[-75.624273,6.154231],[-75.62426,6.15424],[-75.624194,6.154145],[-75.62416,6.154096],[-75.624157,6.154099],[-75.62399,6.154265],[-75.623815,6.154441],[-75.623458,6.154635],[-75.623145,6.154793],[-75.622905,6.15501],[-75.622655,6.155266],[-75.622238,6.155459],[-75.621886,6.155656],[-75.621588,6.1559],[-75.621392,6.156115],[-75.621277,6.156242],[-75.621245,6.156277],[-75.621164,6.156276],[-75.621025,6.156275],[-75.620863,6.156273],[-75.62076,6.156272],[-75.620633,6.156271],[-75.620541,6.156276],[-75.620423,6.156293],[-75.620343,6.156305],[-75.62034,6.156304],[-75.620338,6.156305],[-75.619813,6.156382],[-75.619286,6.156494],[-75.61885,6.156607],[-75.618418,6.156746],[-75.618066,6.156833],[-75.617781,6.156962],[-75.617553,6.157062],[-75.617309,6.15717],[-75.616907,6.157373],[-75.616533,6.157578],[-75.615856,6.15795],[-75.615279,6.158268],[-75.61471,6.15859],[-75.614093,6.158942],[-75.613649,6.159196],[-75.613287,6.159396],[-75.612852,6.159621],[-75.612298,6.159908],[-75.611837,6.160147],[-75.61125,6.160501],[-75.610481,6.160966],[-75.610026,6.161241],[-75.609532,6.161539],[-75.609104,6.161884],[-75.6086,6.16205],[-75.608429,6.162113],[-75.608429,6.162192],[-75.608376,6.162184],[-75.608261,6.16218],[-75.608152,6.162186],[-75.608043,6.162187],[-75.607911,6.16221],[-75.607796,6.162223],[-75.607665,6.162253],[-75.607556,6.16227],[-75.607424,6.162305],[-75.607309,6.162313],[-75.607195,6.162341],[-75.607085,6.162348],[-75.606976,6.162372],[-75.606922,6.16238],[-75.606862,6.16239],[-75.606747,6.162414],[-75.606638,6.162443],[-75.606524,6.162466],[-75.606409,6.162496],[-75.6063,6.162526],[-75.60618,6.162561],[-75.606071,6.162584],[-75.605963,6.162614],[-75.605859,6.162653],[-75.605745,6.162684],[-75.605636,6.162713],[-75.605533,6.162754],[-75.605436,6.162817],[-75.605356,6.162898],[-75.605288,6.162984],[-75.605209,6.163077],[-75.605156,6.163138],[-75.605134,6.163163],[-75.605078,6.16326],[-75.604993,6.163335],[-75.604907,6.163404],[-75.604816,6.163468],[-75.604724,6.163531],[-75.604628,6.1636],[-75.604548,6.163675],[-75.604463,6.163751],[-75.604377,6.163832],[-75.604303,6.163912],[-75.604229,6.163998],[-75.604161,6.164084],[-75.604087,6.164194],[-75.604025,6.164286],[-75.603957,6.164383],[-75.603883,6.164486],[-75.603821,6.164585],[-75.603753,6.164688],[-75.603696,6.164785],[-75.603646,6.164894],[-75.603601,6.165009],[-75.603556,6.165129],[-75.603522,6.165244],[-75.603501,6.165364],[-75.603473,6.165478],[-75.603451,6.165598],[-75.603418,6.165708],[-75.603401,6.165822],[-75.603368,6.165953],[-75.603352,6.166063],[-75.603324,6.166177],[-75.603302,6.166291],[-75.603263,6.166411],[-75.603235,6.166526],[-75.603196,6.166635],[-75.603163,6.166749],[-75.603129,6.166865],[-75.603084,6.166979],[-75.603045,6.167082],[-75.603006,6.16719],[-75.602978,6.1673],[-75.602944,6.167414],[-75.602911,6.167545],[-75.602878,6.167666],[-75.60285,6.167781],[-75.602828,6.167889],[-75.602818,6.167998],[-75.602801,6.168107],[-75.60278,6.168216],[-75.602764,6.168336],[-75.602747,6.16845],[-75.60272,6.168565],[-75.602692,6.168691],[-75.602653,6.168817],[-75.602631,6.168943],[-75.602603,6.169051],[-75.602576,6.169171],[-75.602537,6.169287],[-75.602497,6.169401],[-75.602446,6.169509],[-75.602396,6.169608],[-75.602333,6.169711],[-75.602265,6.169808],[-75.602192,6.169906],[-75.602118,6.169999],[-75.60205,6.170085],[-75.601976,6.170171],[-75.601908,6.170262],[-75.60184,6.170361],[-75.601772,6.170453],[-75.601715,6.17055],[-75.601653,6.170653],[-75.601591,6.17075],[-75.601534,6.170849],[-75.601466,6.170946],[-75.601404,6.171038],[-75.601341,6.171135],[-75.601273,6.171228],[-75.601211,6.171325],[-75.601143,6.171411],[-75.601069,6.171503],[-75.60099,6.171589],[-75.600921,6.171676],[-75.600836,6.171763],[-75.60075,6.171837],[-75.60067,6.171918],[-75.600574,6.171993],[-75.600477,6.172068],[-75.600374,6.172137],[-75.600265,6.172207],[-75.600169,6.172276],[-75.600066,6.172346],[-75.599963,6.172409],[-75.599866,6.172473],[-75.599763,6.172525],[-75.599638,6.172589],[-75.599512,6.172658],[-75.599414,6.172716],[-75.599294,6.172785],[-75.599181,6.172854],[-75.599095,6.172924],[-75.598986,6.173005],[-75.598884,6.17308],[-75.598792,6.173149],[-75.598696,6.173218],[-75.598604,6.173293],[-75.598507,6.173368],[-75.598399,6.173455],[-75.598285,6.173547],[-75.598188,6.173617],[-75.598097,6.17368],[-75.598,6.173761],[-75.597909,6.173835],[-75.597818,6.173917],[-75.597726,6.173986],[-75.597629,6.174061],[-75.597533,6.174153],[-75.597447,6.174222],[-75.597361,6.174291],[-75.597264,6.174355],[-75.597179,6.174424],[-75.597076,6.174499],[-75.596985,6.174562],[-75.596888,6.174633],[-75.596785,6.174713],[-75.596682,6.174777],[-75.596574,6.174863],[-75.596471,6.174943],[-75.59638,6.175018],[-75.596295,6.175087],[-75.596215,6.175163],[-75.596124,6.175238],[-75.596021,6.175324],[-75.595919,6.175416],[-75.595828,6.175491],[-75.595725,6.175573],[-75.595634,6.175636],[-75.595536,6.175705],[-75.595451,6.175775],[-75.59536,6.175844],[-75.595274,6.175919],[-75.595178,6.176005],[-75.595092,6.176091],[-75.594995,6.176178],[-75.59491,6.176253],[-75.594807,6.176333],[-75.594716,6.17642],[-75.594637,6.176518],[-75.594557,6.176604],[-75.594483,6.17669],[-75.594397,6.176771],[-75.594318,6.176851],[-75.594227,6.176926],[-75.594124,6.176973],[-75.594015,6.176985],[-75.593866,6.176992],[-75.593722,6.177021],[-75.593631,6.17709],[-75.59354,6.177165],[-75.593454,6.177241],[-75.593363,6.177322],[-75.593278,6.177402],[-75.593192,6.177483],[-75.593113,6.177563],[-75.593028,6.177649],[-75.592936,6.177737],[-75.592845,6.177828],[-75.592765,6.177909],[-75.592686,6.177989],[-75.5926,6.17807],[-75.592515,6.178151],[-75.592441,6.178237],[-75.592373,6.178329],[-75.592294,6.178426],[-75.592237,6.178529],[-75.592169,6.178639],[-75.592124,6.178748],[-75.592074,6.178845],[-75.592022,6.178944],[-75.591966,6.179041],[-75.591904,6.179144],[-75.591842,6.179241],[-75.591779,6.179357],[-75.591722,6.179454],[-75.591661,6.179557],[-75.591598,6.179661],[-75.591542,6.179764],[-75.59148,6.179873],[-75.591429,6.17997],[-75.591378,6.180069],[-75.591321,6.180172],[-75.59127,6.180275],[-75.591214,6.180378],[-75.591152,6.180482],[-75.591101,6.180585],[-75.59105,6.180682],[-75.590993,6.180779],[-75.590932,6.180883],[-75.590869,6.180975],[-75.590801,6.181067],[-75.590733,6.181164],[-75.590665,6.18125],[-75.590585,6.181355],[-75.590506,6.181463],[-75.590444,6.181555],[-75.590381,6.181648],[-75.590325,6.181745],[-75.590263,6.181837],[-75.590206,6.18194],[-75.590149,6.182038],[-75.590087,6.18213],[-75.590036,6.182233],[-75.589968,6.182336],[-75.589918,6.182433],[-75.589867,6.182532],[-75.58981,6.182629],[-75.589748,6.182743],[-75.589674,6.182842],[-75.589618,6.182945],[-75.58955,6.183037],[-75.589482,6.183128],[-75.589407,6.183209],[-75.589334,6.183296],[-75.589248,6.183371],[-75.589174,6.183451],[-75.589094,6.183526],[-75.589009,6.183612],[-75.588929,6.183693],[-75.58885,6.183773],[-75.588764,6.183866],[-75.588679,6.183952],[-75.5886,6.184032],[-75.588514,6.184119],[-75.588435,6.184205],[-75.588332,6.184298],[-75.588247,6.184372],[-75.588167,6.184453],[-75.588087,6.184528],[-75.588007,6.184608],[-75.587916,6.184683],[-75.587831,6.184782],[-75.587757,6.184862],[-75.587677,6.184937],[-75.587598,6.185017],[-75.587518,6.185092],[-75.587438,6.185172],[-75.587353,6.185247],[-75.587273,6.185328],[-75.587182,6.185409],[-75.587096,6.18549],[-75.587011,6.18557],[-75.58692,6.185656],[-75.586835,6.185731],[-75.586755,6.185806],[-75.586663,6.18587],[-75.586561,6.18595],[-75.58647,6.18602],[-75.586355,6.186095],[-75.586253,6.186165],[-75.58615,6.186222],[-75.586047,6.186286],[-75.585944,6.186338],[-75.585836,6.186385],[-75.585718,6.186442],[-75.585624,6.186471],[-75.585515,6.186512],[-75.585412,6.186565]]]]}},{"type":"Feature","properties":{"name":"Envigado","source":"https://siata.gov.co/kml/Pronostico%20%28Experimental%29/Meteorologico.kml","municipality":"Envigado"},"geometry":{"type":"MultiPolygon","coordinates":[[[[-75.48488,6.191412],[-75.484968,6.190878],[-75.484976,6.190828],[-75.485119,6.190612],[-75.485298,6.190397],[-75.485656,6.190252],[-75.486229,6.190179],[-75.48648,6.190142],[-75.486623,6.190142],[-75.486946,6.190285],[-75.487234,6.190463],[-75.487449,6.190642],[-75.487808,6.190856],[-75.488131,6.190999],[-75.488382,6.19107],[-75.488848,6.191069],[-75.489099,6.190961],[-75.489565,6.190924],[-75.489888,6.19103],[-75.489931,6.191073],[-75.49014,6.191281],[-75.490427,6.191603],[-75.490643,6.191818],[-75.490823,6.19214],[-75.491075,6.192606],[-75.491256,6.193108],[-75.491436,6.19352],[-75.491724,6.193949],[-75.492191,6.194235],[-75.492621,6.194306],[-75.492944,6.194197],[-75.493337,6.194017],[-75.493659,6.193801],[-75.494125,6.193548],[-75.494375,6.193404],[-75.494662,6.193332],[-75.49477,6.193331],[-75.4952,6.19333],[-75.495522,6.193258],[-75.495737,6.193149],[-75.495951,6.192898],[-75.496094,6.19261],[-75.496272,6.192251],[-75.496325,6.192231],[-75.496559,6.192143],[-75.49681,6.192214],[-75.496978,6.192213],[-75.497025,6.192213],[-75.49704,6.192188],[-75.497168,6.191962],[-75.497483,6.191879],[-75.497669,6.191745],[-75.497916,6.191699],[-75.498063,6.191672],[-75.498278,6.191528],[-75.498421,6.191313],[-75.498492,6.191061],[-75.498563,6.190774],[-75.498562,6.190666],[-75.498633,6.190379],[-75.498919,6.190127],[-75.49917,6.189983],[-75.499671,6.189802],[-75.499674,6.189801],[-75.500029,6.189622],[-75.500388,6.189549],[-75.500675,6.189584],[-75.500926,6.189727],[-75.501208,6.189924],[-75.501285,6.189977],[-75.501788,6.190191],[-75.502254,6.19019],[-75.502393,6.190179],[-75.50272,6.190153],[-75.503221,6.190152],[-75.503795,6.19015],[-75.504118,6.190257],[-75.504477,6.190435],[-75.5048,6.190614],[-75.504952,6.19074],[-75.505016,6.190793],[-75.505447,6.191258],[-75.505627,6.191473],[-75.505914,6.191759],[-75.506238,6.191973],[-75.506704,6.192151],[-75.507099,6.192258],[-75.507163,6.192278],[-75.507673,6.192436],[-75.508283,6.192614],[-75.509144,6.19297],[-75.509754,6.193291],[-75.509847,6.19335],[-75.510437,6.19372],[-75.511262,6.194112],[-75.511908,6.194398],[-75.512769,6.194646],[-75.513522,6.194752],[-75.514527,6.194929],[-75.515341,6.195146],[-75.515459,6.195177],[-75.516141,6.195283],[-75.516643,6.195282],[-75.517647,6.195351],[-75.518436,6.195492],[-75.518831,6.195742],[-75.519441,6.196063],[-75.51993,6.196237],[-75.519943,6.196241],[-75.520374,6.196348],[-75.52073,6.196379],[-75.520768,6.196383],[-75.521126,6.196238],[-75.521735,6.196093],[-75.522129,6.195984],[-75.522416,6.195912],[-75.522846,6.195911],[-75.523169,6.195982],[-75.523564,6.19616],[-75.524173,6.196158],[-75.524352,6.195978],[-75.52453,6.195691],[-75.524816,6.19526],[-75.524994,6.1949],[-75.52528,6.194505],[-75.52553,6.19411],[-75.525923,6.193678],[-75.526245,6.19339],[-75.526782,6.19303],[-75.527318,6.19267],[-75.527748,6.192381],[-75.528213,6.192021],[-75.528642,6.191554],[-75.528784,6.190944],[-75.528747,6.190585],[-75.528602,6.190047],[-75.528349,6.189366],[-75.528276,6.188864],[-75.528275,6.188398],[-75.528381,6.187787],[-75.528559,6.187464],[-75.528774,6.187284],[-75.529167,6.186996],[-75.529382,6.18678],[-75.52956,6.186529],[-75.529739,6.186349],[-75.53006,6.185846],[-75.530417,6.185342],[-75.530595,6.185062],[-75.530667,6.184947],[-75.530845,6.184516],[-75.530988,6.184157],[-75.53113,6.183905],[-75.531308,6.183403],[-75.531415,6.183115],[-75.531628,6.182433],[-75.53177,6.181894],[-75.531876,6.181392],[-75.531947,6.180997],[-75.532017,6.180315],[-75.531979,6.179741],[-75.532035,6.179461],[-75.532085,6.179203],[-75.532084,6.178772],[-75.532047,6.178198],[-75.53201,6.177696],[-75.532009,6.177445],[-75.532008,6.177086],[-75.532078,6.176404],[-75.532435,6.175865],[-75.532828,6.175577],[-75.533222,6.175361],[-75.533688,6.175216],[-75.534189,6.175],[-75.534654,6.174639],[-75.534976,6.174244],[-75.535046,6.173885],[-75.535248,6.173444],[-75.53526,6.173418],[-75.535327,6.173317],[-75.535688,6.172771],[-75.536046,6.172304],[-75.536332,6.17198],[-75.53635,6.171969],[-75.536689,6.171764],[-75.537047,6.171619],[-75.53723,6.171462],[-75.537298,6.171403],[-75.537548,6.171187],[-75.537798,6.1709],[-75.538084,6.170612],[-75.538442,6.170324],[-75.538657,6.170147],[-75.538731,6.17018],[-75.539131,6.170364],[-75.539301,6.170413],[-75.539587,6.170496],[-75.539947,6.170527],[-75.540189,6.170616],[-75.540505,6.170789],[-75.540771,6.171069],[-75.54107,6.171359],[-75.541386,6.171504],[-75.541752,6.171597],[-75.541916,6.171635],[-75.542225,6.171708],[-75.542436,6.171768],[-75.542455,6.171774],[-75.542922,6.171923],[-75.543339,6.171998],[-75.543455,6.172017],[-75.543699,6.172058],[-75.543862,6.172119],[-75.543888,6.172145],[-75.54415,6.17241],[-75.544187,6.172562],[-75.544208,6.172647],[-75.54421,6.172708],[-75.544216,6.172928],[-75.544268,6.173209],[-75.544394,6.17371],[-75.544525,6.173974],[-75.544695,6.174197],[-75.544944,6.174421],[-75.545029,6.174477],[-75.545458,6.174591],[-75.545544,6.174615],[-75.545626,6.174636],[-75.545794,6.174681],[-75.54582,6.174697],[-75.546032,6.174828],[-75.546081,6.174859],[-75.546279,6.174959],[-75.546696,6.175075],[-75.547286,6.175099],[-75.548067,6.175145],[-75.548441,6.175222],[-75.548545,6.175243],[-75.548985,6.175414],[-75.549632,6.175737],[-75.549976,6.175848],[-75.55048,6.175874],[-75.550662,6.175883],[-75.551369,6.175806],[-75.551593,6.1758],[-75.551734,6.175798],[-75.55228,6.175839],[-75.552505,6.175883],[-75.552853,6.175915],[-75.553292,6.1759],[-75.55365,6.175741],[-75.553777,6.175635],[-75.553834,6.175588],[-75.554287,6.175178],[-75.554482,6.175113],[-75.554651,6.175058],[-75.554994,6.175055],[-75.555483,6.175143],[-75.555979,6.175304],[-75.55628,6.175369],[-75.556429,6.175402],[-75.556974,6.175426],[-75.557206,6.175391],[-75.557294,6.175377],[-75.557317,6.175373],[-75.557687,6.175309],[-75.558209,6.175281],[-75.558218,6.175258],[-75.558388,6.175267],[-75.558658,6.175346],[-75.559055,6.175472],[-75.559499,6.175629],[-75.559785,6.175803],[-75.559926,6.175948],[-75.560132,6.176036],[-75.560377,6.17615],[-75.560597,6.176223],[-75.560814,6.176255],[-75.561056,6.176264],[-75.561232,6.176288],[-75.561435,6.176322],[-75.561804,6.176257],[-75.562212,6.176214],[-75.562523,6.176201],[-75.562883,6.176182],[-75.563116,6.176201],[-75.563423,6.17619],[-75.563734,6.176204],[-75.563909,6.176232],[-75.564122,6.176309],[-75.564303,6.176308],[-75.564484,6.17632],[-75.564841,6.17637],[-75.565414,6.176492],[-75.565792,6.176642],[-75.566033,6.176762],[-75.566277,6.17688],[-75.566478,6.177014],[-75.566636,6.177152],[-75.566782,6.177258],[-75.567023,6.177382],[-75.567431,6.177577],[-75.567703,6.177771],[-75.567926,6.177905],[-75.568166,6.178069],[-75.568316,6.178319],[-75.568519,6.178573],[-75.568748,6.178852],[-75.568969,6.179006],[-75.569311,6.17912],[-75.569626,6.179186],[-75.57002,6.179256],[-75.570467,6.179312],[-75.57107,6.179319],[-75.571549,6.179353],[-75.571943,6.179415],[-75.572256,6.179497],[-75.572588,6.17964],[-75.572908,6.179803],[-75.573114,6.179978],[-75.573401,6.180135],[-75.573831,6.180362],[-75.574346,6.180608],[-75.574724,6.180797],[-75.575055,6.180938],[-75.57543,6.181236],[-75.57563,6.181501],[-75.575756,6.181692],[-75.57587,6.181929],[-75.576004,6.182119],[-75.576252,6.182273],[-75.576568,6.182399],[-75.57695,6.182467],[-75.57726,6.182587],[-75.57752,6.182748],[-75.577696,6.182905],[-75.57788,6.183041],[-75.578018,6.183205],[-75.5782,6.183337],[-75.578493,6.183539],[-75.578679,6.183602],[-75.57885,6.183728],[-75.579173,6.183771],[-75.579464,6.183828],[-75.579696,6.183914],[-75.579805,6.184118],[-75.579871,6.184411],[-75.579867,6.184742],[-75.579917,6.185142],[-75.580018,6.185724],[-75.580163,6.18621],[-75.58036,6.186552],[-75.580625,6.186918],[-75.580759,6.187081],[-75.580948,6.187229],[-75.581137,6.187356],[-75.581311,6.187447],[-75.581511,6.1875],[-75.581628,6.187574],[-75.58173,6.187672],[-75.581763,6.18767],[-75.581813,6.187719],[-75.582024,6.187879],[-75.582067,6.1879],[-75.582142,6.187934],[-75.582265,6.187957],[-75.582285,6.18796],[-75.582488,6.187997],[-75.582669,6.187996],[-75.582892,6.188076],[-75.582965,6.188219],[-75.583045,6.188387],[-75.583142,6.188572],[-75.5833,6.188707],[-75.583353,6.188752],[-75.583586,6.188459],[-75.583636,6.188355],[-75.583682,6.188252],[-75.583755,6.188166],[-75.583835,6.188069],[-75.583903,6.187983],[-75.583971,6.187895],[-75.584039,6.187798],[-75.584113,6.187706],[-75.584187,6.187614],[-75.584231,6.187553],[-75.584255,6.187522],[-75.584335,6.187441],[-75.584414,6.187361],[-75.5845,6.187275],[-75.58458,6.1872],[-75.584665,6.187131],[-75.584745,6.187056],[-75.58483,6.18697],[-75.584915,6.186888],[-75.585001,6.186808],[-75.585081,6.186733],[-75.585183,6.186675],[-75.585303,6.186606],[-75.585412,6.186565],[-75.585515,6.186512],[-75.585624,6.186471],[-75.585718,6.186442],[-75.585836,6.186385],[-75.585944,6.186338],[-75.586047,6.186286],[-75.58615,6.186222],[-75.586253,6.186165],[-75.586355,6.186095],[-75.58647,6.18602],[-75.586561,6.18595],[-75.586663,6.18587],[-75.586755,6.185806],[-75.586835,6.185731],[-75.58692,6.185656],[-75.587011,6.18557],[-75.587096,6.18549],[-75.587182,6.185409],[-75.587273,6.185328],[-75.587353,6.185247],[-75.587438,6.185172],[-75.587518,6.185092],[-75.587598,6.185017],[-75.587677,6.184937],[-75.587757,6.184862],[-75.587831,6.184782],[-75.587916,6.184683],[-75.588007,6.184608],[-75.588087,6.184528],[-75.588167,6.184453],[-75.588247,6.184372],[-75.588332,6.184298],[-75.588435,6.184205],[-75.588514,6.184119],[-75.5886,6.184032],[-75.588679,6.183952],[-75.588764,6.183866],[-75.58885,6.183773],[-75.588929,6.183693],[-75.589009,6.183612],[-75.589094,6.183526],[-75.589174,6.183451],[-75.589248,6.183371],[-75.589334,6.183296],[-75.589407,6.183209],[-75.589482,6.183128],[-75.58955,6.183037],[-75.589618,6.182945],[-75.589674,6.182842],[-75.589748,6.182743],[-75.58981,6.182629],[-75.589867,6.182532],[-75.589918,6.182433],[-75.589968,6.182336],[-75.590036,6.182233],[-75.590087,6.18213],[-75.590149,6.182038],[-75.590206,6.18194],[-75.590263,6.181837],[-75.590325,6.181745],[-75.590381,6.181648],[-75.590444,6.181555],[-75.590506,6.181463],[-75.590585,6.181355],[-75.590665,6.18125],[-75.590733,6.181164],[-75.590801,6.181067],[-75.590869,6.180975],[-75.590932,6.180883],[-75.590993,6.180779],[-75.59105,6.180682],[-75.591101,6.180585],[-75.591152,6.180482],[-75.591214,6.180378],[-75.59127,6.180275],[-75.591321,6.180172],[-75.591378,6.180069],[-75.591429,6.17997],[-75.59148,6.179873],[-75.591542,6.179764],[-75.591598,6.179661],[-75.591661,6.179557],[-75.591722,6.179454],[-75.591779,6.179357],[-75.591842,6.179241],[-75.591904,6.179144],[-75.591966,6.179041],[-75.592022,6.178944],[-75.592074,6.178845],[-75.592124,6.178748],[-75.592169,6.178639],[-75.592237,6.178529],[-75.592294,6.178426],[-75.592373,6.178329],[-75.592441,6.178237],[-75.592515,6.178151],[-75.5926,6.17807],[-75.592686,6.177989],[-75.592765,6.177909],[-75.592845,6.177828],[-75.592936,6.177737],[-75.593028,6.177649],[-75.593113,6.177563],[-75.593192,6.177483],[-75.593278,6.177402],[-75.593363,6.177322],[-75.593454,6.177241],[-75.59354,6.177165],[-75.593631,6.17709],[-75.593722,6.177021],[-75.593866,6.176992],[-75.594015,6.176985],[-75.594124,6.176973],[-75.594227,6.176926],[-75.594318,6.176851],[-75.594397,6.176771],[-75.594483,6.17669],[-75.594557,6.176604],[-75.594637,6.176518],[-75.594716,6.17642],[-75.594807,6.176333],[-75.59491,6.176253],[-75.594995,6.176178],[-75.595092,6.176091],[-75.595178,6.176005],[-75.595274,6.175919],[-75.59536,6.175844],[-75.595451,6.175775],[-75.595536,6.175705],[-75.595634,6.175636],[-75.595725,6.175573],[-75.595828,6.175491],[-75.595919,6.175416],[-75.596021,6.175324],[-75.596124,6.175238],[-75.596215,6.175163],[-75.596295,6.175087],[-75.59638,6.175018],[-75.596471,6.174943],[-75.596574,6.174863],[-75.596682,6.174777],[-75.596785,6.174713],[-75.596888,6.174633],[-75.596985,6.174562],[-75.597076,6.174499],[-75.597179,6.174424],[-75.597264,6.174355],[-75.597361,6.174291],[-75.597447,6.174222],[-75.597533,6.174153],[-75.597629,6.174061],[-75.597726,6.173986],[-75.597818,6.173917],[-75.597909,6.173835],[-75.598,6.173761],[-75.598097,6.17368],[-75.598188,6.173617],[-75.598285,6.173547],[-75.598399,6.173455],[-75.598507,6.173368],[-75.598604,6.173293],[-75.598696,6.173218],[-75.598792,6.173149],[-75.598884,6.17308],[-75.598986,6.173005],[-75.599095,6.172924],[-75.599181,6.172854],[-75.599294,6.172785],[-75.599414,6.172716],[-75.599512,6.172658],[-75.599638,6.172589],[-75.599763,6.172525],[-75.599866,6.172473],[-75.599963,6.172409],[-75.600066,6.172346],[-75.600169,6.172276],[-75.600265,6.172207],[-75.600374,6.172137],[-75.600477,6.172068],[-75.600574,6.171993],[-75.60067,6.171918],[-75.60075,6.171837],[-75.600836,6.171763],[-75.600921,6.171676],[-75.60099,6.171589],[-75.601069,6.171503],[-75.601143,6.171411],[-75.601211,6.171325],[-75.601273,6.171228],[-75.601341,6.171135],[-75.601404,6.171038],[-75.601466,6.170946],[-75.601534,6.170849],[-75.601591,6.17075],[-75.601653,6.170653],[-75.601715,6.17055],[-75.601772,6.170453],[-75.60184,6.170361],[-75.601908,6.170262],[-75.601976,6.170171],[-75.60205,6.170085],[-75.602118,6.169999],[-75.602192,6.169906],[-75.602265,6.169808],[-75.602333,6.169711],[-75.602396,6.169608],[-75.602446,6.169509],[-75.602497,6.169401],[-75.602537,6.169287],[-75.602576,6.169171],[-75.602603,6.169051],[-75.602631,6.168943],[-75.602653,6.168817],[-75.602692,6.168691],[-75.60272,6.168565],[-75.602747,6.16845],[-75.602764,6.168336],[-75.60278,6.168216],[-75.602801,6.168107],[-75.602818,6.167998],[-75.602828,6.167889],[-75.60285,6.167781],[-75.602878,6.167666],[-75.602911,6.167545],[-75.602944,6.167414],[-75.602978,6.1673],[-75.603006,6.16719],[-75.603045,6.167082],[-75.603084,6.166979],[-75.603129,6.166865],[-75.603163,6.166749],[-75.603196,6.166635],[-75.603235,6.166526],[-75.603263,6.166411],[-75.603302,6.166291],[-75.603324,6.166177],[-75.603352,6.166063],[-75.603368,6.165953],[-75.603401,6.165822],[-75.603418,6.165708],[-75.603451,6.165598],[-75.603473,6.165478],[-75.603501,6.165364],[-75.603522,6.165244],[-75.603556,6.165129],[-75.603601,6.165009],[-75.603646,6.164894],[-75.603696,6.164785],[-75.603753,6.164688],[-75.603821,6.164585],[-75.603883,6.164486],[-75.603957,6.164383],[-75.604025,6.164286],[-75.604087,6.164194],[-75.604161,6.164084],[-75.604229,6.163998],[-75.604303,6.163912],[-75.604377,6.163832],[-75.604463,6.163751],[-75.604548,6.163675],[-75.604628,6.1636],[-75.604724,6.163531],[-75.604816,6.163468],[-75.604907,6.163404],[-75.604993,6.163335],[-75.605078,6.16326],[-75.605134,6.163163],[-75.605001,6.163026],[-75.604951,6.16297],[-75.60492,6.162935],[-75.604833,6.162862],[-75.604741,6.1628],[-75.604654,6.162726],[-75.604642,6.162712],[-75.604579,6.162641],[-75.604492,6.162573],[-75.604405,6.162499],[-75.604318,6.162408],[-75.604225,6.162318],[-75.604139,6.162244],[-75.604052,6.162176],[-75.603977,6.162096],[-75.603884,6.162017],[-75.603791,6.161938],[-75.603716,6.161858],[-75.603624,6.161767],[-75.603537,6.161694],[-75.603456,6.161615],[-75.603375,6.161535],[-75.603271,6.161445],[-75.603172,6.161348],[-75.603085,6.161268],[-75.60301,6.161178],[-75.60294,6.161087],[-75.602859,6.160996],[-75.602777,6.160911],[-75.602691,6.16082],[-75.602615,6.160741],[-75.602528,6.160666],[-75.602442,6.160582],[-75.602349,6.160509],[-75.602262,6.160434],[-75.602181,6.160361],[-75.6021,6.160287],[-75.602008,6.160219],[-75.601927,6.160145],[-75.601992,6.160034],[-75.602086,6.159984],[-75.602201,6.159943],[-75.602304,6.159902],[-75.602413,6.159879],[-75.602474,6.159787],[-75.6025,6.159722],[-75.602562,6.15967],[-75.602663,6.159613],[-75.602971,6.159463],[-75.603156,6.159353],[-75.603242,6.1593],[-75.603503,6.15911],[-75.603826,6.158759],[-75.603933,6.158512],[-75.603948,6.158478],[-75.604017,6.158154],[-75.60402,6.158029],[-75.604023,6.157902],[-75.604002,6.157687],[-75.603992,6.157584],[-75.603985,6.157548],[-75.603791,6.157309],[-75.603702,6.15693],[-75.603586,6.156459],[-75.603559,6.156043],[-75.603552,6.155734],[-75.60346,6.155331],[-75.60332,6.155035],[-75.603088,6.154786],[-75.602837,6.154662],[-75.60264,6.15456],[-75.602524,6.154422],[-75.602361,6.154205],[-75.602176,6.154008],[-75.60195,6.15386],[-75.601839,6.153769],[-75.601682,6.153623],[-75.60143,6.153525],[-75.601127,6.153452],[-75.600719,6.153406],[-75.600277,6.153323],[-75.599886,6.153222],[-75.599599,6.153086],[-75.599291,6.152899],[-75.598993,6.152694],[-75.59874,6.152357],[-75.598581,6.152003],[-75.598471,6.151703],[-75.598392,6.1514],[-75.598271,6.151064],[-75.59811,6.150876],[-75.597784,6.150609],[-75.597608,6.150332],[-75.597445,6.150115],[-75.5973,6.14994],[-75.597166,6.14976],[-75.597046,6.149517],[-75.596961,6.14926],[-75.596882,6.149003],[-75.596617,6.148586],[-75.596396,6.148286],[-75.596142,6.148017],[-75.595903,6.147711],[-75.595757,6.147482],[-75.595538,6.147194],[-75.595345,6.146889],[-75.594976,6.146378],[-75.594799,6.146172],[-75.594509,6.146091],[-75.594432,6.146036],[-75.594325,6.146022],[-75.594315,6.145951],[-75.594309,6.145905],[-75.594306,6.145885],[-75.594276,6.145672],[-75.594267,6.145475],[-75.594263,6.145362],[-75.594255,6.145326],[-75.594228,6.1452],[-75.593934,6.14497],[-75.593776,6.144961],[-75.593755,6.14496],[-75.593575,6.144961],[-75.592884,6.144921],[-75.592406,6.144873],[-75.592205,6.144828],[-75.591997,6.144781],[-75.591843,6.144746],[-75.591661,6.144648],[-75.591566,6.144505],[-75.591508,6.144335],[-75.5915,6.144252],[-75.591501,6.144217],[-75.591502,6.144172],[-75.591529,6.144057],[-75.59155,6.143943],[-75.591566,6.143822],[-75.591589,6.143713],[-75.591628,6.143605],[-75.591655,6.14349],[-75.591683,6.143369],[-75.591688,6.143255],[-75.591687,6.143147],[-75.591674,6.143038],[-75.59165,6.14293],[-75.591615,6.142827],[-75.591591,6.142713],[-75.591556,6.142605],[-75.591514,6.14248],[-75.591462,6.142377],[-75.591403,6.14228],[-75.591351,6.142172],[-75.591286,6.142081],[-75.59124,6.141979],[-75.591205,6.141876],[-75.591181,6.141768],[-75.591162,6.141653],[-75.59115,6.141534],[-75.591149,6.141418],[-75.591142,6.14131],[-75.591141,6.141173],[-75.59114,6.141059],[-75.591139,6.140945],[-75.591138,6.140824],[-75.591145,6.140751],[-75.591148,6.140716],[-75.591164,6.140607],[-75.591164,6.140499],[-75.591168,6.140384],[-75.591179,6.140276],[-75.591212,6.140155],[-75.591251,6.140035],[-75.591279,6.139927],[-75.591312,6.139811],[-75.591329,6.139703],[-75.591374,6.139583],[-75.591407,6.139474],[-75.591429,6.139359],[-75.591463,6.13925],[-75.59149,6.139142],[-75.591535,6.139039],[-75.591569,6.138918],[-75.591619,6.138809],[-75.591664,6.138695],[-75.591709,6.138585],[-75.591754,6.138482],[-75.591811,6.138379],[-75.591867,6.138275],[-75.591923,6.138172],[-75.591986,6.13808],[-75.592016,6.138033],[-75.59206,6.137966],[-75.592122,6.137856],[-75.592179,6.137759],[-75.592229,6.13765],[-75.59228,6.137541],[-75.592325,6.137432],[-75.592387,6.137323],[-75.592438,6.137219],[-75.592488,6.137122],[-75.592534,6.137019],[-75.592573,6.136905],[-75.592612,6.136778],[-75.592639,6.136647],[-75.592667,6.136526],[-75.592672,6.136412],[-75.592671,6.136303],[-75.59267,6.136184],[-75.592663,6.13607],[-75.59265,6.13595],[-75.592649,6.135823],[-75.592648,6.135715],[-75.592645,6.135659],[-75.592642,6.135589],[-75.592643,6.135475],[-75.592641,6.135354],[-75.592639,6.135263],[-75.592638,6.13524],[-75.592638,6.135132],[-75.592619,6.135018],[-75.592618,6.134909],[-75.592617,6.134801],[-75.592636,6.134676],[-75.592655,6.134554],[-75.592665,6.134435],[-75.592665,6.134326],[-75.592669,6.134218],[-75.592657,6.134103],[-75.592627,6.133983],[-75.59262,6.13396],[-75.592592,6.133869],[-75.592568,6.133755],[-75.592561,6.133646],[-75.59255,6.133527],[-75.59253,6.133472],[-75.592524,6.133424],[-75.592506,6.133315],[-75.592482,6.133207],[-75.59247,6.133093],[-75.592457,6.132956],[-75.592423,6.132755],[-75.592412,6.132714],[-75.592363,6.132526],[-75.592272,6.132311],[-75.592158,6.132036],[-75.592088,6.131844],[-75.59205,6.13174],[-75.592021,6.131661],[-75.59193,6.131438],[-75.591877,6.131248],[-75.591849,6.131105],[-75.591813,6.130962],[-75.591783,6.130842],[-75.591746,6.13074],[-75.591733,6.130619],[-75.591708,6.130499],[-75.591697,6.130381],[-75.591655,6.130267],[-75.591634,6.130224],[-75.591606,6.130155],[-75.591584,6.1301],[-75.591569,6.130043],[-75.59151,6.129935],[-75.591462,6.129815],[-75.591409,6.129707],[-75.591366,6.129593],[-75.59133,6.129485],[-75.591289,6.129382],[-75.591229,6.129285],[-75.591164,6.129188],[-75.591099,6.129098],[-75.591012,6.129018],[-75.590948,6.128964],[-75.590928,6.128932],[-75.590819,6.128871],[-75.590714,6.128821],[-75.59061,6.128782],[-75.59051,6.128713],[-75.590411,6.128634],[-75.590317,6.128567],[-75.590236,6.128492],[-75.590142,6.128413],[-75.590117,6.128392],[-75.590067,6.128325],[-75.590015,6.1283],[-75.589972,6.12826],[-75.589895,6.128181],[-75.589813,6.128096],[-75.589726,6.128],[-75.58966,6.127897],[-75.589607,6.127795],[-75.589559,6.127692],[-75.589529,6.127578],[-75.589493,6.127464],[-75.589462,6.127355],[-75.589432,6.127236],[-75.589407,6.127104],[-75.589406,6.126995],[-75.589392,6.126881],[-75.589391,6.126773],[-75.589383,6.126646],[-75.58937,6.126538],[-75.589368,6.126407],[-75.589361,6.126297],[-75.58936,6.126183],[-75.589358,6.126063],[-75.589339,6.125949],[-75.589314,6.125835],[-75.589284,6.125725],[-75.589254,6.125606],[-75.589229,6.125492],[-75.589204,6.125372],[-75.589197,6.125252],[-75.589178,6.125131],[-75.589159,6.125012],[-75.589146,6.124903],[-75.589127,6.124783],[-75.589102,6.124663],[-75.589094,6.124549],[-75.589076,6.124434],[-75.589075,6.124326],[-75.589061,6.124206],[-75.589036,6.124085],[-75.589012,6.123971],[-75.588993,6.123852],[-75.588956,6.123726],[-75.588938,6.123611],[-75.588901,6.123491],[-75.588877,6.123383],[-75.588869,6.123275],[-75.588868,6.123166],[-75.588866,6.123052],[-75.588865,6.122937],[-75.588863,6.122811],[-75.588867,6.122685],[-75.588872,6.122571],[-75.588876,6.122462],[-75.588874,6.122354],[-75.58889,6.122227],[-75.588894,6.122119],[-75.588921,6.121992],[-75.588926,6.121883],[-75.58893,6.121769],[-75.588946,6.121643],[-75.588961,6.121523],[-75.588989,6.121413],[-75.589016,6.121305],[-75.589055,6.121184],[-75.5891,6.121064],[-75.589139,6.12096],[-75.589178,6.120845],[-75.589193,6.120719],[-75.589197,6.12061],[-75.589225,6.120502],[-75.589264,6.120398],[-75.589298,6.120278],[-75.589307,6.120164],[-75.58934,6.12006],[-75.589362,6.119945],[-75.589396,6.119841],[-75.589429,6.119722],[-75.589456,6.119606],[-75.589471,6.119486],[-75.58947,6.119378],[-75.58948,6.119268],[-75.589525,6.119165],[-75.58957,6.119051],[-75.589597,6.118941],[-75.589642,6.118822],[-75.589681,6.118712],[-75.589714,6.118603],[-75.589759,6.118488],[-75.589786,6.118374],[-75.589831,6.118264],[-75.589881,6.118132],[-75.589914,6.118017],[-75.589965,6.117896],[-75.589998,6.117788],[-75.590043,6.117672],[-75.590087,6.117564],[-75.590138,6.117454],[-75.590189,6.117345],[-75.590251,6.117241],[-75.590319,6.117144],[-75.590387,6.11704],[-75.590455,6.116948],[-75.590523,6.11685],[-75.590586,6.116752],[-75.590642,6.116642],[-75.590693,6.116539],[-75.590737,6.116424],[-75.590782,6.116304],[-75.590798,6.116195],[-75.590819,6.116075],[-75.590824,6.115955],[-75.590828,6.115845],[-75.590838,6.115737],[-75.590854,6.115617],[-75.59087,6.115502],[-75.590885,6.115393],[-75.590896,6.115279],[-75.590905,6.115164],[-75.59091,6.115044],[-75.590908,6.11493],[-75.590907,6.114809],[-75.590899,6.1147],[-75.590896,6.114661],[-75.590886,6.114558],[-75.590878,6.114432],[-75.590871,6.114318],[-75.590864,6.114209],[-75.590856,6.114101],[-75.590843,6.113985],[-75.590836,6.113871],[-75.590811,6.113752],[-75.590792,6.113632],[-75.590762,6.113517],[-75.590743,6.113403],[-75.590724,6.113289],[-75.590705,6.11318],[-75.590675,6.113072],[-75.590638,6.112969],[-75.590603,6.112866],[-75.590544,6.112769],[-75.590473,6.112685],[-75.590396,6.112593],[-75.590309,6.112515],[-75.590221,6.112446],[-75.590139,6.112367],[-75.590046,6.112311],[-75.589941,6.112255],[-75.589842,6.112204],[-75.589748,6.112148],[-75.589644,6.112097],[-75.589527,6.112047],[-75.589423,6.112013],[-75.589313,6.111991],[-75.589203,6.111964],[-75.589075,6.111942],[-75.588959,6.111925],[-75.588814,6.111915],[-75.588698,6.1119],[-75.588583,6.111883],[-75.588466,6.111861],[-75.588333,6.111834],[-75.588223,6.111823],[-75.588113,6.111796],[-75.587997,6.111763],[-75.587892,6.111729],[-75.587776,6.111701],[-75.587665,6.111651],[-75.587555,6.111613],[-75.587456,6.111568],[-75.587346,6.11154],[-75.587224,6.111501],[-75.587113,6.111461],[-75.587009,6.111416],[-75.586904,6.111378],[-75.586794,6.111339],[-75.586695,6.111294],[-75.586596,6.111238],[-75.586491,6.111193],[-75.586386,6.111137],[-75.586281,6.111081],[-75.586182,6.11103],[-75.586077,6.110974],[-75.585978,6.110917],[-75.585879,6.11086],[-75.58578,6.11081],[-75.585681,6.110742],[-75.585588,6.110686],[-75.585483,6.110624],[-75.585355,6.110568],[-75.58525,6.110517],[-75.585134,6.110467],[-75.585023,6.110422],[-75.584924,6.110366],[-75.584814,6.110332],[-75.584704,6.110305],[-75.584587,6.110289],[-75.584472,6.110267],[-75.584356,6.110251],[-75.584329,6.110247],[-75.584246,6.110234],[-75.584136,6.110225],[-75.584026,6.110219],[-75.58391,6.110204],[-75.583789,6.110187],[-75.583672,6.110177],[-75.583563,6.110166],[-75.583453,6.110162],[-75.583331,6.110145],[-75.583221,6.110136],[-75.583111,6.110125],[-75.582989,6.110109],[-75.582901,6.110097],[-75.582873,6.110092],[-75.582778,6.11008],[-75.582751,6.110077],[-75.58263,6.110066],[-75.58252,6.110067],[-75.582404,6.110056],[-75.582283,6.110047],[-75.582149,6.110013],[-75.582027,6.109986],[-75.581911,6.109953],[-75.581795,6.109925],[-75.581673,6.109904],[-75.581534,6.109865],[-75.581412,6.109837],[-75.581302,6.109804],[-75.581175,6.109788],[-75.581053,6.109761],[-75.580948,6.109722],[-75.580844,6.109671],[-75.580733,6.109637],[-75.580623,6.109587],[-75.580506,6.109525],[-75.580407,6.109474],[-75.580296,6.109435],[-75.580203,6.109379],[-75.580093,6.109334],[-75.579994,6.109284],[-75.579889,6.109222],[-75.579778,6.109177],[-75.57969,6.109098],[-75.579608,6.109024],[-75.579578,6.108997],[-75.579526,6.10895],[-75.579421,6.108866],[-75.579333,6.10878],[-75.57928,6.108683],[-75.579181,6.108633],[-75.579082,6.108582],[-75.578971,6.108526],[-75.578904,6.108484],[-75.578873,6.108464],[-75.578773,6.108397],[-75.57865,6.108312],[-75.578551,6.108243],[-75.578464,6.108165],[-75.578375,6.108079],[-75.578294,6.108006],[-75.578206,6.107933],[-75.578112,6.107853],[-75.577988,6.107768],[-75.577902,6.107701],[-75.577814,6.107632],[-75.577726,6.107559],[-75.577633,6.107474],[-75.577516,6.107383],[-75.577416,6.107299],[-75.577322,6.107196],[-75.577235,6.107129],[-75.577159,6.107043],[-75.577071,6.106953],[-75.576989,6.106873],[-75.576918,6.106782],[-75.576847,6.106691],[-75.576771,6.106612],[-75.5767,6.106521],[-75.576636,6.10643],[-75.576577,6.106328],[-75.5765,6.106237],[-75.576406,6.106129],[-75.576324,6.10605],[-75.576241,6.105953],[-75.576183,6.105862],[-75.576124,6.105765],[-75.57607,6.105657],[-75.576034,6.105543],[-75.57598,6.105435],[-75.575926,6.105326],[-75.575885,6.105212],[-75.575825,6.10511],[-75.575761,6.105018],[-75.575678,6.104923],[-75.575585,6.10482],[-75.57555,6.104773],[-75.575514,6.104723],[-75.575443,6.104627],[-75.575361,6.104525],[-75.575284,6.104422],[-75.575219,6.104319],[-75.575137,6.104218],[-75.575072,6.104121],[-75.574995,6.104007],[-75.574948,6.103929],[-75.57493,6.103899],[-75.574865,6.10379],[-75.5748,6.103654],[-75.574752,6.10354],[-75.574716,6.103437],[-75.57468,6.103334],[-75.574603,6.10325],[-75.574508,6.103191],[-75.574451,6.103091],[-75.574391,6.102988],[-75.574381,6.102968],[-75.574338,6.102886],[-75.57429,6.102777],[-75.574255,6.102675],[-75.574201,6.102578],[-75.574141,6.102441],[-75.574093,6.102333],[-75.57404,6.102224],[-75.573987,6.102099],[-75.573945,6.101996],[-75.573867,6.101877],[-75.573808,6.10174],[-75.573766,6.101638],[-75.573707,6.101524],[-75.573653,6.101415],[-75.573606,6.101301],[-75.573552,6.101193],[-75.573498,6.101097],[-75.573439,6.100977],[-75.573362,6.100875],[-75.573292,6.100772],[-75.573233,6.100681],[-75.57315,6.100579],[-75.57308,6.100488],[-75.573003,6.100391],[-75.572915,6.100284],[-75.57285,6.100193],[-75.572768,6.100096],[-75.572697,6.099994],[-75.572626,6.09988],[-75.572573,6.099783],[-75.572496,6.099675],[-75.572426,6.099584],[-75.572384,6.099482],[-75.57238,6.099424],[-75.572196,6.09954],[-75.572141,6.099574],[-75.571954,6.099692],[-75.5715,6.099936],[-75.571076,6.100119],[-75.570834,6.100271],[-75.570623,6.100515],[-75.5702,6.101031],[-75.570049,6.101335],[-75.57002,6.10173],[-75.569845,6.10223],[-75.56984,6.102246],[-75.569749,6.102458],[-75.569598,6.102611],[-75.569477,6.102732],[-75.569084,6.103067],[-75.568985,6.103137],[-75.568782,6.10328],[-75.568699,6.103431],[-75.568631,6.103554],[-75.56845,6.103888],[-75.568391,6.104191],[-75.568362,6.104889],[-75.568302,6.105162],[-75.568121,6.105527],[-75.567759,6.105831],[-75.567479,6.106097],[-75.567265,6.106456],[-75.566943,6.106744],[-75.566692,6.106888],[-75.566227,6.106926],[-75.565725,6.106855],[-75.56533,6.106785],[-75.565151,6.106677],[-75.564792,6.106463],[-75.564775,6.10646],[-75.564577,6.106428],[-75.564326,6.106429],[-75.563896,6.106466],[-75.563143,6.106468],[-75.562749,6.106433],[-75.562211,6.106291],[-75.561708,6.106041],[-75.56117,6.10572],[-75.561156,6.105716],[-75.560703,6.105578],[-75.560237,6.105399],[-75.55977,6.105114],[-75.559672,6.105044],[-75.559267,6.104756],[-75.558944,6.104542],[-75.558585,6.104435],[-75.558191,6.104401],[-75.557833,6.104473],[-75.557475,6.104582],[-75.557116,6.104655],[-75.556651,6.104728],[-75.556185,6.104729],[-75.555647,6.104766],[-75.555181,6.104732],[-75.554571,6.104554],[-75.554177,6.104519],[-75.553496,6.104378],[-75.553066,6.104415],[-75.552528,6.104416],[-75.551991,6.104525],[-75.551597,6.104741],[-75.55106,6.104994],[-75.550774,6.10521],[-75.550273,6.105391],[-75.549879,6.105679],[-75.549594,6.10611],[-75.549308,6.106362],[-75.549129,6.106542],[-75.548951,6.107224],[-75.549025,6.107762],[-75.549038,6.107894],[-75.549061,6.108121],[-75.548812,6.10866],[-75.548491,6.109091],[-75.548169,6.109379],[-75.547919,6.109631],[-75.547525,6.109991],[-75.547168,6.11035],[-75.546847,6.111033],[-75.546705,6.111571],[-75.546671,6.112002],[-75.546672,6.112468],[-75.546709,6.112899],[-75.54671,6.113365],[-75.54664,6.113939],[-75.546498,6.114299],[-75.546212,6.11455],[-75.545961,6.114695],[-75.545857,6.114707],[-75.545316,6.114768],[-75.544815,6.114913],[-75.544349,6.115058],[-75.544027,6.115274],[-75.543705,6.11549],[-75.543312,6.115922],[-75.543292,6.116007],[-75.543206,6.116388],[-75.543099,6.116747],[-75.543031,6.117967],[-75.543031,6.118219],[-75.54314,6.118649],[-75.543285,6.119079],[-75.543429,6.119581],[-75.543396,6.120298],[-75.543396,6.120585],[-75.543326,6.120944],[-75.543256,6.121554],[-75.543222,6.122272],[-75.543258,6.122559],[-75.543331,6.122882],[-75.54344,6.123276],[-75.54344,6.123599],[-75.543263,6.124281],[-75.543156,6.12464],[-75.543086,6.125214],[-75.543087,6.125573],[-75.543124,6.125968],[-75.54327,6.126685],[-75.543414,6.127223],[-75.543451,6.127581],[-75.543453,6.128048],[-75.543418,6.128406],[-75.543383,6.128873],[-75.543277,6.12934],[-75.543206,6.129734],[-75.542992,6.130237],[-75.542922,6.130525],[-75.542744,6.131099],[-75.542731,6.131171],[-75.542588,6.131301],[-75.542367,6.131482],[-75.542187,6.131624],[-75.541886,6.131765],[-75.541564,6.131827],[-75.541202,6.131908],[-75.540961,6.131969],[-75.5407,6.13199],[-75.540478,6.13193],[-75.540257,6.13181],[-75.540096,6.13167],[-75.539954,6.131529],[-75.539653,6.131429],[-75.539451,6.13141],[-75.539271,6.13143],[-75.53907,6.131491],[-75.538748,6.131573],[-75.538547,6.131694],[-75.538367,6.131815],[-75.538226,6.131977],[-75.538066,6.132037],[-75.537945,6.132038],[-75.537764,6.132058],[-75.537603,6.132079],[-75.537422,6.132079],[-75.537201,6.13204],[-75.537,6.13198],[-75.536718,6.13192],[-75.536577,6.13184],[-75.536496,6.13174],[-75.536396,6.13166],[-75.536235,6.131559],[-75.536114,6.131499],[-75.535973,6.13152],[-75.535832,6.13156],[-75.535672,6.131601],[-75.535471,6.131642],[-75.53535,6.131662],[-75.535169,6.131723],[-75.535049,6.131764],[-75.534953,6.13193],[-75.534879,6.132017],[-75.534743,6.132104],[-75.534645,6.132092],[-75.534582,6.132047],[-75.534555,6.131957],[-75.534518,6.131868],[-75.534455,6.131796],[-75.534383,6.131796],[-75.534303,6.131823],[-75.534213,6.131895],[-75.534141,6.131986],[-75.534079,6.132076],[-75.534034,6.132229],[-75.533989,6.132346],[-75.533927,6.132481],[-75.533855,6.132598],[-75.533784,6.132715],[-75.533685,6.132832],[-75.533614,6.132922],[-75.533524,6.133031],[-75.533407,6.133121],[-75.533309,6.133202],[-75.533228,6.133274],[-75.533156,6.13331],[-75.533049,6.133401],[-75.532959,6.133455],[-75.532905,6.133509],[-75.532771,6.133572],[-75.532663,6.133618],[-75.532591,6.133663],[-75.532483,6.133735],[-75.532376,6.13378],[-75.53225,6.133826],[-75.532124,6.133844],[-75.532007,6.133853],[-75.531909,6.133854],[-75.531819,6.133854],[-75.53172,6.133854],[-75.531648,6.133845],[-75.53154,6.133837],[-75.531396,6.133837],[-75.531262,6.133873],[-75.531163,6.133955],[-75.531064,6.134027],[-75.530975,6.134153],[-75.530921,6.134297],[-75.530895,6.134423],[-75.530886,6.134531],[-75.530913,6.134666],[-75.530941,6.134873],[-75.53095,6.135061],[-75.530951,6.135187],[-75.530915,6.135277],[-75.530834,6.135368],[-75.530754,6.135458],[-75.530646,6.135575],[-75.530509,6.135725],[-75.53041,6.135846],[-75.530279,6.135989],[-75.530148,6.13611],[-75.530028,6.13622],[-75.529951,6.13633],[-75.529875,6.13644],[-75.52982,6.136516],[-75.529799,6.136604],[-75.529788,6.136692],[-75.529777,6.136747],[-75.529788,6.136846],[-75.529799,6.136922],[-75.529811,6.137032],[-75.529822,6.137131],[-75.529811,6.137197],[-75.529756,6.137263],[-75.529713,6.137296],[-75.529647,6.137329],[-75.52957,6.137329],[-75.529516,6.137329],[-75.529417,6.13734],[-75.52934,6.137341],[-75.529231,6.137363],[-75.529176,6.137396],[-75.529121,6.137429],[-75.529067,6.137495],[-75.529001,6.137594],[-75.528957,6.137693],[-75.528936,6.137802],[-75.528914,6.137912],[-75.528904,6.138022],[-75.528893,6.13811],[-75.528882,6.13823],[-75.52885,6.13834],[-75.528828,6.138483],[-75.528774,6.138571],[-75.528719,6.138637],[-75.528664,6.138703],[-75.528599,6.138758],[-75.528544,6.138824],[-75.528478,6.138879],[-75.528424,6.138956],[-75.528369,6.139055],[-75.528315,6.139143],[-75.528282,6.139241],[-75.528271,6.139318],[-75.528282,6.139395],[-75.528294,6.139461],[-75.528327,6.139548],[-75.528349,6.139614],[-75.528382,6.139691],[-75.528404,6.139768],[-75.528437,6.139833],[-75.528481,6.139921],[-75.52847,6.139987],[-75.52846,6.140031],[-75.528416,6.140097],[-75.528339,6.140141],[-75.528285,6.140196],[-75.52823,6.140273],[-75.528164,6.140339],[-75.528099,6.140449],[-75.528034,6.140559],[-75.527967,6.140744],[-75.52788,6.14092],[-75.527822,6.141096],[-75.527764,6.141272],[-75.527677,6.141419],[-75.52753,6.141507],[-75.527355,6.141566],[-75.527179,6.141625],[-75.527004,6.141655],[-75.526828,6.141656],[-75.526594,6.141598],[-75.526418,6.141628],[-75.526243,6.141687],[-75.526067,6.141834],[-75.525892,6.14201],[-75.525776,6.142186],[-75.525806,6.14245],[-75.525748,6.142655],[-75.52569,6.14286],[-75.525544,6.143154],[-75.525545,6.143417],[-75.525545,6.143652],[-75.525429,6.143974],[-75.525254,6.144121],[-75.525078,6.14418],[-75.524844,6.144093],[-75.52461,6.144035],[-75.524404,6.143948],[-75.524258,6.14386],[-75.52414,6.143773],[-75.524023,6.143627],[-75.523905,6.143392],[-75.523846,6.143158],[-75.523758,6.142983],[-75.523728,6.142807],[-75.52364,6.142631],[-75.523522,6.142485],[-75.523375,6.142339],[-75.52317,6.142193],[-75.522965,6.142076],[-75.522818,6.141989],[-75.522555,6.141931],[-75.522349,6.141873],[-75.522232,6.141785],[-75.522203,6.141697],[-75.522085,6.141551],[-75.521968,6.141405],[-75.52185,6.141259],[-75.521703,6.141142],[-75.521644,6.140966],[-75.521644,6.140732],[-75.521643,6.140498],[-75.521555,6.140322],[-75.521408,6.140147],[-75.521173,6.140001],[-75.520968,6.139884],[-75.520705,6.139855],[-75.520441,6.139827],[-75.520177,6.13974],[-75.519855,6.139711],[-75.51965,6.139712],[-75.519445,6.139742],[-75.51927,6.139918],[-75.519241,6.140006],[-75.519242,6.14027],[-75.51936,6.140504],[-75.519477,6.140709],[-75.519624,6.140972],[-75.519742,6.141235],[-75.519743,6.14147],[-75.519743,6.141704],[-75.519656,6.14188],[-75.519627,6.142085],[-75.51954,6.142349],[-75.519482,6.142613],[-75.519454,6.142848],[-75.519454,6.143023],[-75.519484,6.143199],[-75.519543,6.143375],[-75.519661,6.14355],[-75.519778,6.143697],[-75.519896,6.144077],[-75.519926,6.144429],[-75.519898,6.144722],[-75.519811,6.145074],[-75.519636,6.145309],[-75.519402,6.145573],[-75.51914,6.145867],[-75.518877,6.146102],[-75.518673,6.146307],[-75.518439,6.146484],[-75.518176,6.146719],[-75.517854,6.146837],[-75.51762,6.146867],[-75.517474,6.147043],[-75.517329,6.147337],[-75.517153,6.147513],[-75.517008,6.147806],[-75.516862,6.148158],[-75.516717,6.14851],[-75.51663,6.148804],[-75.516543,6.149068],[-75.516426,6.149302],[-75.516398,6.149508],[-75.516339,6.149684],[-75.516135,6.149801],[-75.515842,6.149802],[-75.515608,6.149861],[-75.515374,6.150038],[-75.515141,6.150243],[-75.514965,6.15039],[-75.514731,6.150538],[-75.514468,6.150538],[-75.514234,6.15051],[-75.513999,6.150422],[-75.513765,6.150306],[-75.513589,6.150248],[-75.513325,6.15019],[-75.51312,6.150249],[-75.512945,6.150337],[-75.512741,6.150514],[-75.512565,6.150661],[-75.512331,6.150808],[-75.512156,6.150925],[-75.511893,6.150985],[-75.511571,6.151015],[-75.511278,6.151016],[-75.510897,6.150929],[-75.510516,6.150842],[-75.510165,6.150696],[-75.509842,6.150551],[-75.509432,6.150347],[-75.509109,6.150201],[-75.508816,6.150085],[-75.508553,6.150027],[-75.508348,6.150144],[-75.508261,6.150408],[-75.508174,6.150614],[-75.508116,6.150819],[-75.508058,6.151142],[-75.508059,6.151493],[-75.508118,6.151845],[-75.508207,6.152196],[-75.508296,6.152489],[-75.508326,6.152752],[-75.508297,6.153104],[-75.508269,6.153397],[-75.508182,6.153661],[-75.508153,6.153984],[-75.508008,6.154394],[-75.507891,6.15457],[-75.50757,6.154659],[-75.50716,6.154631],[-75.506867,6.154632],[-75.506603,6.154574],[-75.50634,6.154545],[-75.506164,6.154546],[-75.505725,6.15443],[-75.505432,6.154372],[-75.505109,6.154255],[-75.504875,6.154256],[-75.504553,6.154257],[-75.50429,6.154287],[-75.504,6.154275],[-75.503772,6.15431],[-75.503457,6.154346],[-75.503229,6.154347],[-75.502931,6.1544],[-75.50265,6.154454],[-75.502335,6.154507],[-75.502054,6.154543],[-75.501844,6.154632],[-75.501599,6.15472],[-75.501336,6.154756],[-75.501126,6.154809],[-75.50095,6.154845],[-75.50074,6.154933],[-75.500582,6.154968],[-75.500407,6.154969],[-75.500232,6.154987],[-75.500039,6.155023],[-75.499864,6.155093],[-75.499688,6.155094],[-75.499408,6.155182],[-75.499127,6.1552],[-75.498864,6.155149],[-75.498583,6.155061],[-75.49839,6.154939],[-75.498179,6.154852],[-75.497969,6.154782],[-75.497723,6.154695],[-75.497548,6.154625],[-75.497354,6.154556],[-75.497232,6.154539],[-75.497039,6.154557],[-75.496776,6.154575],[-75.496585,6.154574],[-75.496458,6.154574],[-75.496332,6.154602],[-75.496206,6.154659],[-75.496164,6.154687],[-75.49608,6.154687],[-75.49601,6.154659],[-75.495953,6.154631],[-75.495897,6.154603],[-75.495813,6.154576],[-75.495757,6.154604],[-75.495659,6.154632],[-75.495561,6.154689],[-75.495477,6.154759],[-75.495393,6.154773],[-75.495294,6.154788],[-75.495182,6.154802],[-75.495084,6.15483],[-75.495014,6.154873],[-75.494944,6.154915],[-75.494832,6.154943],[-75.494734,6.154944],[-75.494635,6.154944],[-75.494495,6.154972],[-75.494327,6.155001],[-75.494215,6.155001],[-75.494117,6.155044],[-75.494033,6.155058],[-75.493976,6.155072],[-75.49385,6.155114],[-75.493724,6.155171],[-75.49357,6.15527],[-75.493486,6.155396],[-75.493374,6.155523],[-75.493263,6.155678],[-75.493136,6.155762],[-75.493024,6.155833],[-75.492898,6.155889],[-75.492786,6.155932],[-75.492646,6.155946],[-75.492506,6.155946],[-75.492379,6.155947],[-75.492225,6.155961],[-75.492071,6.15599],[-75.491987,6.156032],[-75.491861,6.156103],[-75.491749,6.156159],[-75.491608,6.156216],[-75.491454,6.156272],[-75.491384,6.156357],[-75.491343,6.156511],[-75.491329,6.156666],[-75.491315,6.156792],[-75.491302,6.156947],[-75.491316,6.157115],[-75.491317,6.157255],[-75.491303,6.157424],[-75.491303,6.157564],[-75.49129,6.157733],[-75.491178,6.157902],[-75.491066,6.158],[-75.49094,6.158057],[-75.490758,6.158128],[-75.490625,6.158243],[-75.490386,6.158324],[-75.4902,6.158351],[-75.489988,6.158325],[-75.489669,6.158246],[-75.489377,6.158247],[-75.489191,6.158407],[-75.488953,6.15862],[-75.488767,6.158727],[-75.488608,6.158834],[-75.488263,6.158914],[-75.488104,6.159021],[-75.488024,6.159207],[-75.488052,6.15942],[-75.488079,6.159659],[-75.488,6.159978],[-75.487735,6.160192],[-75.487549,6.160325],[-75.487337,6.160432],[-75.487125,6.160539],[-75.486966,6.160779],[-75.48686,6.161018],[-75.486755,6.161231],[-75.486623,6.161471],[-75.486383,6.161418],[-75.48617,6.161259],[-75.485957,6.161047],[-75.485797,6.160835],[-75.485611,6.160676],[-75.485319,6.16065],[-75.485106,6.160677],[-75.484787,6.160598],[-75.484548,6.160493],[-75.484362,6.160387],[-75.484229,6.160334],[-75.483936,6.160122],[-75.483883,6.159936],[-75.483749,6.159671],[-75.483616,6.159511],[-75.48343,6.159432],[-75.483164,6.15938],[-75.482898,6.159301],[-75.482526,6.159169],[-75.482286,6.15901],[-75.481914,6.158931],[-75.481649,6.158932],[-75.481357,6.158986],[-75.481091,6.15904],[-75.480905,6.159067],[-75.480692,6.158961],[-75.48048,6.158908],[-75.480241,6.158909],[-75.479922,6.158936],[-75.479683,6.158937],[-75.479444,6.158938],[-75.479204,6.158805],[-75.478965,6.158646],[-75.478752,6.158594],[-75.478433,6.158488],[-75.478088,6.158356],[-75.477742,6.158251],[-75.477556,6.158304],[-75.477344,6.158411],[-75.477052,6.158518],[-75.476786,6.158439],[-75.476494,6.158281],[-75.476201,6.158175],[-75.475962,6.158122],[-75.47575,6.15815],[-75.475537,6.158203],[-75.475325,6.158337],[-75.475139,6.158444],[-75.474954,6.158577],[-75.474768,6.158631],[-75.474556,6.158684],[-75.474397,6.158844],[-75.474318,6.159084],[-75.474318,6.159403],[-75.474319,6.159722],[-75.4744,6.160041],[-75.474507,6.160306],[-75.47464,6.160545],[-75.474747,6.160811],[-75.474641,6.16105],[-75.474483,6.16129],[-75.474404,6.161556],[-75.474351,6.161822],[-75.474352,6.162221],[-75.474327,6.162593],[-75.474328,6.162992],[-75.474196,6.163224],[-75.473984,6.163463],[-75.473905,6.16373],[-75.473959,6.164022],[-75.474012,6.164314],[-75.473907,6.164447],[-75.473801,6.164634],[-75.473668,6.16482],[-75.47343,6.165113],[-75.473192,6.165353],[-75.473113,6.165593],[-75.47314,6.165779],[-75.473379,6.165911],[-75.473592,6.16615],[-75.473832,6.166335],[-75.473992,6.166707],[-75.474126,6.167079],[-75.47418,6.167557],[-75.474181,6.167903],[-75.474129,6.168249],[-75.47413,6.168594],[-75.474211,6.168966],[-75.474345,6.169519],[-75.474505,6.169864],[-75.474771,6.170103],[-75.475091,6.170314],[-75.475436,6.17034],[-75.475729,6.170446],[-75.475941,6.170551],[-75.476101,6.170764],[-75.476181,6.170976],[-75.476209,6.171215],[-75.476209,6.171428],[-75.47621,6.171694],[-75.476317,6.171959],[-75.47661,6.172171],[-75.476849,6.172197],[-75.477114,6.172037],[-75.47738,6.172036],[-75.477619,6.171956],[-75.477804,6.171769],[-75.47799,6.171663],[-75.478255,6.171529],[-75.478414,6.171422],[-75.478573,6.171342],[-75.478786,6.171315],[-75.478998,6.171314],[-75.479131,6.171341],[-75.479238,6.17142],[-75.479371,6.171553],[-75.479504,6.171738],[-75.479558,6.171951],[-75.479585,6.172137],[-75.479585,6.17235],[-75.479559,6.172562],[-75.479613,6.172767],[-75.47964,6.172953],[-75.479641,6.173166],[-75.479588,6.173325],[-75.479588,6.173458],[-75.479588,6.173565],[-75.479642,6.173697],[-75.479695,6.173804],[-75.479749,6.173963],[-75.479749,6.174096],[-75.47975,6.174255],[-75.479777,6.174388],[-75.479857,6.174521],[-75.480016,6.174627],[-75.480149,6.17468],[-75.480362,6.174706],[-75.480575,6.174812],[-75.480814,6.174917],[-75.481053,6.174996],[-75.481266,6.175022],[-75.481399,6.175102],[-75.481585,6.175287],[-75.481719,6.1755],[-75.481879,6.175685],[-75.482145,6.175897],[-75.482278,6.176083],[-75.482438,6.176375],[-75.482572,6.176641],[-75.482732,6.17688],[-75.482892,6.177198],[-75.482972,6.177384],[-75.483079,6.177596],[-75.483212,6.177809],[-75.483372,6.178021],[-75.483612,6.178233],[-75.483798,6.178392],[-75.483905,6.178605],[-75.483985,6.178764],[-75.484012,6.178976],[-75.484039,6.179136],[-75.484066,6.179322],[-75.484146,6.179481],[-75.484333,6.179614],[-75.484493,6.179746],[-75.484706,6.179932],[-75.484839,6.180038],[-75.484919,6.180224],[-75.485026,6.180476],[-75.485026,6.180662],[-75.485027,6.180822],[-75.485054,6.181034],[-75.485134,6.18122],[-75.485161,6.181433],[-75.485135,6.181645],[-75.485029,6.181752],[-75.484817,6.181832],[-75.484631,6.181939],[-75.484445,6.182046],[-75.484207,6.18218],[-75.484048,6.182286],[-75.483915,6.182499],[-75.48381,6.182765],[-75.483651,6.183005],[-75.483412,6.183032],[-75.483226,6.183033],[-75.483014,6.183033],[-75.482695,6.183061],[-75.482562,6.183168],[-75.482377,6.183434],[-75.482245,6.183753],[-75.48214,6.184046],[-75.481954,6.184233],[-75.481769,6.184366],[-75.481609,6.184446],[-75.481397,6.184553],[-75.481265,6.18474],[-75.481265,6.184952],[-75.481372,6.185271],[-75.481532,6.18551],[-75.481639,6.185696],[-75.481826,6.185881],[-75.482065,6.18604],[-75.482278,6.186173],[-75.482571,6.186384],[-75.482731,6.186544],[-75.483023,6.186782],[-75.483077,6.186941],[-75.483131,6.187181],[-75.483291,6.187419],[-75.483398,6.187605],[-75.483637,6.187817],[-75.483717,6.188003],[-75.483797,6.188162],[-75.483878,6.188375],[-75.483958,6.188561],[-75.483958,6.188773],[-75.483959,6.18896],[-75.483959,6.189146],[-75.48396,6.189279],[-75.48396,6.189438],[-75.484014,6.189571],[-75.484094,6.189757],[-75.4842,6.189889],[-75.484307,6.190075],[-75.484361,6.190341],[-75.484442,6.190686],[-75.484599,6.19092],[-75.484706,6.191132],[-75.484791,6.191324],[-75.48488,6.191412]]]]}},{"type":"Feature","properties":{"name":"La Estrella","source":"https://siata.gov.co/kml/Pronostico%20%28Experimental%29/Meteorologico.kml","municipality":"La Estrella"},"geometry":{"type":"MultiPolygon","coordinates":[[[[-75.645145,6.165657],[-75.645254,6.165657],[-75.645369,6.165672],[-75.64549,6.165672],[-75.645616,6.16567],[-75.645736,6.16567],[-75.645851,6.165675],[-75.64596,6.165679],[-75.646069,6.165679],[-75.646179,6.165689],[-75.646282,6.165714],[-75.646403,6.165745],[-75.646513,6.165773],[-75.646622,6.165801],[-75.646726,6.165834],[-75.646835,6.165857],[-75.646944,6.165866],[-75.647065,6.1659],[-75.647174,6.165922],[-75.647284,6.165944],[-75.647393,6.165961],[-75.647508,6.165977],[-75.647616,6.166007],[-75.647921,6.166348],[-75.648278,6.166673],[-75.64908,6.166968],[-75.649704,6.167085],[-75.65015,6.167262],[-75.650595,6.16735],[-75.651011,6.167497],[-75.651398,6.167585],[-75.651754,6.167525],[-75.652169,6.167494],[-75.652526,6.167612],[-75.652823,6.16767],[-75.653328,6.167728],[-75.653891,6.167578],[-75.654426,6.167606],[-75.65493,6.167694],[-75.655287,6.167901],[-75.655615,6.168226],[-75.655883,6.168582],[-75.655854,6.168879],[-75.655766,6.169236],[-75.655827,6.169592],[-75.656049,6.169562],[-75.656613,6.16959],[-75.657237,6.169588],[-75.657771,6.169646],[-75.658395,6.169733],[-75.65884,6.169643],[-75.659403,6.169404],[-75.659699,6.169135],[-75.660174,6.169104],[-75.66059,6.169162],[-75.661353,6.169362],[-75.6616,6.169516],[-75.66212,6.169465],[-75.662423,6.169141],[-75.662783,6.168836],[-75.663029,6.16855],[-75.663427,6.168244],[-75.663806,6.168091],[-75.664205,6.167938],[-75.664622,6.167746],[-75.665249,6.167611],[-75.665629,6.167572],[-75.666065,6.167476],[-75.666426,6.167323],[-75.666748,6.167151],[-75.667052,6.166922],[-75.667298,6.166655],[-75.667697,6.166577],[-75.667934,6.166577],[-75.668504,6.166442],[-75.669054,6.166345],[-75.669472,6.166325],[-75.669871,6.166134],[-75.670155,6.165905],[-75.670401,6.165771],[-75.670591,6.165694],[-75.670914,6.165693],[-75.671371,6.165882],[-75.671713,6.166166],[-75.672514,6.166924],[-75.67297,6.167113],[-75.673351,6.167302],[-75.67375,6.167472],[-75.674188,6.167642],[-75.674644,6.167774],[-75.674796,6.167773],[-75.675081,6.167753],[-75.675327,6.167581],[-75.675574,6.167371],[-75.675934,6.167237],[-75.676219,6.167008],[-75.676484,6.16676],[-75.676692,6.166512],[-75.676862,6.166303],[-75.67707,6.16596],[-75.677392,6.165617],[-75.677639,6.16535],[-75.678018,6.16512],[-75.67834,6.16491],[-75.678624,6.1647],[-75.67889,6.164452],[-75.679155,6.164185],[-75.679382,6.16388],[-75.679492,6.163703],[-75.679437,6.163667],[-75.679365,6.163416],[-75.679256,6.163021],[-75.679256,6.162981],[-75.679255,6.162699],[-75.679253,6.162196],[-75.679289,6.161981],[-75.679287,6.161586],[-75.679394,6.161156],[-75.679393,6.160904],[-75.679427,6.160474],[-75.679391,6.160115],[-75.67939,6.159806],[-75.679389,6.159757],[-75.679389,6.15947],[-75.679387,6.159039],[-75.679458,6.158608],[-75.679492,6.158178],[-75.679491,6.157747],[-75.679597,6.157281],[-75.679668,6.15685],[-75.679734,6.156625],[-75.679774,6.156491],[-75.679809,6.15624],[-75.679844,6.155845],[-75.679771,6.155522],[-75.679663,6.155236],[-75.679489,6.15489],[-75.679482,6.154877],[-75.67941,6.154519],[-75.679409,6.154268],[-75.679408,6.153909],[-75.679443,6.15355],[-75.679585,6.153119],[-75.679512,6.152689],[-75.679331,6.152331],[-75.679187,6.152008],[-75.678935,6.151579],[-75.678791,6.151328],[-75.678611,6.151149],[-75.678324,6.150899],[-75.678144,6.150756],[-75.678036,6.150541],[-75.677999,6.150218],[-75.678069,6.149752],[-75.678139,6.149177],[-75.678281,6.148639],[-75.678363,6.148333],[-75.678387,6.148244],[-75.678422,6.147849],[-75.678421,6.147634],[-75.678385,6.147455],[-75.678373,6.147421],[-75.678204,6.146953],[-75.677987,6.146344],[-75.677987,6.146216],[-75.677987,6.146093],[-75.677985,6.145698],[-75.678092,6.145447],[-75.678592,6.144943],[-75.678771,6.144548],[-75.678877,6.144189],[-75.679127,6.143829],[-75.679304,6.143255],[-75.679446,6.14286],[-75.679517,6.142465],[-75.679408,6.142035],[-75.679192,6.14182],[-75.678941,6.141677],[-75.67869,6.141606],[-75.678439,6.141499],[-75.678223,6.141392],[-75.678044,6.141285],[-75.677757,6.141071],[-75.677397,6.140713],[-75.677253,6.140427],[-75.677252,6.140032],[-75.677357,6.139386],[-75.67757,6.138775],[-75.677676,6.138237],[-75.677818,6.13777],[-75.677889,6.137447],[-75.677873,6.137257],[-75.677852,6.137017],[-75.677923,6.136658],[-75.678078,6.136266],[-75.678136,6.136119],[-75.67835,6.135796],[-75.678493,6.135472],[-75.678492,6.135149],[-75.678419,6.134934],[-75.678311,6.134612],[-75.678059,6.134326],[-75.677951,6.13429],[-75.6777,6.134147],[-75.677413,6.133897],[-75.677233,6.133682],[-75.677161,6.133611],[-75.676873,6.133217],[-75.676733,6.133001],[-75.676549,6.132716],[-75.676117,6.132215],[-75.67583,6.131929],[-75.675722,6.131785],[-75.675614,6.131678],[-75.675326,6.13132],[-75.675254,6.131105],[-75.675145,6.130854],[-75.675073,6.130568],[-75.675072,6.130245],[-75.675035,6.129994],[-75.675034,6.129671],[-75.674962,6.129312],[-75.674889,6.129026],[-75.674888,6.128631],[-75.674851,6.128237],[-75.674814,6.127806],[-75.674813,6.127412],[-75.674776,6.127089],[-75.674559,6.126623],[-75.674451,6.126229],[-75.67427,6.125799],[-75.674162,6.125512],[-75.674018,6.125261],[-75.673946,6.125082],[-75.673801,6.124724],[-75.673621,6.12433],[-75.673548,6.124007],[-75.673475,6.123613],[-75.673438,6.12329],[-75.673437,6.122931],[-75.673437,6.12268],[-75.673436,6.122357],[-75.673363,6.122106],[-75.673255,6.121891],[-75.67311,6.121461],[-75.672966,6.12096],[-75.672964,6.120422],[-75.672891,6.120063],[-75.672747,6.119741],[-75.67271,6.119454],[-75.672709,6.119167],[-75.67278,6.118915],[-75.672923,6.1187],[-75.673005,6.118576],[-75.672996,6.118513],[-75.672856,6.118598],[-75.672819,6.118612],[-75.672686,6.118662],[-75.672646,6.118677],[-75.672427,6.118755],[-75.672306,6.118779],[-75.672191,6.118802],[-75.672069,6.118815],[-75.67196,6.118839],[-75.67185,6.118852],[-75.671723,6.118882],[-75.671614,6.118911],[-75.671569,6.118923],[-75.671504,6.118941],[-75.671383,6.118971],[-75.671262,6.119012],[-75.671168,6.119041],[-75.671048,6.118836],[-75.670678,6.118825],[-75.6701,6.118827],[-75.669683,6.118967],[-75.669244,6.119223],[-75.668852,6.11941],[-75.668482,6.119642],[-75.668205,6.119829],[-75.667997,6.119922],[-75.667788,6.119853],[-75.667395,6.119785],[-75.667047,6.119577],[-75.666722,6.119231],[-75.666675,6.118883],[-75.66665,6.118466],[-75.666695,6.117934],[-75.666693,6.117378],[-75.666692,6.116775],[-75.666434,6.115687],[-75.666409,6.115271],[-75.666177,6.114877],[-75.66576,6.114693],[-75.66518,6.114417],[-75.664694,6.114164],[-75.664392,6.113863],[-75.663997,6.113239],[-75.663717,6.11273],[-75.66331,6.112],[-75.662869,6.111491],[-75.662358,6.110914],[-75.661616,6.11036],[-75.660921,6.1102],[-75.660412,6.110224],[-75.660041,6.110017],[-75.659624,6.109648],[-75.659275,6.109209],[-75.658742,6.108724],[-75.658139,6.108448],[-75.657421,6.108403],[-75.656172,6.108592],[-75.655594,6.108594],[-75.655108,6.108642],[-75.654585,6.108782],[-75.653824,6.109549],[-75.653524,6.109805],[-75.653166,6.110078],[-75.652623,6.110226],[-75.652048,6.110359],[-75.651675,6.110419],[-75.651257,6.110473],[-75.650934,6.110484],[-75.650488,6.110448],[-75.649868,6.110186],[-75.649311,6.109866],[-75.648771,6.109603],[-75.648246,6.109451],[-75.647533,6.109465],[-75.646902,6.109611],[-75.646193,6.109803],[-75.645355,6.109878],[-75.644614,6.10997],[-75.644072,6.109982],[-75.643479,6.110028],[-75.642945,6.110008],[-75.642439,6.109999],[-75.641948,6.11005],[-75.641492,6.109915],[-75.641132,6.109944],[-75.640902,6.110163],[-75.640741,6.110524],[-75.64046,6.110808],[-75.640035,6.110934],[-75.639703,6.110979],[-75.639181,6.111107],[-75.638837,6.111192],[-75.638638,6.111274],[-75.63842,6.111249],[-75.638099,6.111193],[-75.637728,6.111217],[-75.637596,6.11141],[-75.637397,6.111564],[-75.637179,6.111691],[-75.636883,6.11186],[-75.636612,6.112013],[-75.636366,6.112171],[-75.636195,6.112426],[-75.636023,6.112563],[-75.635858,6.112564],[-75.635472,6.11251],[-75.635233,6.112419],[-75.634994,6.112364],[-75.6347,6.11231],[-75.634351,6.112201],[-75.633983,6.111981],[-75.633707,6.111725],[-75.633431,6.111413],[-75.633265,6.111138],[-75.633154,6.110918],[-75.632952,6.110729],[-75.632711,6.110331],[-75.632435,6.110093],[-75.632233,6.109854],[-75.632048,6.109561],[-75.631864,6.109267],[-75.631551,6.108901],[-75.631219,6.108553],[-75.630998,6.108388],[-75.630796,6.108186],[-75.630648,6.108003],[-75.630427,6.107765],[-75.630243,6.1076],[-75.630096,6.107435],[-75.62993,6.107196],[-75.629672,6.106976],[-75.629378,6.106812],[-75.629084,6.106758],[-75.628644,6.106851],[-75.628405,6.106998],[-75.628241,6.107164],[-75.628113,6.10733],[-75.62806,6.107386],[-75.628057,6.107344],[-75.627987,6.107354],[-75.627866,6.107356],[-75.62775,6.107369],[-75.627617,6.107381],[-75.627496,6.107387],[-75.62738,6.107406],[-75.627265,6.107419],[-75.62715,6.107437],[-75.62704,6.10745],[-75.626924,6.107468],[-75.626815,6.107485],[-75.626699,6.107498],[-75.626584,6.107534],[-75.626475,6.107591],[-75.626372,6.107651],[-75.626268,6.107703],[-75.626165,6.107761],[-75.626062,6.107824],[-75.625958,6.107883],[-75.625849,6.107941],[-75.625735,6.107999],[-75.625691,6.108021],[-75.625684,6.108024],[-75.625603,6.108064],[-75.625499,6.108116],[-75.625396,6.108174],[-75.625286,6.108227],[-75.62516,6.108279],[-75.625045,6.108332],[-75.624913,6.108396],[-75.624815,6.108448],[-75.624718,6.108506],[-75.624615,6.108565],[-75.624517,6.108634],[-75.624414,6.108709],[-75.624317,6.108785],[-75.624225,6.10886],[-75.624111,6.108942],[-75.624013,6.109017],[-75.623899,6.109087],[-75.623796,6.109151],[-75.623704,6.109208],[-75.623577,6.109255],[-75.623456,6.109296],[-75.623346,6.109298],[-75.623236,6.109299],[-75.623103,6.109299],[-75.622982,6.109301],[-75.622849,6.109302],[-75.622739,6.109303],[-75.622606,6.109293],[-75.622496,6.109294],[-75.622386,6.109295],[-75.622276,6.109296],[-75.622161,6.109315],[-75.622052,6.109344],[-75.621942,6.109385],[-75.621833,6.109426],[-75.621729,6.109462],[-75.62162,6.109497],[-75.621487,6.109544],[-75.621366,6.109585],[-75.621331,6.109595],[-75.621251,6.10962],[-75.621136,6.109655],[-75.621021,6.109696],[-75.620911,6.109726],[-75.620779,6.109756],[-75.620652,6.10978],[-75.620531,6.109804],[-75.62041,6.109822],[-75.620283,6.109858],[-75.620162,6.109888],[-75.620106,6.109913],[-75.620047,6.10994],[-75.619938,6.109993],[-75.619846,6.110051],[-75.619749,6.110109],[-75.619645,6.110173],[-75.619542,6.110271],[-75.619451,6.11034],[-75.619371,6.110416],[-75.619273,6.110486],[-75.619182,6.110555],[-75.619102,6.11063],[-75.619016,6.110705],[-75.618925,6.110763],[-75.618821,6.110816],[-75.618717,6.110851],[-75.618602,6.110886],[-75.618487,6.110939],[-75.618361,6.110992],[-75.618235,6.111056],[-75.618097,6.111132],[-75.617993,6.11119],[-75.617896,6.111242],[-75.617787,6.111277],[-75.617677,6.111307],[-75.617555,6.111309],[-75.617417,6.111338],[-75.617296,6.111391],[-75.617169,6.111432],[-75.61706,6.111478],[-75.616939,6.111532],[-75.616819,6.111584],[-75.616709,6.111625],[-75.6166,6.111677],[-75.616485,6.11173],[-75.61637,6.111783],[-75.616267,6.111824],[-75.616129,6.111876],[-75.61608,6.111894],[-75.616014,6.111917],[-75.615893,6.111964],[-75.615761,6.112012],[-75.615646,6.112053],[-75.615645,6.112053],[-75.615492,6.112181],[-75.615038,6.112677],[-75.614735,6.113172],[-75.614395,6.113705],[-75.61413,6.114086],[-75.613676,6.114429],[-75.61322,6.114507],[-75.61265,6.11447],[-75.612119,6.114472],[-75.611663,6.114435],[-75.611207,6.114437],[-75.610751,6.114476],[-75.610258,6.114515],[-75.609726,6.114669],[-75.609347,6.11486],[-75.608854,6.114975],[-75.608399,6.115243],[-75.607489,6.11593],[-75.607186,6.116159],[-75.606845,6.116464],[-75.60639,6.116579],[-75.606087,6.11656],[-75.606479,6.116882],[-75.606922,6.117288],[-75.607426,6.11782],[-75.607437,6.117931],[-75.607479,6.118063],[-75.607504,6.118182],[-75.607529,6.118291],[-75.607554,6.11841],[-75.60759,6.118519],[-75.607626,6.118627],[-75.607668,6.118736],[-75.60771,6.118838],[-75.607781,6.118986],[-75.607829,6.119094],[-75.607877,6.119197],[-75.607936,6.1193],[-75.608006,6.119402],[-75.608066,6.119499],[-75.608125,6.11959],[-75.608184,6.119681],[-75.608255,6.119789],[-75.60832,6.119892],[-75.608379,6.119995],[-75.608444,6.120085],[-75.608509,6.120176],[-75.608573,6.120267],[-75.608624,6.120324],[-75.60865,6.120352],[-75.608726,6.120438],[-75.608808,6.120516],[-75.60889,6.120608],[-75.60899,6.120704],[-75.609072,6.120789],[-75.60916,6.120868],[-75.609277,6.120952],[-75.60937,6.121015],[-75.609475,6.121083],[-75.609574,6.121145],[-75.60968,6.121207],[-75.609773,6.121274],[-75.609855,6.121348],[-75.609954,6.121416],[-75.610047,6.121478],[-75.610141,6.121551],[-75.610229,6.12162],[-75.610317,6.121704],[-75.610404,6.121784],[-75.610492,6.121857],[-75.610592,6.121931],[-75.610685,6.122005],[-75.610773,6.122072],[-75.610871,6.122129],[-75.610965,6.122191],[-75.611064,6.122264],[-75.611181,6.122332],[-75.611303,6.1224],[-75.611414,6.122467],[-75.611508,6.122523],[-75.611642,6.122591],[-75.611769,6.122647],[-75.611874,6.122709],[-75.611973,6.122765],[-75.612084,6.122827],[-75.612183,6.122877],[-75.612305,6.122939],[-75.61241,6.12299],[-75.612556,6.12304],[-75.612672,6.123079],[-75.612777,6.123124],[-75.612893,6.123175],[-75.613009,6.123225],[-75.613097,6.123299],[-75.61315,6.123407],[-75.613181,6.123515],[-75.6132,6.123641],[-75.613231,6.123784],[-75.613249,6.123892],[-75.613268,6.124012],[-75.613282,6.124121],[-75.613294,6.124235],[-75.613308,6.124356],[-75.613327,6.12447],[-75.61334,6.124589],[-75.613342,6.124703],[-75.613349,6.124813],[-75.613373,6.124927],[-75.61341,6.12503],[-75.613452,6.125133],[-75.613505,6.12523],[-75.613564,6.125342],[-75.613617,6.125439],[-75.613683,6.125542],[-75.613747,6.125633],[-75.613812,6.125729],[-75.613889,6.125815],[-75.613982,6.125871],[-75.614093,6.125962],[-75.614198,6.12603],[-75.614291,6.126097],[-75.614397,6.126154],[-75.614507,6.126198],[-75.614623,6.126232],[-75.614745,6.12627],[-75.614861,6.126304],[-75.614977,6.126332],[-75.615088,6.126376],[-75.615204,6.126403],[-75.615314,6.126431],[-75.615356,6.126442],[-75.615442,6.126465],[-75.615564,6.126498],[-75.615691,6.126531],[-75.615796,6.12657],[-75.615906,6.126609],[-75.616023,6.126648],[-75.616165,6.126663],[-75.616189,6.126665],[-75.616247,6.126687],[-75.616295,6.126697],[-75.616405,6.126731],[-75.616533,6.126786],[-75.616644,6.126831],[-75.616689,6.126859],[-75.616743,6.126894],[-75.616812,6.126924],[-75.616842,6.126938],[-75.616927,6.126984],[-75.616947,6.126995],[-75.617063,6.127068],[-75.617082,6.127079],[-75.617169,6.12713],[-75.617279,6.127192],[-75.617402,6.127265],[-75.617512,6.127321],[-75.617549,6.127345],[-75.61761,6.127397],[-75.617728,6.127445],[-75.617839,6.127489],[-75.617932,6.127546],[-75.618036,6.127596],[-75.618141,6.127635],[-75.618263,6.127663],[-75.618385,6.12769],[-75.618409,6.127693],[-75.618495,6.127707],[-75.618611,6.127718],[-75.618721,6.127716],[-75.618848,6.127698],[-75.618951,6.127663],[-75.619055,6.12761],[-75.619164,6.127558],[-75.619273,6.127523],[-75.619377,6.127476],[-75.61948,6.127435],[-75.619595,6.127405],[-75.619717,6.127381],[-75.619826,6.127374],[-75.619936,6.127373],[-75.620058,6.127361],[-75.620098,6.127372],[-75.620174,6.127393],[-75.62029,6.127438],[-75.620389,6.127512],[-75.620477,6.127586],[-75.620565,6.127659],[-75.620641,6.127739],[-75.620729,6.127829],[-75.620817,6.127904],[-75.620893,6.127982],[-75.620975,6.128074],[-75.621052,6.128164],[-75.621146,6.128283],[-75.621199,6.12838],[-75.62127,6.128465],[-75.621358,6.128545],[-75.621451,6.128601],[-75.621544,6.128663],[-75.621673,6.128753],[-75.621761,6.128833],[-75.62186,6.128906],[-75.621948,6.128979],[-75.622041,6.129054],[-75.622129,6.129127],[-75.622222,6.129189],[-75.622293,6.129286],[-75.622381,6.129359],[-75.622469,6.129444],[-75.622545,6.129529],[-75.622616,6.129632],[-75.622681,6.129729],[-75.622746,6.129843],[-75.622817,6.129933],[-75.622904,6.130018],[-75.62301,6.130097],[-75.623097,6.130166],[-75.623191,6.130222],[-75.623307,6.130295],[-75.623418,6.130351],[-75.623523,6.130419],[-75.623611,6.130486],[-75.623716,6.130555],[-75.623815,6.130611],[-75.623919,6.130673],[-75.624019,6.130724],[-75.624118,6.130785],[-75.624229,6.130836],[-75.624328,6.130904],[-75.624407,6.13101],[-75.624589,6.131165],[-75.624857,6.131415],[-75.624932,6.131484],[-75.624981,6.131529],[-75.62504,6.131585],[-75.625173,6.131712],[-75.625448,6.131969],[-75.625563,6.132071],[-75.62566,6.13218],[-75.625758,6.132242],[-75.625857,6.132315],[-75.625943,6.132384],[-75.626024,6.132462],[-75.626088,6.132554],[-75.626169,6.132645],[-75.626239,6.132735],[-75.626315,6.132832],[-75.626385,6.132929],[-75.626449,6.133019],[-75.626518,6.133105],[-75.626588,6.133196],[-75.626647,6.133305],[-75.626711,6.133395],[-75.626763,6.133492],[-75.626804,6.133595],[-75.626845,6.133697],[-75.626898,6.133806],[-75.62695,6.133903],[-75.627009,6.133999],[-75.627078,6.134101],[-75.627142,6.134193],[-75.627207,6.134283],[-75.627271,6.134374],[-75.62734,6.134477],[-75.627433,6.134561],[-75.627497,6.134653],[-75.627549,6.134755],[-75.627613,6.134847],[-75.627654,6.134949],[-75.627707,6.135045],[-75.627759,6.135148],[-75.627772,6.135262],[-75.627767,6.13537],[-75.627751,6.13548],[-75.627747,6.135588],[-75.627736,6.135708],[-75.627731,6.135817],[-75.627727,6.135925],[-75.627722,6.136034],[-75.627717,6.136149],[-75.627706,6.136258],[-75.62769,6.136372],[-75.62768,6.136486],[-75.627664,6.136607],[-75.627648,6.136727],[-75.627614,6.136835],[-75.627592,6.136949],[-75.627553,6.137053],[-75.627513,6.137162],[-75.627474,6.137282],[-75.627441,6.137396],[-75.627413,6.137511],[-75.627374,6.13762],[-75.627346,6.13774],[-75.62733,6.13785],[-75.627326,6.137958],[-75.627309,6.138067],[-75.62731,6.138181],[-75.627311,6.138312],[-75.627301,6.138427],[-75.627325,6.138535],[-75.62741,6.138431],[-75.627495,6.138345],[-75.627581,6.138259],[-75.627655,6.138179],[-75.627751,6.138091],[-75.627831,6.138005],[-75.627911,6.137925],[-75.628002,6.137844],[-75.628088,6.137764],[-75.628172,6.137665],[-75.628197,6.137641],[-75.628258,6.137579],[-75.628315,6.137482],[-75.628365,6.137379],[-75.628422,6.13728],[-75.628484,6.137177],[-75.628558,6.137086],[-75.628632,6.136999],[-75.6287,6.136913],[-75.628791,6.13682],[-75.628882,6.13674],[-75.628973,6.136671],[-75.62907,6.136619],[-75.629174,6.136583],[-75.629221,6.136564],[-75.629288,6.136537],[-75.629391,6.136502],[-75.629506,6.136473],[-75.629608,6.136437],[-75.629729,6.136396],[-75.629832,6.136362],[-75.629946,6.136332],[-75.630055,6.136308],[-75.63017,6.13629],[-75.630279,6.136267],[-75.630388,6.136249],[-75.630497,6.136231],[-75.630606,6.136224],[-75.630721,6.136224],[-75.630847,6.136222],[-75.630956,6.136222],[-75.631071,6.136221],[-75.631185,6.13622],[-75.631324,6.136224],[-75.631444,6.136235],[-75.631553,6.136246],[-75.631691,6.136267],[-75.631806,6.136273],[-75.631927,6.136277],[-75.632047,6.136299],[-75.632168,6.136316],[-75.632289,6.13632],[-75.632404,6.136337],[-75.632525,6.136348],[-75.632645,6.136357],[-75.632766,6.136357],[-75.632892,6.136357],[-75.633007,6.13635],[-75.633116,6.136344],[-75.633231,6.136331],[-75.633306,6.136373],[-75.633322,6.136382],[-75.633317,6.136397],[-75.633334,6.136438],[-75.633424,6.136574],[-75.633502,6.136672],[-75.633561,6.136772],[-75.633643,6.136912],[-75.633686,6.13697],[-75.633711,6.137123],[-75.633753,6.137319],[-75.633802,6.1376],[-75.633824,6.13774],[-75.633832,6.137859],[-75.633828,6.138003],[-75.633823,6.138182],[-75.633813,6.138447],[-75.6338,6.138678],[-75.633787,6.138771],[-75.633765,6.138913],[-75.633748,6.139006],[-75.633702,6.139137],[-75.63365,6.139278],[-75.633553,6.139425],[-75.63345,6.139565],[-75.633372,6.139672],[-75.633294,6.139769],[-75.633193,6.139875],[-75.633137,6.139966],[-75.63304,6.140103],[-75.632994,6.140192],[-75.632929,6.140328],[-75.6329,6.140432],[-75.632859,6.1406],[-75.63283,6.140702],[-75.632847,6.140808],[-75.632865,6.140979],[-75.632881,6.141119],[-75.632894,6.141227],[-75.632916,6.141387],[-75.632931,6.141531],[-75.632953,6.141673],[-75.632967,6.141757],[-75.633001,6.141878],[-75.633007,6.141985],[-75.633015,6.14214],[-75.633019,6.142253],[-75.633019,6.142378],[-75.633008,6.142517],[-75.632994,6.142664],[-75.632969,6.142785],[-75.632941,6.142867],[-75.632816,6.143125],[-75.632753,6.143263],[-75.632677,6.143425],[-75.632617,6.143554],[-75.632567,6.143649],[-75.632443,6.14385],[-75.63239,6.143955],[-75.632318,6.144109],[-75.632273,6.144241],[-75.632248,6.144369],[-75.63224,6.144459],[-75.632229,6.144572],[-75.632233,6.144707],[-75.632245,6.144842],[-75.632302,6.144936],[-75.632369,6.145046],[-75.632461,6.1452],[-75.632586,6.145414],[-75.632673,6.145629],[-75.632723,6.145795],[-75.632723,6.145915],[-75.632714,6.146113],[-75.632741,6.146295],[-75.632805,6.146463],[-75.632894,6.146636],[-75.632979,6.146789],[-75.63309,6.146986],[-75.633136,6.147141],[-75.633161,6.147356],[-75.633262,6.1476],[-75.633295,6.147766],[-75.633429,6.147871],[-75.633596,6.148018],[-75.633785,6.148267],[-75.633957,6.148426],[-75.634038,6.148758],[-75.634029,6.14907],[-75.633981,6.149391],[-75.633935,6.149709],[-75.633951,6.150089],[-75.633965,6.150386],[-75.633894,6.150756],[-75.63373,6.151114],[-75.633593,6.15129],[-75.633369,6.151494],[-75.633161,6.151691],[-75.632836,6.151848],[-75.632483,6.152006],[-75.632234,6.152057],[-75.63201,6.152081],[-75.631635,6.152132],[-75.631506,6.152173],[-75.631269,6.152239],[-75.630756,6.152369],[-75.630373,6.152477],[-75.630017,6.152599],[-75.629672,6.152582],[-75.62933,6.152599],[-75.629013,6.152617],[-75.628722,6.152644],[-75.628489,6.152693],[-75.628209,6.15276],[-75.627937,6.152842],[-75.627624,6.152886],[-75.627268,6.152894],[-75.627139,6.152891],[-75.626979,6.152918],[-75.626838,6.15298],[-75.626787,6.153025],[-75.626728,6.153078],[-75.62667,6.153136],[-75.626624,6.153146],[-75.626478,6.153176],[-75.62635,6.153203],[-75.626295,6.153214],[-75.626189,6.153236],[-75.626066,6.153259],[-75.626027,6.153271],[-75.625996,6.153285],[-75.625733,6.153403],[-75.62562,6.153454],[-75.625403,6.153454],[-75.625161,6.153455],[-75.625135,6.153468],[-75.625006,6.153533],[-75.624841,6.153616],[-75.624708,6.153683],[-75.624638,6.153733],[-75.624539,6.153806],[-75.624461,6.153862],[-75.624385,6.153919],[-75.624303,6.153979],[-75.624264,6.154002],[-75.624238,6.154025],[-75.624237,6.154026],[-75.624228,6.154034],[-75.624199,6.154055],[-75.624162,6.154092],[-75.624157,6.154099],[-75.62416,6.154096],[-75.624194,6.154145],[-75.62426,6.15424],[-75.624273,6.154231],[-75.62437,6.154167],[-75.624427,6.154283],[-75.624487,6.15439],[-75.62454,6.154504],[-75.624592,6.1546],[-75.624656,6.154697],[-75.624732,6.154794],[-75.624796,6.154884],[-75.624871,6.154986],[-75.624947,6.155072],[-75.625034,6.155162],[-75.62512,6.155231],[-75.625219,6.155304],[-75.625328,6.155292],[-75.625431,6.155251],[-75.62554,6.155216],[-75.625649,6.155175],[-75.625762,6.155123],[-75.625866,6.155087],[-75.62598,6.155048],[-75.626014,6.155037],[-75.626095,6.155012],[-75.626198,6.154977],[-75.626307,6.15493],[-75.626415,6.154895],[-75.626524,6.154861],[-75.626633,6.154831],[-75.626741,6.154801],[-75.626862,6.154766],[-75.626982,6.154731],[-75.627114,6.154684],[-75.627229,6.154661],[-75.627343,6.154631],[-75.627452,6.154618],[-75.627584,6.15459],[-75.627704,6.15456],[-75.627819,6.15453],[-75.627928,6.154484],[-75.628048,6.154437],[-75.628162,6.154385],[-75.62827,6.154338],[-75.628397,6.154291],[-75.628511,6.154239],[-75.628631,6.154199],[-75.628718,6.154267],[-75.628731,6.154381],[-75.62876,6.154489],[-75.628772,6.154603],[-75.628808,6.154712],[-75.628837,6.15482],[-75.628879,6.154934],[-75.62892,6.155042],[-75.628973,6.155145],[-75.629025,6.155248],[-75.629089,6.155345],[-75.629153,6.155435],[-75.629223,6.155521],[-75.629299,6.155611],[-75.62938,6.155691],[-75.629466,6.15577],[-75.629565,6.155838],[-75.629669,6.1559],[-75.629766,6.155956],[-75.629865,6.156024],[-75.629975,6.156092],[-75.630079,6.156149],[-75.630176,6.156199],[-75.630275,6.15625],[-75.63039,6.1563],[-75.630488,6.156351],[-75.630586,6.156403],[-75.630701,6.156453],[-75.630805,6.156498],[-75.630926,6.156548],[-75.63103,6.156599],[-75.631133,6.156638],[-75.631237,6.156689],[-75.631358,6.156739],[-75.631468,6.156784],[-75.631571,6.156818],[-75.631681,6.156851],[-75.63179,6.156885],[-75.6319,6.156924],[-75.632009,6.156952],[-75.632119,6.15698],[-75.632228,6.157007],[-75.632337,6.157023],[-75.632446,6.157046],[-75.632561,6.157044],[-75.632676,6.157055],[-75.632785,6.157061],[-75.6329,6.157059],[-75.633027,6.157064],[-75.633136,6.157069],[-75.633245,6.157074],[-75.633354,6.157085],[-75.633463,6.157089],[-75.633578,6.157106],[-75.633699,6.157111],[-75.633814,6.157126],[-75.633929,6.157137],[-75.634044,6.157148],[-75.634152,6.157158],[-75.634268,6.157175],[-75.634389,6.157186],[-75.634497,6.157184],[-75.634613,6.157184],[-75.634727,6.157189],[-75.634854,6.157193],[-75.634968,6.157204],[-75.635084,6.157249],[-75.635182,6.1573],[-75.635252,6.157386],[-75.63531,6.157487],[-75.635351,6.157595],[-75.635386,6.157709],[-75.63541,6.157818],[-75.63544,6.157926],[-75.635475,6.158029],[-75.635494,6.158137],[-75.635512,6.158246],[-75.635536,6.15836],[-75.635566,6.158468],[-75.635595,6.158577],[-75.635636,6.158703],[-75.635672,6.158811],[-75.635713,6.158919],[-75.635772,6.159027],[-75.635835,6.159118],[-75.635905,6.159204],[-75.635975,6.159294],[-75.636056,6.15938],[-75.636126,6.159477],[-75.636196,6.159561],[-75.636248,6.159658],[-75.636284,6.159767],[-75.636325,6.159881],[-75.636343,6.159989],[-75.636367,6.160103],[-75.636368,6.160212],[-75.636369,6.16032],[-75.636364,6.160429],[-75.636354,6.160544],[-75.636349,6.160658],[-75.636339,6.160772],[-75.636328,6.160886],[-75.636306,6.161019],[-75.636279,6.161127],[-75.636251,6.161236],[-75.636229,6.161344],[-75.63619,6.161465],[-75.636156,6.161585],[-75.636117,6.1617],[-75.636089,6.161809],[-75.636056,6.161918],[-75.636028,6.162026],[-75.635989,6.162135],[-75.63595,6.16225],[-75.635905,6.162353],[-75.63586,6.162467],[-75.635809,6.162571],[-75.635752,6.162669],[-75.635691,6.162789],[-75.63564,6.162893],[-75.635647,6.163001],[-75.635745,6.163069],[-75.635826,6.163154],[-75.63589,6.163245],[-75.635942,6.163342],[-75.635995,6.163444],[-75.636036,6.163547],[-75.636089,6.16365],[-75.636141,6.163746],[-75.636194,6.163848],[-75.636258,6.163951],[-75.636299,6.164059],[-75.636357,6.164156],[-75.636444,6.164241],[-75.636554,6.16424],[-75.636662,6.164233],[-75.636771,6.164233],[-75.636886,6.164209],[-75.636995,6.164197],[-75.63711,6.164162],[-75.637248,6.164143],[-75.637362,6.164126],[-75.637477,6.164108],[-75.637586,6.164095],[-75.637706,6.164083],[-75.637844,6.164065],[-75.637953,6.164059],[-75.638073,6.16404],[-75.638217,6.164039],[-75.638349,6.164044],[-75.638469,6.164043],[-75.63859,6.164042],[-75.638705,6.164053],[-75.63882,6.164063],[-75.638923,6.164102],[-75.639033,6.16413],[-75.639148,6.164175],[-75.639263,6.164203],[-75.639361,6.164254],[-75.639465,6.164299],[-75.639569,6.164349],[-75.639678,6.1644],[-75.639777,6.164451],[-75.639875,6.164507],[-75.639979,6.164552],[-75.640123,6.164597],[-75.640237,6.164625],[-75.640347,6.164629],[-75.640467,6.164629],[-75.640588,6.164616],[-75.640714,6.164598],[-75.640823,6.164597],[-75.640938,6.164597],[-75.641052,6.164596],[-75.641168,6.164595],[-75.641276,6.164594],[-75.641403,6.164593],[-75.641546,6.164609],[-75.641656,6.164614],[-75.64177,6.164625],[-75.641886,6.164624],[-75.642012,6.164635],[-75.642127,6.164639],[-75.642242,6.16465],[-75.642356,6.164655],[-75.642477,6.164659],[-75.642621,6.164681],[-75.64273,6.164698],[-75.642834,6.164732],[-75.642955,6.164753],[-75.643059,6.164798],[-75.643162,6.164849],[-75.643266,6.1649],[-75.643364,6.164956],[-75.643474,6.165018],[-75.643578,6.165074],[-75.643687,6.165125],[-75.6438,6.165189],[-75.643901,6.165232],[-75.643993,6.165294],[-75.644085,6.165356],[-75.644172,6.16543],[-75.644271,6.165504],[-75.644369,6.165577],[-75.644473,6.165622],[-75.644582,6.165644],[-75.644697,6.165644],[-75.644806,6.165642],[-75.644915,6.165647],[-75.645024,6.165647],[-75.645145,6.165657]]]]}},{"type":"Feature","properties":{"name":"Sabaneta","source":"https://siata.gov.co/kml/Pronostico%20%28Experimental%29/Meteorologico.kml","municipality":"Sabaneta"},"geometry":{"type":"MultiPolygon","coordinates":[[[[-75.605134,6.163163],[-75.605156,6.163138],[-75.605209,6.163077],[-75.605288,6.162984],[-75.605356,6.162898],[-75.605436,6.162817],[-75.605533,6.162754],[-75.605636,6.162713],[-75.605745,6.162684],[-75.605859,6.162653],[-75.605963,6.162614],[-75.606071,6.162584],[-75.60618,6.162561],[-75.6063,6.162526],[-75.606409,6.162496],[-75.606524,6.162466],[-75.606638,6.162443],[-75.606747,6.162414],[-75.606862,6.16239],[-75.606922,6.16238],[-75.606976,6.162372],[-75.607085,6.162348],[-75.607195,6.162341],[-75.607309,6.162313],[-75.607424,6.162305],[-75.607556,6.16227],[-75.607665,6.162253],[-75.607796,6.162223],[-75.607911,6.16221],[-75.608043,6.162187],[-75.608152,6.162186],[-75.608261,6.16218],[-75.608376,6.162184],[-75.608429,6.162192],[-75.608429,6.162113],[-75.6086,6.16205],[-75.609104,6.161884],[-75.609532,6.161539],[-75.610026,6.161241],[-75.610481,6.160966],[-75.61125,6.160501],[-75.611837,6.160147],[-75.612298,6.159908],[-75.612852,6.159621],[-75.613287,6.159396],[-75.613649,6.159196],[-75.614093,6.158942],[-75.61471,6.15859],[-75.615279,6.158268],[-75.615856,6.15795],[-75.616533,6.157578],[-75.616907,6.157373],[-75.617309,6.15717],[-75.617553,6.157062],[-75.617781,6.156962],[-75.618066,6.156833],[-75.618418,6.156746],[-75.61885,6.156607],[-75.619286,6.156494],[-75.619813,6.156382],[-75.620338,6.156305],[-75.62034,6.156304],[-75.620343,6.156305],[-75.620423,6.156293],[-75.620541,6.156276],[-75.620633,6.156271],[-75.62076,6.156272],[-75.620863,6.156273],[-75.621025,6.156275],[-75.621164,6.156276],[-75.621245,6.156277],[-75.621277,6.156242],[-75.621392,6.156115],[-75.621588,6.1559],[-75.621886,6.155656],[-75.622238,6.155459],[-75.622655,6.155266],[-75.622905,6.15501],[-75.623145,6.154793],[-75.623458,6.154635],[-75.623815,6.154441],[-75.62399,6.154265],[-75.624157,6.154099],[-75.624162,6.154092],[-75.624199,6.154055],[-75.624228,6.154034],[-75.624237,6.154026],[-75.624238,6.154025],[-75.624264,6.154002],[-75.624303,6.153979],[-75.624385,6.153919],[-75.624461,6.153862],[-75.624539,6.153806],[-75.624638,6.153733],[-75.624708,6.153683],[-75.624841,6.153616],[-75.625006,6.153533],[-75.625135,6.153468],[-75.625161,6.153455],[-75.625403,6.153454],[-75.62562,6.153454],[-75.625733,6.153403],[-75.625996,6.153285],[-75.626027,6.153271],[-75.626066,6.153259],[-75.626189,6.153236],[-75.626295,6.153214],[-75.62635,6.153203],[-75.626478,6.153176],[-75.626624,6.153146],[-75.62667,6.153136],[-75.626728,6.153078],[-75.626787,6.153025],[-75.626838,6.15298],[-75.626979,6.152918],[-75.627139,6.152891],[-75.627268,6.152894],[-75.627624,6.152886],[-75.627937,6.152842],[-75.628209,6.15276],[-75.628489,6.152693],[-75.628722,6.152644],[-75.629013,6.152617],[-75.62933,6.152599],[-75.629672,6.152582],[-75.630017,6.152599],[-75.630373,6.152477],[-75.630756,6.152369],[-75.631269,6.152239],[-75.631506,6.152173],[-75.631635,6.152132],[-75.63201,6.152081],[-75.632234,6.152057],[-75.632483,6.152006],[-75.632836,6.151848],[-75.633161,6.151691],[-75.633369,6.151494],[-75.633593,6.15129],[-75.63373,6.151114],[-75.633894,6.150756],[-75.633965,6.150386],[-75.633951,6.150089],[-75.633935,6.149709],[-75.633981,6.149391],[-75.634029,6.14907],[-75.634038,6.148758],[-75.633957,6.148426],[-75.633785,6.148267],[-75.633596,6.148018],[-75.633429,6.147871],[-75.633295,6.147766],[-75.633262,6.1476],[-75.633161,6.147356],[-75.633136,6.147141],[-75.63309,6.146986],[-75.632979,6.146789],[-75.632894,6.146636],[-75.632805,6.146463],[-75.632741,6.146295],[-75.632714,6.146113],[-75.632723,6.145915],[-75.632723,6.145795],[-75.632673,6.145629],[-75.632586,6.145414],[-75.632461,6.1452],[-75.632369,6.145046],[-75.632302,6.144936],[-75.632245,6.144842],[-75.632233,6.144707],[-75.632229,6.144572],[-75.63224,6.144459],[-75.632248,6.144369],[-75.632273,6.144241],[-75.632318,6.144109],[-75.63239,6.143955],[-75.632443,6.14385],[-75.632567,6.143649],[-75.632617,6.143554],[-75.632677,6.143425],[-75.632753,6.143263],[-75.632816,6.143125],[-75.632941,6.142867],[-75.632969,6.142785],[-75.632994,6.142664],[-75.633008,6.142517],[-75.633019,6.142378],[-75.633019,6.142253],[-75.633015,6.14214],[-75.633007,6.141985],[-75.633001,6.141878],[-75.632967,6.141757],[-75.632953,6.141673],[-75.632931,6.141531],[-75.632916,6.141387],[-75.632894,6.141227],[-75.632881,6.141119],[-75.632865,6.140979],[-75.632847,6.140808],[-75.63283,6.140702],[-75.632859,6.1406],[-75.6329,6.140432],[-75.632929,6.140328],[-75.632994,6.140192],[-75.63304,6.140103],[-75.633137,6.139966],[-75.633193,6.139875],[-75.633294,6.139769],[-75.633372,6.139672],[-75.63345,6.139565],[-75.633553,6.139425],[-75.63365,6.139278],[-75.633702,6.139137],[-75.633748,6.139006],[-75.633765,6.138913],[-75.633787,6.138771],[-75.6338,6.138678],[-75.633813,6.138447],[-75.633823,6.138182],[-75.633828,6.138003],[-75.633832,6.137859],[-75.633824,6.13774],[-75.633802,6.1376],[-75.633753,6.137319],[-75.633711,6.137123],[-75.633686,6.13697],[-75.633643,6.136912],[-75.633561,6.136772],[-75.633502,6.136672],[-75.633424,6.136574],[-75.633334,6.136438],[-75.633317,6.136397],[-75.633322,6.136382],[-75.633306,6.136373],[-75.633231,6.136331],[-75.633116,6.136344],[-75.633007,6.13635],[-75.632892,6.136357],[-75.632766,6.136357],[-75.632645,6.136357],[-75.632525,6.136348],[-75.632404,6.136337],[-75.632289,6.13632],[-75.632168,6.136316],[-75.632047,6.136299],[-75.631927,6.136277],[-75.631806,6.136273],[-75.631691,6.136267],[-75.631553,6.136246],[-75.631444,6.136235],[-75.631324,6.136224],[-75.631185,6.13622],[-75.631071,6.136221],[-75.630956,6.136222],[-75.630847,6.136222],[-75.630721,6.136224],[-75.630606,6.136224],[-75.630497,6.136231],[-75.630388,6.136249],[-75.630279,6.136267],[-75.63017,6.13629],[-75.630055,6.136308],[-75.629946,6.136332],[-75.629832,6.136362],[-75.629729,6.136396],[-75.629608,6.136437],[-75.629506,6.136473],[-75.629391,6.136502],[-75.629288,6.136537],[-75.629221,6.136564],[-75.629174,6.136583],[-75.62907,6.136619],[-75.628973,6.136671],[-75.628882,6.13674],[-75.628791,6.13682],[-75.6287,6.136913],[-75.628632,6.136999],[-75.628558,6.137086],[-75.628484,6.137177],[-75.628422,6.13728],[-75.628365,6.137379],[-75.628315,6.137482],[-75.628258,6.137579],[-75.628197,6.137641],[-75.628172,6.137665],[-75.628088,6.137764],[-75.628002,6.137844],[-75.627911,6.137925],[-75.627831,6.138005],[-75.627751,6.138091],[-75.627655,6.138179],[-75.627581,6.138259],[-75.627495,6.138345],[-75.62741,6.138431],[-75.627325,6.138535],[-75.627301,6.138427],[-75.627311,6.138312],[-75.62731,6.138181],[-75.627309,6.138067],[-75.627326,6.137958],[-75.62733,6.13785],[-75.627346,6.13774],[-75.627374,6.13762],[-75.627413,6.137511],[-75.627441,6.137396],[-75.627474,6.137282],[-75.627513,6.137162],[-75.627553,6.137053],[-75.627592,6.136949],[-75.627614,6.136835],[-75.627648,6.136727],[-75.627664,6.136607],[-75.62768,6.136486],[-75.62769,6.136372],[-75.627706,6.136258],[-75.627717,6.136149],[-75.627722,6.136034],[-75.627727,6.135925],[-75.627731,6.135817],[-75.627736,6.135708],[-75.627747,6.135588],[-75.627751,6.13548],[-75.627767,6.13537],[-75.627772,6.135262],[-75.627759,6.135148],[-75.627707,6.135045],[-75.627654,6.134949],[-75.627613,6.134847],[-75.627549,6.134755],[-75.627497,6.134653],[-75.627433,6.134561],[-75.62734,6.134477],[-75.627271,6.134374],[-75.627207,6.134283],[-75.627142,6.134193],[-75.627078,6.134101],[-75.627009,6.133999],[-75.62695,6.133903],[-75.626898,6.133806],[-75.626845,6.133697],[-75.626804,6.133595],[-75.626763,6.133492],[-75.626711,6.133395],[-75.626647,6.133305],[-75.626588,6.133196],[-75.626518,6.133105],[-75.626449,6.133019],[-75.626385,6.132929],[-75.626315,6.132832],[-75.626239,6.132735],[-75.626169,6.132645],[-75.626088,6.132554],[-75.626024,6.132462],[-75.625943,6.132384],[-75.625857,6.132315],[-75.625758,6.132242],[-75.62566,6.13218],[-75.625563,6.132071],[-75.625448,6.131969],[-75.625173,6.131712],[-75.62504,6.131585],[-75.624981,6.131529],[-75.624932,6.131484],[-75.624857,6.131415],[-75.624589,6.131165],[-75.624407,6.13101],[-75.624328,6.130904],[-75.624229,6.130836],[-75.624118,6.130785],[-75.624019,6.130724],[-75.623919,6.130673],[-75.623815,6.130611],[-75.623716,6.130555],[-75.623611,6.130486],[-75.623523,6.130419],[-75.623418,6.130351],[-75.623307,6.130295],[-75.623191,6.130222],[-75.623097,6.130166],[-75.62301,6.130097],[-75.622904,6.130018],[-75.622817,6.129933],[-75.622746,6.129843],[-75.622681,6.129729],[-75.622616,6.129632],[-75.622545,6.129529],[-75.622469,6.129444],[-75.622381,6.129359],[-75.622293,6.129286],[-75.622222,6.129189],[-75.622129,6.129127],[-75.622041,6.129054],[-75.621948,6.128979],[-75.62186,6.128906],[-75.621761,6.128833],[-75.621673,6.128753],[-75.621544,6.128663],[-75.621451,6.128601],[-75.621358,6.128545],[-75.62127,6.128465],[-75.621199,6.12838],[-75.621146,6.128283],[-75.621052,6.128164],[-75.620975,6.128074],[-75.620893,6.127982],[-75.620817,6.127904],[-75.620729,6.127829],[-75.620641,6.127739],[-75.620565,6.127659],[-75.620477,6.127586],[-75.620389,6.127512],[-75.62029,6.127438],[-75.620174,6.127393],[-75.620098,6.127372],[-75.620058,6.127361],[-75.619936,6.127373],[-75.619826,6.127374],[-75.619717,6.127381],[-75.619595,6.127405],[-75.61948,6.127435],[-75.619377,6.127476],[-75.619273,6.127523],[-75.619164,6.127558],[-75.619055,6.12761],[-75.618951,6.127663],[-75.618848,6.127698],[-75.618721,6.127716],[-75.618611,6.127718],[-75.618495,6.127707],[-75.618409,6.127693],[-75.618385,6.12769],[-75.618263,6.127663],[-75.618141,6.127635],[-75.618036,6.127596],[-75.617932,6.127546],[-75.617839,6.127489],[-75.617728,6.127445],[-75.61761,6.127397],[-75.617549,6.127345],[-75.617512,6.127321],[-75.617402,6.127265],[-75.617279,6.127192],[-75.617169,6.12713],[-75.617082,6.127079],[-75.617063,6.127068],[-75.616947,6.126995],[-75.616927,6.126984],[-75.616842,6.126938],[-75.616812,6.126924],[-75.616743,6.126894],[-75.616689,6.126859],[-75.616644,6.126831],[-75.616533,6.126786],[-75.616405,6.126731],[-75.616295,6.126697],[-75.616247,6.126687],[-75.616189,6.126665],[-75.616165,6.126663],[-75.616023,6.126648],[-75.615906,6.126609],[-75.615796,6.12657],[-75.615691,6.126531],[-75.615564,6.126498],[-75.615442,6.126465],[-75.615356,6.126442],[-75.615314,6.126431],[-75.615204,6.126403],[-75.615088,6.126376],[-75.614977,6.126332],[-75.614861,6.126304],[-75.614745,6.12627],[-75.614623,6.126232],[-75.614507,6.126198],[-75.614397,6.126154],[-75.614291,6.126097],[-75.614198,6.12603],[-75.614093,6.125962],[-75.613982,6.125871],[-75.613889,6.125815],[-75.613812,6.125729],[-75.613747,6.125633],[-75.613683,6.125542],[-75.613617,6.125439],[-75.613564,6.125342],[-75.613505,6.12523],[-75.613452,6.125133],[-75.61341,6.12503],[-75.613373,6.124927],[-75.613349,6.124813],[-75.613342,6.124703],[-75.61334,6.124589],[-75.613327,6.12447],[-75.613308,6.124356],[-75.613294,6.124235],[-75.613282,6.124121],[-75.613268,6.124012],[-75.613249,6.123892],[-75.613231,6.123784],[-75.6132,6.123641],[-75.613181,6.123515],[-75.61315,6.123407],[-75.613097,6.123299],[-75.613009,6.123225],[-75.612893,6.123175],[-75.612777,6.123124],[-75.612672,6.123079],[-75.612556,6.12304],[-75.61241,6.12299],[-75.612305,6.122939],[-75.612183,6.122877],[-75.612084,6.122827],[-75.611973,6.122765],[-75.611874,6.122709],[-75.611769,6.122647],[-75.611642,6.122591],[-75.611508,6.122523],[-75.611414,6.122467],[-75.611303,6.1224],[-75.611181,6.122332],[-75.611064,6.122264],[-75.610965,6.122191],[-75.610871,6.122129],[-75.610773,6.122072],[-75.610685,6.122005],[-75.610592,6.121931],[-75.610492,6.121857],[-75.610404,6.121784],[-75.610317,6.121704],[-75.610229,6.12162],[-75.610141,6.121551],[-75.610047,6.121478],[-75.609954,6.121416],[-75.609855,6.121348],[-75.609773,6.121274],[-75.60968,6.121207],[-75.609574,6.121145],[-75.609475,6.121083],[-75.60937,6.121015],[-75.609277,6.120952],[-75.60916,6.120868],[-75.609072,6.120789],[-75.60899,6.120704],[-75.60889,6.120608],[-75.608808,6.120516],[-75.608726,6.120438],[-75.60865,6.120352],[-75.608624,6.120324],[-75.608573,6.120267],[-75.608509,6.120176],[-75.608444,6.120085],[-75.608379,6.119995],[-75.60832,6.119892],[-75.608255,6.119789],[-75.608184,6.119681],[-75.608125,6.11959],[-75.608066,6.119499],[-75.608006,6.119402],[-75.607936,6.1193],[-75.607877,6.119197],[-75.607829,6.119094],[-75.607781,6.118986],[-75.60771,6.118838],[-75.607668,6.118736],[-75.607626,6.118627],[-75.60759,6.118519],[-75.607554,6.11841],[-75.607529,6.118291],[-75.607504,6.118182],[-75.607479,6.118063],[-75.607437,6.117931],[-75.607426,6.11782],[-75.606922,6.117288],[-75.606479,6.116882],[-75.606087,6.11656],[-75.605901,6.116408],[-75.605086,6.116003],[-75.60461,6.1158],[-75.604221,6.115711],[-75.604163,6.115723],[-75.604047,6.115741],[-75.603938,6.115754],[-75.603811,6.115767],[-75.603666,6.11578],[-75.603528,6.115781],[-75.603417,6.115782],[-75.603302,6.115783],[-75.603186,6.115784],[-75.603065,6.115785],[-75.602955,6.115786],[-75.602845,6.115787],[-75.602733,6.115794],[-75.60266,6.115786],[-75.602606,6.115779],[-75.602479,6.115765],[-75.602352,6.115751],[-75.602312,6.11575],[-75.602237,6.115746],[-75.602128,6.115742],[-75.601994,6.115744],[-75.601884,6.115744],[-75.601769,6.115746],[-75.601659,6.115747],[-75.601532,6.115764],[-75.601422,6.115771],[-75.601306,6.115778],[-75.601197,6.115779],[-75.601058,6.11578],[-75.600948,6.115776],[-75.600832,6.115754],[-75.600722,6.11572],[-75.600605,6.115647],[-75.600506,6.115585],[-75.600407,6.115529],[-75.600302,6.115478],[-75.600191,6.115428],[-75.600087,6.115377],[-75.59997,6.115321],[-75.599859,6.115276],[-75.599755,6.115243],[-75.599663,6.115227],[-75.599634,6.115222],[-75.599488,6.115188],[-75.599361,6.115149],[-75.599251,6.115128],[-75.599129,6.115106],[-75.598978,6.115073],[-75.598862,6.115045],[-75.598734,6.115],[-75.598615,6.114977],[-75.598514,6.114951],[-75.598386,6.114923],[-75.59827,6.114897],[-75.598137,6.11488],[-75.598015,6.114859],[-75.597899,6.114842],[-75.597783,6.114832],[-75.597656,6.114822],[-75.597546,6.114794],[-75.597475,6.11478],[-75.5974,6.114767],[-75.59729,6.11475],[-75.597162,6.114733],[-75.597024,6.114696],[-75.596902,6.114669],[-75.596786,6.114635],[-75.59667,6.114624],[-75.596554,6.114598],[-75.596432,6.114564],[-75.596327,6.11453],[-75.596205,6.114486],[-75.596078,6.114436],[-75.595961,6.114391],[-75.595839,6.114346],[-75.595729,6.114302],[-75.595613,6.114251],[-75.595502,6.114206],[-75.595392,6.114161],[-75.595281,6.114105],[-75.595176,6.11406],[-75.595071,6.114021],[-75.594967,6.113988],[-75.594851,6.113949],[-75.59474,6.113916],[-75.59463,6.113882],[-75.59452,6.113855],[-75.594415,6.113816],[-75.594281,6.113777],[-75.594177,6.113743],[-75.594061,6.113704],[-75.593956,6.113659],[-75.593845,6.113603],[-75.593729,6.113547],[-75.593624,6.113509],[-75.593525,6.113458],[-75.593415,6.113413],[-75.593304,6.113368],[-75.593194,6.113329],[-75.593078,6.113273],[-75.592979,6.113228],[-75.592868,6.113177],[-75.592746,6.113127],[-75.592624,6.113071],[-75.592513,6.113015],[-75.592409,6.112964],[-75.59231,6.112919],[-75.592193,6.112891],[-75.592078,6.112864],[-75.591956,6.112853],[-75.591834,6.112855],[-75.591724,6.112851],[-75.591608,6.11284],[-75.591481,6.112841],[-75.591365,6.112813],[-75.591255,6.112792],[-75.591127,6.11277],[-75.590977,6.112755],[-75.590861,6.112727],[-75.590751,6.112704],[-75.590619,6.112693],[-75.590473,6.112685],[-75.590544,6.112769],[-75.590603,6.112866],[-75.590638,6.112969],[-75.590675,6.113072],[-75.590705,6.11318],[-75.590724,6.113289],[-75.590743,6.113403],[-75.590762,6.113517],[-75.590792,6.113632],[-75.590811,6.113752],[-75.590836,6.113871],[-75.590843,6.113985],[-75.590856,6.114101],[-75.590864,6.114209],[-75.590871,6.114318],[-75.590878,6.114432],[-75.590886,6.114558],[-75.590896,6.114661],[-75.590899,6.1147],[-75.590907,6.114809],[-75.590908,6.11493],[-75.59091,6.115044],[-75.590905,6.115164],[-75.590896,6.115279],[-75.590885,6.115393],[-75.59087,6.115502],[-75.590854,6.115617],[-75.590838,6.115737],[-75.590828,6.115845],[-75.590824,6.115955],[-75.590819,6.116075],[-75.590798,6.116195],[-75.590782,6.116304],[-75.590737,6.116424],[-75.590693,6.116539],[-75.590642,6.116642],[-75.590586,6.116752],[-75.590523,6.11685],[-75.590455,6.116948],[-75.590387,6.11704],[-75.590319,6.117144],[-75.590251,6.117241],[-75.590189,6.117345],[-75.590138,6.117454],[-75.590087,6.117564],[-75.590043,6.117672],[-75.589998,6.117788],[-75.589965,6.117896],[-75.589914,6.118017],[-75.589881,6.118132],[-75.589831,6.118264],[-75.589786,6.118374],[-75.589759,6.118488],[-75.589714,6.118603],[-75.589681,6.118712],[-75.589642,6.118822],[-75.589597,6.118941],[-75.58957,6.119051],[-75.589525,6.119165],[-75.58948,6.119268],[-75.58947,6.119378],[-75.589471,6.119486],[-75.589456,6.119606],[-75.589429,6.119722],[-75.589396,6.119841],[-75.589362,6.119945],[-75.58934,6.12006],[-75.589307,6.120164],[-75.589298,6.120278],[-75.589264,6.120398],[-75.589225,6.120502],[-75.589197,6.12061],[-75.589193,6.120719],[-75.589178,6.120845],[-75.589139,6.12096],[-75.5891,6.121064],[-75.589055,6.121184],[-75.589016,6.121305],[-75.588989,6.121413],[-75.588961,6.121523],[-75.588946,6.121643],[-75.58893,6.121769],[-75.588926,6.121883],[-75.588921,6.121992],[-75.588894,6.122119],[-75.58889,6.122227],[-75.588874,6.122354],[-75.588876,6.122462],[-75.588872,6.122571],[-75.588867,6.122685],[-75.588863,6.122811],[-75.588865,6.122937],[-75.588866,6.123052],[-75.588868,6.123166],[-75.588869,6.123275],[-75.588877,6.123383],[-75.588901,6.123491],[-75.588938,6.123611],[-75.588956,6.123726],[-75.588993,6.123852],[-75.589012,6.123971],[-75.589036,6.124085],[-75.589061,6.124206],[-75.589075,6.124326],[-75.589076,6.124434],[-75.589094,6.124549],[-75.589102,6.124663],[-75.589127,6.124783],[-75.589146,6.124903],[-75.589159,6.125012],[-75.589178,6.125131],[-75.589197,6.125252],[-75.589204,6.125372],[-75.589229,6.125492],[-75.589254,6.125606],[-75.589284,6.125725],[-75.589314,6.125835],[-75.589339,6.125949],[-75.589358,6.126063],[-75.58936,6.126183],[-75.589361,6.126297],[-75.589368,6.126407],[-75.58937,6.126538],[-75.589383,6.126646],[-75.589391,6.126773],[-75.589392,6.126881],[-75.589406,6.126995],[-75.589407,6.127104],[-75.589432,6.127236],[-75.589462,6.127355],[-75.589493,6.127464],[-75.589529,6.127578],[-75.589559,6.127692],[-75.589607,6.127795],[-75.58966,6.127897],[-75.589726,6.128],[-75.589813,6.128096],[-75.589895,6.128181],[-75.589972,6.12826],[-75.590015,6.1283],[-75.590067,6.128325],[-75.590117,6.128392],[-75.590142,6.128413],[-75.590236,6.128492],[-75.590317,6.128567],[-75.590411,6.128634],[-75.59051,6.128713],[-75.59061,6.128782],[-75.590714,6.128821],[-75.590819,6.128871],[-75.590928,6.128932],[-75.590948,6.128964],[-75.591012,6.129018],[-75.591099,6.129098],[-75.591164,6.129188],[-75.591229,6.129285],[-75.591289,6.129382],[-75.59133,6.129485],[-75.591366,6.129593],[-75.591409,6.129707],[-75.591462,6.129815],[-75.59151,6.129935],[-75.591569,6.130043],[-75.591584,6.1301],[-75.591606,6.130155],[-75.591634,6.130224],[-75.591655,6.130267],[-75.591697,6.130381],[-75.591708,6.130499],[-75.591733,6.130619],[-75.591746,6.13074],[-75.591783,6.130842],[-75.591813,6.130962],[-75.591849,6.131105],[-75.591877,6.131248],[-75.59193,6.131438],[-75.592021,6.131661],[-75.59205,6.13174],[-75.592088,6.131844],[-75.592158,6.132036],[-75.592272,6.132311],[-75.592363,6.132526],[-75.592412,6.132714],[-75.592423,6.132755],[-75.592457,6.132956],[-75.59247,6.133093],[-75.592482,6.133207],[-75.592506,6.133315],[-75.592524,6.133424],[-75.59253,6.133472],[-75.59255,6.133527],[-75.592561,6.133646],[-75.592568,6.133755],[-75.592592,6.133869],[-75.59262,6.13396],[-75.592627,6.133983],[-75.592657,6.134103],[-75.592669,6.134218],[-75.592665,6.134326],[-75.592665,6.134435],[-75.592655,6.134554],[-75.592636,6.134676],[-75.592617,6.134801],[-75.592618,6.134909],[-75.592619,6.135018],[-75.592638,6.135132],[-75.592638,6.13524],[-75.592639,6.135263],[-75.592641,6.135354],[-75.592643,6.135475],[-75.592642,6.135589],[-75.592645,6.135659],[-75.592648,6.135715],[-75.592649,6.135823],[-75.59265,6.13595],[-75.592663,6.13607],[-75.59267,6.136184],[-75.592671,6.136303],[-75.592672,6.136412],[-75.592667,6.136526],[-75.592639,6.136647],[-75.592612,6.136778],[-75.592573,6.136905],[-75.592534,6.137019],[-75.592488,6.137122],[-75.592438,6.137219],[-75.592387,6.137323],[-75.592325,6.137432],[-75.59228,6.137541],[-75.592229,6.13765],[-75.592179,6.137759],[-75.592122,6.137856],[-75.59206,6.137966],[-75.592016,6.138033],[-75.591986,6.13808],[-75.591923,6.138172],[-75.591867,6.138275],[-75.591811,6.138379],[-75.591754,6.138482],[-75.591709,6.138585],[-75.591664,6.138695],[-75.591619,6.138809],[-75.591569,6.138918],[-75.591535,6.139039],[-75.59149,6.139142],[-75.591463,6.13925],[-75.591429,6.139359],[-75.591407,6.139474],[-75.591374,6.139583],[-75.591329,6.139703],[-75.591312,6.139811],[-75.591279,6.139927],[-75.591251,6.140035],[-75.591212,6.140155],[-75.591179,6.140276],[-75.591168,6.140384],[-75.591164,6.140499],[-75.591164,6.140607],[-75.591148,6.140716],[-75.591145,6.140751],[-75.591138,6.140824],[-75.591139,6.140945],[-75.59114,6.141059],[-75.591141,6.141173],[-75.591142,6.14131],[-75.591149,6.141418],[-75.59115,6.141534],[-75.591162,6.141653],[-75.591181,6.141768],[-75.591205,6.141876],[-75.59124,6.141979],[-75.591286,6.142081],[-75.591351,6.142172],[-75.591403,6.14228],[-75.591462,6.142377],[-75.591514,6.14248],[-75.591556,6.142605],[-75.591591,6.142713],[-75.591615,6.142827],[-75.59165,6.14293],[-75.591674,6.143038],[-75.591687,6.143147],[-75.591688,6.143255],[-75.591683,6.143369],[-75.591655,6.14349],[-75.591628,6.143605],[-75.591589,6.143713],[-75.591566,6.143822],[-75.59155,6.143943],[-75.591529,6.144057],[-75.591502,6.144172],[-75.591501,6.144217],[-75.5915,6.144252],[-75.591508,6.144335],[-75.591566,6.144505],[-75.591661,6.144648],[-75.591843,6.144746],[-75.591997,6.144781],[-75.592205,6.144828],[-75.592406,6.144873],[-75.592884,6.144921],[-75.593575,6.144961],[-75.593755,6.14496],[-75.593776,6.144961],[-75.593934,6.14497],[-75.594228,6.1452],[-75.594255,6.145326],[-75.594263,6.145362],[-75.594267,6.145475],[-75.594276,6.145672],[-75.594306,6.145885],[-75.594309,6.145905],[-75.594315,6.145951],[-75.594325,6.146022],[-75.594432,6.146036],[-75.594509,6.146091],[-75.594799,6.146172],[-75.594976,6.146378],[-75.595345,6.146889],[-75.595538,6.147194],[-75.595757,6.147482],[-75.595903,6.147711],[-75.596142,6.148017],[-75.596396,6.148286],[-75.596617,6.148586],[-75.596882,6.149003],[-75.596961,6.14926],[-75.597046,6.149517],[-75.597166,6.14976],[-75.5973,6.14994],[-75.597445,6.150115],[-75.597608,6.150332],[-75.597784,6.150609],[-75.59811,6.150876],[-75.598271,6.151064],[-75.598392,6.1514],[-75.598471,6.151703],[-75.598581,6.152003],[-75.59874,6.152357],[-75.598993,6.152694],[-75.599291,6.152899],[-75.599599,6.153086],[-75.599886,6.153222],[-75.600277,6.153323],[-75.600719,6.153406],[-75.601127,6.153452],[-75.60143,6.153525],[-75.601682,6.153623],[-75.601839,6.153769],[-75.60195,6.15386],[-75.602176,6.154008],[-75.602361,6.154205],[-75.602524,6.154422],[-75.60264,6.15456],[-75.602837,6.154662],[-75.603088,6.154786],[-75.60332,6.155035],[-75.60346,6.155331],[-75.603552,6.155734],[-75.603559,6.156043],[-75.603586,6.156459],[-75.603702,6.15693],[-75.603791,6.157309],[-75.603985,6.157548],[-75.603992,6.157584],[-75.604002,6.157687],[-75.604023,6.157902],[-75.60402,6.158029],[-75.604017,6.158154],[-75.603948,6.158478],[-75.603933,6.158512],[-75.603826,6.158759],[-75.603503,6.15911],[-75.603242,6.1593],[-75.603156,6.159353],[-75.602971,6.159463],[-75.602663,6.159613],[-75.602562,6.15967],[-75.6025,6.159722],[-75.602474,6.159787],[-75.602413,6.159879],[-75.602304,6.159902],[-75.602201,6.159943],[-75.602086,6.159984],[-75.601992,6.160034],[-75.601927,6.160145],[-75.602008,6.160219],[-75.6021,6.160287],[-75.602181,6.160361],[-75.602262,6.160434],[-75.602349,6.160509],[-75.602442,6.160582],[-75.602528,6.160666],[-75.602615,6.160741],[-75.602691,6.16082],[-75.602777,6.160911],[-75.602859,6.160996],[-75.60294,6.161087],[-75.60301,6.161178],[-75.603085,6.161268],[-75.603172,6.161348],[-75.603271,6.161445],[-75.603375,6.161535],[-75.603456,6.161615],[-75.603537,6.161694],[-75.603624,6.161767],[-75.603716,6.161858],[-75.603791,6.161938],[-75.603884,6.162017],[-75.603977,6.162096],[-75.604052,6.162176],[-75.604139,6.162244],[-75.604225,6.162318],[-75.604318,6.162408],[-75.604405,6.162499],[-75.604492,6.162573],[-75.604579,6.162641],[-75.604642,6.162712],[-75.604654,6.162726],[-75.604741,6.1628],[-75.604833,6.162862],[-75.60492,6.162935],[-75.604951,6.16297],[-75.605001,6.163026],[-75.605134,6.163163]]]]}},{"type":"Feature","properties":{"name":"Caldas","source":"https://siata.gov.co/kml/Pronostico%20%28Experimental%29/Meteorologico.kml","municipality":"Caldas"},"geometry":{"type":"MultiPolygon","coordinates":[[[[-75.590473,6.112685],[-75.590619,6.112693],[-75.590751,6.112704],[-75.590861,6.112727],[-75.590977,6.112755],[-75.591127,6.11277],[-75.591255,6.112792],[-75.591365,6.112813],[-75.591481,6.112841],[-75.591608,6.11284],[-75.591724,6.112851],[-75.591834,6.112855],[-75.591956,6.112853],[-75.592078,6.112864],[-75.592193,6.112891],[-75.59231,6.112919],[-75.592409,6.112964],[-75.592513,6.113015],[-75.592624,6.113071],[-75.592746,6.113127],[-75.592868,6.113177],[-75.592979,6.113228],[-75.593078,6.113273],[-75.593194,6.113329],[-75.593304,6.113368],[-75.593415,6.113413],[-75.593525,6.113458],[-75.593624,6.113509],[-75.593729,6.113547],[-75.593845,6.113603],[-75.593956,6.113659],[-75.594061,6.113704],[-75.594177,6.113743],[-75.594281,6.113777],[-75.594415,6.113816],[-75.59452,6.113855],[-75.59463,6.113882],[-75.59474,6.113916],[-75.594851,6.113949],[-75.594967,6.113988],[-75.595071,6.114021],[-75.595176,6.11406],[-75.595281,6.114105],[-75.595392,6.114161],[-75.595502,6.114206],[-75.595613,6.114251],[-75.595729,6.114302],[-75.595839,6.114346],[-75.595961,6.114391],[-75.596078,6.114436],[-75.596205,6.114486],[-75.596327,6.11453],[-75.596432,6.114564],[-75.596554,6.114598],[-75.59667,6.114624],[-75.596786,6.114635],[-75.596902,6.114669],[-75.597024,6.114696],[-75.597162,6.114733],[-75.59729,6.11475],[-75.5974,6.114767],[-75.597475,6.11478],[-75.597546,6.114794],[-75.597656,6.114822],[-75.597783,6.114832],[-75.597899,6.114842],[-75.598015,6.114859],[-75.598137,6.11488],[-75.59827,6.114897],[-75.598386,6.114923],[-75.598514,6.114951],[-75.598615,6.114977],[-75.598734,6.115],[-75.598862,6.115045],[-75.598978,6.115073],[-75.599129,6.115106],[-75.599251,6.115128],[-75.599361,6.115149],[-75.599488,6.115188],[-75.599634,6.115222],[-75.599663,6.115227],[-75.599755,6.115243],[-75.599859,6.115276],[-75.59997,6.115321],[-75.600087,6.115377],[-75.600191,6.115428],[-75.600302,6.115478],[-75.600407,6.115529],[-75.600506,6.115585],[-75.600605,6.115647],[-75.600722,6.11572],[-75.600832,6.115754],[-75.600948,6.115776],[-75.601058,6.11578],[-75.601197,6.115779],[-75.601306,6.115778],[-75.601422,6.115771],[-75.601532,6.115764],[-75.601659,6.115747],[-75.601769,6.115746],[-75.601884,6.115744],[-75.601994,6.115744],[-75.602128,6.115742],[-75.602237,6.115746],[-75.602312,6.11575],[-75.602352,6.115751],[-75.602479,6.115765],[-75.602606,6.115779],[-75.60266,6.115786],[-75.602733,6.115794],[-75.602845,6.115787],[-75.602955,6.115786],[-75.603065,6.115785],[-75.603186,6.115784],[-75.603302,6.115783],[-75.603417,6.115782],[-75.603528,6.115781],[-75.603666,6.11578],[-75.603811,6.115767],[-75.603938,6.115754],[-75.604047,6.115741],[-75.604163,6.115723],[-75.604221,6.115711],[-75.60461,6.1158],[-75.605086,6.116003],[-75.605901,6.116408],[-75.606087,6.11656],[-75.60639,6.116579],[-75.606845,6.116464],[-75.607186,6.116159],[-75.607489,6.11593],[-75.608399,6.115243],[-75.608854,6.114975],[-75.609347,6.11486],[-75.609726,6.114669],[-75.610258,6.114515],[-75.610751,6.114476],[-75.611207,6.114437],[-75.611663,6.114435],[-75.612119,6.114472],[-75.61265,6.11447],[-75.61322,6.114507],[-75.613676,6.114429],[-75.61413,6.114086],[-75.614395,6.113705],[-75.614735,6.113172],[-75.615038,6.112677],[-75.615492,6.112181],[-75.615645,6.112053],[-75.615646,6.112053],[-75.615761,6.112012],[-75.615893,6.111964],[-75.616014,6.111917],[-75.61608,6.111894],[-75.616129,6.111876],[-75.616267,6.111824],[-75.61637,6.111783],[-75.616485,6.11173],[-75.6166,6.111677],[-75.616709,6.111625],[-75.616819,6.111584],[-75.616939,6.111532],[-75.61706,6.111478],[-75.617169,6.111432],[-75.617296,6.111391],[-75.617417,6.111338],[-75.617555,6.111309],[-75.617677,6.111307],[-75.617787,6.111277],[-75.617896,6.111242],[-75.617993,6.11119],[-75.618097,6.111132],[-75.618235,6.111056],[-75.618361,6.110992],[-75.618487,6.110939],[-75.618602,6.110886],[-75.618717,6.110851],[-75.618821,6.110816],[-75.618925,6.110763],[-75.619016,6.110705],[-75.619102,6.11063],[-75.619182,6.110555],[-75.619273,6.110486],[-75.619371,6.110416],[-75.619451,6.11034],[-75.619542,6.110271],[-75.619645,6.110173],[-75.619749,6.110109],[-75.619846,6.110051],[-75.619938,6.109993],[-75.620047,6.10994],[-75.620106,6.109913],[-75.620162,6.109888],[-75.620283,6.109858],[-75.62041,6.109822],[-75.620531,6.109804],[-75.620652,6.10978],[-75.620779,6.109756],[-75.620911,6.109726],[-75.621021,6.109696],[-75.621136,6.109655],[-75.621251,6.10962],[-75.621331,6.109595],[-75.621366,6.109585],[-75.621487,6.109544],[-75.62162,6.109497],[-75.621729,6.109462],[-75.621833,6.109426],[-75.621942,6.109385],[-75.622052,6.109344],[-75.622161,6.109315],[-75.622276,6.109296],[-75.622386,6.109295],[-75.622496,6.109294],[-75.622606,6.109293],[-75.622739,6.109303],[-75.622849,6.109302],[-75.622982,6.109301],[-75.623103,6.109299],[-75.623236,6.109299],[-75.623346,6.109298],[-75.623456,6.109296],[-75.623577,6.109255],[-75.623704,6.109208],[-75.623796,6.109151],[-75.623899,6.109087],[-75.624013,6.109017],[-75.624111,6.108942],[-75.624225,6.10886],[-75.624317,6.108785],[-75.624414,6.108709],[-75.624517,6.108634],[-75.624615,6.108565],[-75.624718,6.108506],[-75.624815,6.108448],[-75.624913,6.108396],[-75.625045,6.108332],[-75.62516,6.108279],[-75.625286,6.108227],[-75.625396,6.108174],[-75.625499,6.108116],[-75.625603,6.108064],[-75.625684,6.108024],[-75.625691,6.108021],[-75.625735,6.107999],[-75.625849,6.107941],[-75.625958,6.107883],[-75.626062,6.107824],[-75.626165,6.107761],[-75.626268,6.107703],[-75.626372,6.107651],[-75.626475,6.107591],[-75.626584,6.107534],[-75.626699,6.107498],[-75.626815,6.107485],[-75.626924,6.107468],[-75.62704,6.10745],[-75.62715,6.107437],[-75.627265,6.107419],[-75.62738,6.107406],[-75.627496,6.107387],[-75.627617,6.107381],[-75.62775,6.107369],[-75.627866,6.107356],[-75.627987,6.107354],[-75.628057,6.107344],[-75.62806,6.107386],[-75.628113,6.10733],[-75.628241,6.107164],[-75.628405,6.106998],[-75.628644,6.106851],[-75.629084,6.106758],[-75.629378,6.106812],[-75.629672,6.106976],[-75.62993,6.107196],[-75.630096,6.107435],[-75.630243,6.1076],[-75.630427,6.107765],[-75.630648,6.108003],[-75.630796,6.108186],[-75.630998,6.108388],[-75.631219,6.108553],[-75.631551,6.108901],[-75.631864,6.109267],[-75.632048,6.109561],[-75.632233,6.109854],[-75.632435,6.110093],[-75.632711,6.110331],[-75.632952,6.110729],[-75.633154,6.110918],[-75.633265,6.111138],[-75.633431,6.111413],[-75.633707,6.111725],[-75.633983,6.111981],[-75.634351,6.112201],[-75.6347,6.11231],[-75.634994,6.112364],[-75.635233,6.112419],[-75.635472,6.11251],[-75.635858,6.112564],[-75.636023,6.112563],[-75.636195,6.112426],[-75.636366,6.112171],[-75.636612,6.112013],[-75.636883,6.11186],[-75.637179,6.111691],[-75.637397,6.111564],[-75.637596,6.11141],[-75.637728,6.111217],[-75.638099,6.111193],[-75.63842,6.111249],[-75.638638,6.111274],[-75.638837,6.111192],[-75.639181,6.111107],[-75.639703,6.110979],[-75.640035,6.110934],[-75.64046,6.110808],[-75.640741,6.110524],[-75.640902,6.110163],[-75.641132,6.109944],[-75.641492,6.109915],[-75.641948,6.11005],[-75.642439,6.109999],[-75.642945,6.110008],[-75.643479,6.110028],[-75.644072,6.109982],[-75.644614,6.10997],[-75.645355,6.109878],[-75.646193,6.109803],[-75.646902,6.109611],[-75.647533,6.109465],[-75.648246,6.109451],[-75.648771,6.109603],[-75.649311,6.109866],[-75.649868,6.110186],[-75.650488,6.110448],[-75.650934,6.110484],[-75.651257,6.110473],[-75.651675,6.110419],[-75.652048,6.110359],[-75.652623,6.110226],[-75.653166,6.110078],[-75.653524,6.109805],[-75.653824,6.109549],[-75.654585,6.108782],[-75.655108,6.108642],[-75.655594,6.108594],[-75.656172,6.108592],[-75.657421,6.108403],[-75.658139,6.108448],[-75.658742,6.108724],[-75.659275,6.109209],[-75.659624,6.109648],[-75.660041,6.110017],[-75.660412,6.110224],[-75.660921,6.1102],[-75.661616,6.11036],[-75.662358,6.110914],[-75.662869,6.111491],[-75.66331,6.112],[-75.663717,6.11273],[-75.663997,6.113239],[-75.664392,6.113863],[-75.664694,6.114164],[-75.66518,6.114417],[-75.66576,6.114693],[-75.666177,6.114877],[-75.666409,6.115271],[-75.666434,6.115687],[-75.666692,6.116775],[-75.666693,6.117378],[-75.666695,6.117934],[-75.66665,6.118466],[-75.666675,6.118883],[-75.666722,6.119231],[-75.667047,6.119577],[-75.667395,6.119785],[-75.667788,6.119853],[-75.667997,6.119922],[-75.668205,6.119829],[-75.668482,6.119642],[-75.668852,6.11941],[-75.669244,6.119223],[-75.669683,6.118967],[-75.6701,6.118827],[-75.670678,6.118825],[-75.671048,6.118836],[-75.671168,6.119041],[-75.671262,6.119012],[-75.671383,6.118971],[-75.671504,6.118941],[-75.671569,6.118923],[-75.671614,6.118911],[-75.671723,6.118882],[-75.67185,6.118852],[-75.67196,6.118839],[-75.672069,6.118815],[-75.672191,6.118802],[-75.672306,6.118779],[-75.672427,6.118755],[-75.672646,6.118677],[-75.672686,6.118662],[-75.672819,6.118612],[-75.672856,6.118598],[-75.672996,6.118513],[-75.673005,6.118576],[-75.673063,6.118488],[-75.673066,6.118484],[-75.673244,6.118268],[-75.673459,6.118052],[-75.673602,6.117944],[-75.673924,6.1178],[-75.674425,6.117655],[-75.674819,6.117618],[-75.675249,6.117509],[-75.675607,6.1174],[-75.676001,6.117256],[-75.67617,6.11717],[-75.676287,6.117111],[-75.676537,6.11668],[-75.676539,6.11666],[-75.676572,6.116249],[-75.676606,6.115819],[-75.676605,6.11546],[-75.676604,6.115101],[-75.676567,6.114635],[-75.676529,6.114097],[-75.676493,6.11381],[-75.676456,6.113559],[-75.676527,6.113272],[-75.676633,6.112733],[-75.676632,6.112375],[-75.676738,6.11198],[-75.676987,6.111405],[-75.677165,6.11101],[-75.677236,6.110615],[-75.677342,6.110292],[-75.677556,6.109825],[-75.677602,6.109746],[-75.677806,6.109394],[-75.678056,6.109178],[-75.678414,6.108926],[-75.678664,6.108674],[-75.678878,6.108314],[-75.678912,6.107884],[-75.678768,6.107489],[-75.678659,6.107131],[-75.678609,6.106931],[-75.678587,6.106844],[-75.678406,6.106343],[-75.678406,6.106296],[-75.678405,6.10602],[-75.678296,6.105625],[-75.678152,6.105231],[-75.678043,6.104801],[-75.677934,6.104299],[-75.67779,6.103941],[-75.677681,6.103618],[-75.6775,6.103009],[-75.67732,6.102615],[-75.677139,6.102257],[-75.676959,6.101863],[-75.676671,6.101505],[-75.67642,6.101254],[-75.675952,6.100825],[-75.675772,6.100431],[-75.675635,6.100159],[-75.675592,6.100073],[-75.675519,6.099822],[-75.675483,6.099643],[-75.675374,6.099248],[-75.675338,6.098926],[-75.675301,6.098603],[-75.675192,6.09828],[-75.674976,6.097922],[-75.674796,6.097636],[-75.674688,6.097313],[-75.674544,6.097027],[-75.674399,6.096776],[-75.674255,6.09631],[-75.674218,6.095987],[-75.674217,6.095629],[-75.674145,6.095449],[-75.674036,6.095055],[-75.673856,6.094733],[-75.673711,6.094374],[-75.673567,6.094016],[-75.673494,6.093586],[-75.673421,6.09312],[-75.67342,6.092869],[-75.673597,6.092512],[-75.673676,6.092444],[-75.674341,6.091886],[-75.67473,6.091662],[-75.675174,6.091494],[-75.675451,6.091215],[-75.675783,6.090769],[-75.676171,6.090434],[-75.676447,6.089821],[-75.676668,6.08932],[-75.676944,6.088652],[-75.677135,6.088099],[-75.67708,6.087917],[-75.676934,6.08768],[-75.676806,6.087517],[-75.676733,6.087371],[-75.676696,6.087243],[-75.676659,6.087061],[-75.676603,6.086824],[-75.676439,6.086606],[-75.676402,6.08646],[-75.676292,6.086278],[-75.676182,6.086078],[-75.676018,6.085878],[-75.675872,6.08566],[-75.675707,6.08546],[-75.675597,6.08526],[-75.675433,6.084969],[-75.675286,6.084732],[-75.675176,6.084532],[-75.675066,6.084332],[-75.674993,6.08415],[-75.674829,6.083968],[-75.674627,6.083622],[-75.674463,6.083349],[-75.674298,6.083094],[-75.674133,6.08284],[-75.673969,6.082621],[-75.673841,6.082421],[-75.673676,6.082239],[-75.673567,6.082076],[-75.673475,6.081912],[-75.673365,6.081675],[-75.673273,6.08142],[-75.673181,6.081165],[-75.673053,6.080911],[-75.672907,6.080692],[-75.672815,6.08051],[-75.672705,6.080237],[-75.672668,6.079982],[-75.672613,6.079782],[-75.672558,6.0796],[-75.672448,6.079381],[-75.672356,6.079181],[-75.672246,6.078962],[-75.672155,6.078762],[-75.671972,6.078471],[-75.671862,6.07838],[-75.671679,6.078173],[-75.671606,6.077936],[-75.671569,6.077718],[-75.671532,6.077481],[-75.671531,6.077244],[-75.671549,6.077061],[-75.671548,6.076897],[-75.671493,6.076697],[-75.671456,6.076478],[-75.671419,6.076296],[-75.671437,6.076096],[-75.671454,6.075877],[-75.671472,6.075731],[-75.671453,6.075549],[-75.671453,6.075366],[-75.671452,6.075129],[-75.67147,6.074947],[-75.671451,6.074728],[-75.671341,6.074437],[-75.671285,6.074091],[-75.671302,6.073781],[-75.67132,6.073471],[-75.671373,6.073161],[-75.671463,6.072869],[-75.671572,6.072668],[-75.671663,6.072486],[-75.67179,6.072321],[-75.671899,6.072193],[-75.672026,6.072029],[-75.672189,6.071828],[-75.672316,6.071572],[-75.672406,6.07128],[-75.672405,6.071025],[-75.672386,6.070843],[-75.672313,6.070588],[-75.672239,6.070351],[-75.672165,6.07006],[-75.672055,6.069823],[-75.671928,6.069696],[-75.671818,6.069507],[-75.671672,6.069307],[-75.671562,6.069088],[-75.671433,6.068852],[-75.671287,6.068615],[-75.671232,6.068415],[-75.671213,6.068178],[-75.671249,6.067959],[-75.671303,6.06774],[-75.671484,6.067502],[-75.671557,6.067393],[-75.671629,6.067265],[-75.671683,6.067119],[-75.671701,6.066973],[-75.671664,6.066846],[-75.671591,6.066718],[-75.671518,6.066573],[-75.671445,6.066427],[-75.671335,6.066263],[-75.671243,6.066063],[-75.67117,6.065863],[-75.671024,6.065681],[-75.670914,6.065554],[-75.670859,6.065408],[-75.670804,6.065262],[-75.670767,6.065117],[-75.670766,6.064953],[-75.670784,6.064825],[-75.670802,6.064679],[-75.670838,6.064515],[-75.670874,6.064351],[-75.670873,6.064168],[-75.670818,6.064023],[-75.670782,6.063913],[-75.670727,6.063768],[-75.670672,6.063622],[-75.670653,6.063495],[-75.670634,6.063367],[-75.670634,6.063203],[-75.670633,6.063075],[-75.670651,6.06293],[-75.670651,6.062765],[-75.670596,6.06262],[-75.67045,6.062493],[-75.670304,6.062402],[-75.670249,6.062293],[-75.670357,6.062074],[-75.670448,6.061909],[-75.670575,6.061836],[-75.670666,6.061745],[-75.670775,6.061653],[-75.670884,6.061543],[-75.670993,6.061452],[-75.671065,6.061342],[-75.671101,6.061196],[-75.671119,6.061069],[-75.671155,6.060978],[-75.671228,6.060868],[-75.671337,6.060758],[-75.671391,6.060631],[-75.671373,6.060485],[-75.671445,6.060357],[-75.671517,6.060247],[-75.671645,6.060174],[-75.671772,6.060064],[-75.671899,6.060009],[-75.672045,6.059918],[-75.672226,6.059844],[-75.672354,6.059789],[-75.672499,6.059734],[-75.672627,6.059643],[-75.672699,6.059533],[-75.672735,6.059387],[-75.672735,6.059278],[-75.672698,6.05915],[-75.672588,6.059023],[-75.672497,6.058932],[-75.672369,6.058805],[-75.672314,6.058696],[-75.672223,6.05855],[-75.672186,6.058422],[-75.672167,6.058277],[-75.67224,6.058131],[-75.67238,6.058017],[-75.672507,6.057871],[-75.672561,6.057689],[-75.67256,6.057488],[-75.672578,6.057324],[-75.672559,6.057124],[-75.672486,6.05696],[-75.672394,6.056814],[-75.672285,6.056723],[-75.672157,6.056614],[-75.672047,6.056523],[-75.671883,6.056396],[-75.67181,6.056287],[-75.671791,6.056141],[-75.671827,6.055995],[-75.671791,6.05585],[-75.671772,6.055686],[-75.671771,6.055522],[-75.671807,6.055394],[-75.671807,6.055248],[-75.671807,6.055139],[-75.671752,6.055011],[-75.671751,6.054902],[-75.671805,6.054738],[-75.67186,6.054574],[-75.671987,6.054464],[-75.672168,6.054299],[-75.672368,6.054153],[-75.672568,6.054025],[-75.672823,6.053933],[-75.673005,6.053823],[-75.673369,6.053731],[-75.67386,6.053602],[-75.674187,6.053437],[-75.674533,6.053399],[-75.674788,6.053435],[-75.67497,6.053544],[-75.675153,6.05358],[-75.675335,6.053615],[-75.675499,6.053633],[-75.675663,6.053633],[-75.675827,6.053632],[-75.6761,6.053613],[-75.676464,6.053685],[-75.676664,6.053721],[-75.676847,6.053812],[-75.677011,6.053884],[-75.677138,6.05392],[-75.677321,6.053919],[-75.677539,6.053828],[-75.677611,6.053682],[-75.677757,6.053554],[-75.677865,6.053407],[-75.678066,6.053352],[-75.678156,6.053224],[-75.678247,6.05306],[-75.678392,6.052877],[-75.678628,6.05264],[-75.678755,6.052493],[-75.678955,6.052329],[-75.679118,6.052146],[-75.679281,6.051963],[-75.679445,6.051799],[-75.679608,6.051671],[-75.679845,6.051542],[-75.67999,6.051378],[-75.680172,6.051213],[-75.680335,6.050958],[-75.680462,6.050793],[-75.680643,6.05061],[-75.680734,6.050464],[-75.680861,6.0503],[-75.681006,6.050099],[-75.681187,6.049843],[-75.681387,6.049669],[-75.681532,6.049541],[-75.681641,6.049413],[-75.681714,6.049267],[-75.681786,6.049103],[-75.681967,6.048884],[-75.682113,6.048774],[-75.682313,6.0487],[-75.682513,6.048645],[-75.68275,6.04859],[-75.683022,6.048498],[-75.683204,6.048443],[-75.68335,6.048369],[-75.68355,6.048259],[-75.683695,6.048131],[-75.683786,6.047985],[-75.683822,6.047821],[-75.683839,6.047693],[-75.683894,6.047529],[-75.68393,6.047401],[-75.683948,6.047292],[-75.683965,6.047164],[-75.68402,6.047037],[-75.684074,6.046927],[-75.684183,6.046817],[-75.684219,6.046671],[-75.684291,6.046544],[-75.684218,6.046507],[-75.684036,6.046471],[-75.683799,6.046381],[-75.68358,6.046272],[-75.683343,6.0462],[-75.683179,6.046128],[-75.68296,6.045964],[-75.682814,6.045819],[-75.682668,6.045692],[-75.682577,6.045583],[-75.682413,6.045474],[-75.682212,6.045292],[-75.682084,6.045183],[-75.681938,6.045056],[-75.681774,6.04491],[-75.681628,6.044765],[-75.681518,6.044638],[-75.681317,6.044547],[-75.681171,6.044457],[-75.680916,6.044384],[-75.680752,6.044312],[-75.680643,6.044185],[-75.68046,6.044039],[-75.680259,6.043949],[-75.680022,6.043822],[-75.679749,6.043677],[-75.67953,6.043586],[-75.679366,6.043459],[-75.67922,6.043314],[-75.679055,6.043132],[-75.678927,6.042987],[-75.678763,6.042805],[-75.678653,6.042678],[-75.67858,6.042495],[-75.678525,6.042295],[-75.67847,6.042113],[-75.67836,6.041949],[-75.678287,6.041804],[-75.678213,6.041658],[-75.678085,6.041458],[-75.677975,6.041294],[-75.677829,6.041131],[-75.677683,6.040985],[-75.677556,6.040986],[-75.677465,6.041022],[-75.677392,6.041114],[-75.67732,6.041241],[-75.677211,6.041351],[-75.677084,6.041443],[-75.677011,6.041534],[-75.676866,6.041607],[-75.676684,6.041608],[-75.676538,6.04159],[-75.676374,6.041518],[-75.676319,6.041335],[-75.676373,6.041153],[-75.676372,6.040916],[-75.676317,6.04077],[-75.676207,6.04068],[-75.676025,6.040662],[-75.67588,6.040717],[-75.675771,6.040772],[-75.675607,6.040882],[-75.675407,6.040974],[-75.675152,6.040993],[-75.674941,6.040976],[-75.674695,6.040936],[-75.674408,6.040793],[-75.674161,6.040589],[-75.673997,6.040343],[-75.673955,6.040036],[-75.673975,6.039749],[-75.673974,6.039442],[-75.673912,6.039175],[-75.673747,6.038991],[-75.673562,6.038787],[-75.673418,6.038562],[-75.673233,6.038337],[-75.67309,6.038153],[-75.672905,6.03803],[-75.67268,6.03799],[-75.672413,6.03797],[-75.672147,6.037992],[-75.671881,6.037972],[-75.671656,6.037891],[-75.67145,6.037727],[-75.671306,6.037523],[-75.671162,6.037277],[-75.671018,6.037031],[-75.670915,6.036704],[-75.670914,6.036417],[-75.67077,6.036192],[-75.670585,6.036049],[-75.670401,6.035906],[-75.670237,6.035783],[-75.670073,6.035702],[-75.669908,6.03562],[-75.669744,6.035518],[-75.66956,6.035396],[-75.669436,6.035253],[-75.669334,6.03513],[-75.669292,6.034987],[-75.669251,6.034843],[-75.66925,6.034638],[-75.669229,6.034454],[-75.669229,6.03429],[-75.669167,6.034126],[-75.669105,6.033962],[-75.669023,6.03386],[-75.66892,6.033717],[-75.668838,6.033594],[-75.668776,6.03343],[-75.668755,6.033267],[-75.668775,6.033103],[-75.668815,6.032918],[-75.668897,6.032754],[-75.668978,6.032548],[-75.66908,6.032323],[-75.66912,6.032138],[-75.66912,6.031913],[-75.669078,6.031679],[-75.669037,6.031495],[-75.668934,6.031311],[-75.66879,6.031127],[-75.668666,6.030963],[-75.668523,6.030799],[-75.668399,6.030656],[-75.668338,6.030533],[-75.668255,6.03039],[-75.668193,6.030185],[-75.668152,6.030022],[-75.668131,6.029817],[-75.668089,6.029571],[-75.668007,6.029387],[-75.667965,6.029284],[-75.667883,6.029141],[-75.667821,6.028998],[-75.667739,6.028875],[-75.667677,6.028732],[-75.667574,6.028588],[-75.667513,6.028466],[-75.667369,6.028302],[-75.667245,6.028159],[-75.667061,6.028016],[-75.666815,6.027853],[-75.66663,6.027792],[-75.666446,6.027751],[-75.666282,6.02769],[-75.666138,6.027588],[-75.665974,6.027425],[-75.66583,6.027282],[-75.665686,6.027077],[-75.665522,6.026873],[-75.665439,6.026647],[-75.665398,6.026401],[-75.665356,6.026176],[-75.665335,6.025889],[-75.665314,6.025684],[-75.665292,6.025377],[-75.665251,6.025131],[-75.66525,6.024865],[-75.665249,6.024598],[-75.665269,6.024291],[-75.665247,6.023963],[-75.665185,6.023717],[-75.665102,6.023451],[-75.66502,6.023225],[-75.664855,6.023021],[-75.664711,6.022796],[-75.664588,6.022591],[-75.664444,6.022366],[-75.664238,6.021957],[-75.664012,6.02158],[-75.663785,6.021192],[-75.663703,6.020843],[-75.663681,6.020556],[-75.663639,6.020249],[-75.663659,6.019962],[-75.663679,6.019655],[-75.663719,6.019388],[-75.663718,6.019019],[-75.663737,6.018691],[-75.663757,6.018363],[-75.663797,6.017953],[-75.663857,6.017584],[-75.663937,6.016989],[-75.664038,6.016497],[-75.664099,6.016189],[-75.664139,6.015861],[-75.664077,6.015636],[-75.664015,6.015493],[-75.663911,6.015124],[-75.663807,6.014632],[-75.663683,6.014202],[-75.663641,6.013751],[-75.663681,6.013444],[-75.663803,6.013095],[-75.663905,6.01291],[-75.664068,6.012684],[-75.664251,6.012335],[-75.664475,6.011966],[-75.664577,6.01174],[-75.664781,6.011534],[-75.664883,6.011309],[-75.665046,6.011103],[-75.665189,6.010836],[-75.665331,6.01061],[-75.665453,6.010323],[-75.665575,6.009954],[-75.665656,6.009646],[-75.665696,6.009379],[-75.665737,6.009113],[-75.665756,6.008867],[-75.665817,6.008662],[-75.665877,6.00819],[-75.665938,6.007889],[-75.666039,6.00754],[-75.66612,6.007273],[-75.666222,6.007068],[-75.666344,6.006883],[-75.666446,6.006678],[-75.666548,6.00639],[-75.666588,6.006165],[-75.666649,6.005919],[-75.66675,6.005652],[-75.66677,6.005488],[-75.666852,6.005303],[-75.666933,6.005098],[-75.667014,6.004913],[-75.667137,6.004749],[-75.667259,6.004595],[-75.66734,6.004369],[-75.667463,6.004184],[-75.667585,6.003979],[-75.667646,6.003774],[-75.667727,6.003528],[-75.667747,6.003343],[-75.667767,6.003138],[-75.667787,6.002933],[-75.667806,6.002687],[-75.667847,6.002482],[-75.667887,6.002277],[-75.668009,6.002113],[-75.66807,6.001907],[-75.668193,6.001723],[-75.668274,6.001517],[-75.668335,6.001353],[-75.668375,6.001148],[-75.668416,6.000963],[-75.668415,6.000779],[-75.668455,6.000615],[-75.668475,6.000451],[-75.668537,6.000328],[-75.668639,6.000266],[-75.668761,6.000225],[-75.668905,6.000142],[-75.668986,6.00006],[-75.669088,5.999978],[-75.66917,5.999854],[-75.669272,5.99969],[-75.669394,5.999567],[-75.669455,5.999485],[-75.669578,5.999443],[-75.669742,5.999443],[-75.669865,5.999442],[-75.669988,5.999463],[-75.670111,5.999462],[-75.670254,5.999359],[-75.670294,5.999236],[-75.670335,5.999093],[-75.670355,5.998949],[-75.670436,5.998846],[-75.670518,5.998682],[-75.670445,5.998665],[-75.670266,5.99862],[-75.670087,5.998532],[-75.669908,5.99851],[-75.669752,5.99851],[-75.669529,5.998533],[-75.669373,5.998623],[-75.669217,5.998691],[-75.66906,5.998691],[-75.668881,5.998647],[-75.668725,5.998625],[-75.668546,5.998625],[-75.66839,5.998648],[-75.668212,5.998716],[-75.668033,5.998783],[-75.667832,5.998806],[-75.667654,5.998852],[-75.66752,5.998941],[-75.667275,5.998987],[-75.667029,5.99901],[-75.666783,5.998988],[-75.666515,5.998944],[-75.666247,5.9989],[-75.666001,5.998789],[-75.665822,5.998656],[-75.665732,5.998544],[-75.66562,5.998366],[-75.665531,5.998209],[-75.665307,5.998076],[-75.665083,5.997965],[-75.664927,5.997898],[-75.664725,5.997809],[-75.664569,5.997698],[-75.664345,5.997587],[-75.664211,5.997453],[-75.664076,5.997319],[-75.663964,5.997163],[-75.663852,5.996985],[-75.66374,5.996851],[-75.663606,5.996739],[-75.663405,5.996628],[-75.663293,5.996539],[-75.663091,5.996406],[-75.662912,5.996272],[-75.6628,5.99616],[-75.662666,5.996004],[-75.662576,5.995826],[-75.662442,5.995714],[-75.662307,5.995603],[-75.662151,5.995514],[-75.662061,5.995447],[-75.661994,5.995336],[-75.661882,5.995157],[-75.661703,5.994979],[-75.661546,5.994823],[-75.661412,5.994689],[-75.661278,5.994689],[-75.661099,5.99469],[-75.660965,5.99469],[-75.660808,5.994624],[-75.660741,5.994534],[-75.660629,5.994356],[-75.660495,5.9942],[-75.660382,5.994021],[-75.660293,5.99391],[-75.660181,5.993798],[-75.660024,5.993687],[-75.65989,5.993598],[-75.659756,5.993486],[-75.659577,5.99333],[-75.659509,5.993219],[-75.659509,5.99304],[-75.659508,5.992884],[-75.659508,5.992705],[-75.65944,5.992481],[-75.659283,5.992325],[-75.659149,5.992259],[-75.659015,5.992237],[-75.658769,5.992193],[-75.658524,5.992171],[-75.658322,5.992104],[-75.658166,5.992015],[-75.65792,5.991882],[-75.657696,5.991749],[-75.657428,5.991615],[-75.657227,5.991526],[-75.657048,5.991415],[-75.656869,5.991281],[-75.6566,5.99117],[-75.656377,5.991059],[-75.656176,5.990993],[-75.655997,5.990904],[-75.655773,5.990815],[-75.655572,5.990726],[-75.655393,5.990637],[-75.655259,5.990526],[-75.655102,5.990415],[-75.654901,5.990259],[-75.654722,5.990147],[-75.654632,5.990058],[-75.654453,5.990014],[-75.654297,5.990015],[-75.654141,5.990015],[-75.653962,5.990083],[-75.653896,5.990195],[-75.653874,5.990306],[-75.653807,5.990418],[-75.653763,5.990553],[-75.653674,5.990665],[-75.653562,5.990687],[-75.653428,5.990732],[-75.653294,5.990755],[-75.653138,5.990778],[-75.652937,5.990756],[-75.652825,5.990757],[-75.652647,5.990757],[-75.652401,5.990713],[-75.6522,5.990691],[-75.652088,5.990669],[-75.651909,5.990603],[-75.65173,5.990514],[-75.651507,5.990425],[-75.65135,5.990381],[-75.651194,5.990426],[-75.651061,5.990538],[-75.65086,5.990628],[-75.650748,5.990718],[-75.65057,5.990808],[-75.650392,5.990987],[-75.650303,5.991144],[-75.650281,5.9913],[-75.650237,5.991435],[-75.65017,5.991547],[-75.650081,5.991636],[-75.64988,5.991659],[-75.649701,5.991637],[-75.6495,5.991616],[-75.649344,5.991594],[-75.649188,5.991616],[-75.649076,5.991684],[-75.649032,5.991796],[-75.649033,5.991975],[-75.649055,5.992131],[-75.6491,5.99231],[-75.649101,5.992444],[-75.649079,5.992623],[-75.649057,5.992824],[-75.649035,5.993003],[-75.648991,5.993182],[-75.648992,5.993383],[-75.648992,5.993584],[-75.648993,5.993808],[-75.648994,5.994099],[-75.648972,5.994345],[-75.648906,5.994479],[-75.648794,5.994569],[-75.648705,5.994636],[-75.648571,5.994703],[-75.64846,5.994771],[-75.648304,5.994794],[-75.648125,5.994772],[-75.647946,5.994728],[-75.64779,5.994639],[-75.647655,5.994572],[-75.647499,5.994505],[-75.647365,5.994439],[-75.647208,5.994372],[-75.647052,5.994283],[-75.646806,5.994172],[-75.64656,5.994083],[-75.64627,5.994084],[-75.645823,5.994175],[-75.645645,5.99422],[-75.645444,5.994265],[-75.645243,5.994311],[-75.645042,5.994334],[-75.644841,5.994379],[-75.64464,5.994424],[-75.644462,5.994469],[-75.644306,5.994559],[-75.644016,5.994649],[-75.643793,5.994717],[-75.643503,5.994807],[-75.643369,5.994897],[-75.64319,5.994987],[-75.643034,5.995099],[-75.642879,5.995279],[-75.6427,5.995436],[-75.642522,5.995615],[-75.642344,5.995683],[-75.642165,5.995661],[-75.642053,5.995572],[-75.642031,5.995482],[-75.642008,5.995393],[-75.641896,5.995237],[-75.641806,5.995125],[-75.641717,5.995014],[-75.641582,5.994902],[-75.641426,5.994813],[-75.641247,5.994769],[-75.641046,5.994725],[-75.640822,5.994681],[-75.640577,5.994637],[-75.640376,5.994615],[-75.640219,5.994571],[-75.64004,5.994527],[-75.639884,5.994438],[-75.639794,5.994281],[-75.639682,5.994081],[-75.639659,5.993969],[-75.639592,5.993812],[-75.639524,5.993634],[-75.639457,5.993455],[-75.639367,5.993232],[-75.639322,5.993075],[-75.639232,5.992919],[-75.639187,5.99283],[-75.639097,5.992651],[-75.63903,5.99254],[-75.638918,5.992384],[-75.638828,5.992294],[-75.638739,5.992228],[-75.63856,5.992094],[-75.638448,5.992005],[-75.638314,5.991916],[-75.638135,5.991805],[-75.637956,5.991671],[-75.637732,5.991537],[-75.637464,5.991404],[-75.637218,5.991271],[-75.637016,5.991137],[-75.636837,5.991003],[-75.636681,5.990892],[-75.636546,5.990781],[-75.636412,5.990714],[-75.636278,5.990603],[-75.636188,5.990513],[-75.636054,5.990447],[-75.635875,5.990358],[-75.635681,5.990266],[-75.635496,5.99018],[-75.635349,5.990156],[-75.635213,5.990107],[-75.635103,5.990058],[-75.63498,5.990009],[-75.634869,5.989948],[-75.634783,5.989887],[-75.634709,5.989813],[-75.63461,5.989715],[-75.634487,5.989629],[-75.634339,5.989543],[-75.634265,5.98947],[-75.634105,5.98936],[-75.634006,5.989274],[-75.633908,5.9892],[-75.633822,5.989139],[-75.633723,5.98909],[-75.633637,5.989065],[-75.633526,5.989029],[-75.633452,5.988992],[-75.633366,5.988955],[-75.633292,5.988906],[-75.633231,5.988857],[-75.633144,5.988784],[-75.633083,5.988735],[-75.633021,5.988673],[-75.632972,5.988612],[-75.632935,5.988526],[-75.632885,5.988452],[-75.632836,5.988366],[-75.632823,5.988292],[-75.632786,5.988206],[-75.632761,5.98812],[-75.632724,5.988022],[-75.632699,5.987948],[-75.632675,5.98785],[-75.632613,5.987751],[-75.632539,5.987628],[-75.632502,5.987555],[-75.632489,5.987456],[-75.632489,5.987382],[-75.632452,5.987279],[-75.632402,5.987193],[-75.632328,5.987119],[-75.632267,5.98707],[-75.632217,5.987021],[-75.632168,5.986935],[-75.632118,5.986862],[-75.632081,5.986763],[-75.632069,5.986652],[-75.632056,5.986529],[-75.632068,5.986443],[-75.631994,5.986345],[-75.631908,5.986308],[-75.63181,5.986309],[-75.631711,5.986309],[-75.631637,5.986321],[-75.631564,5.986297],[-75.631502,5.986223],[-75.631502,5.986149],[-75.631563,5.986051],[-75.631624,5.985891],[-75.631685,5.985817],[-75.631759,5.985718],[-75.631734,5.985632],[-75.631672,5.985607],[-75.631574,5.985608],[-75.631451,5.985608],[-75.631353,5.985608],[-75.631217,5.985596],[-75.63107,5.985609],[-75.63091,5.985597],[-75.6308,5.985622],[-75.630701,5.985635],[-75.630628,5.98566],[-75.630554,5.985709],[-75.630468,5.985771],[-75.630394,5.985808],[-75.630308,5.985833],[-75.630235,5.985833],[-75.630161,5.985796],[-75.630136,5.985735],[-75.630136,5.985649],[-75.630185,5.985525],[-75.630258,5.98539],[-75.630282,5.985291],[-75.630196,5.985218],[-75.630098,5.985193],[-75.629987,5.985231],[-75.629876,5.98528],[-75.629778,5.985367],[-75.629693,5.985465],[-75.629631,5.985576],[-75.629558,5.985663],[-75.629484,5.985737],[-75.629398,5.985786],[-75.629337,5.985811],[-75.629263,5.985848],[-75.629202,5.985861],[-75.629104,5.985849],[-75.629054,5.985824],[-75.628993,5.985775],[-75.628931,5.985689],[-75.628845,5.985591],[-75.628795,5.98548],[-75.628721,5.985357],[-75.628672,5.985247],[-75.628622,5.985148],[-75.628597,5.985025],[-75.628548,5.984902],[-75.628486,5.984779],[-75.628473,5.984656],[-75.628436,5.984546],[-75.628387,5.984423],[-75.628325,5.984312],[-75.628238,5.984226],[-75.628164,5.984165],[-75.628066,5.984116],[-75.627968,5.984079],[-75.627881,5.984043],[-75.627795,5.983994],[-75.627709,5.983945],[-75.627549,5.983933],[-75.627451,5.983995],[-75.627377,5.984044],[-75.627291,5.984057],[-75.627218,5.984044],[-75.627156,5.984008],[-75.627094,5.983971],[-75.626996,5.98391],[-75.626885,5.983861],[-75.626799,5.983824],[-75.626688,5.983787],[-75.62659,5.983702],[-75.626516,5.983616],[-75.626491,5.98353],[-75.62649,5.983419],[-75.626465,5.983271],[-75.626477,5.983013],[-75.62644,5.982865],[-75.626414,5.982644],[-75.626365,5.982533],[-75.626279,5.982459],[-75.626217,5.982373],[-75.626131,5.982324],[-75.62602,5.982263],[-75.625958,5.982226],[-75.62586,5.982202],[-75.625749,5.982165],[-75.625651,5.982104],[-75.625527,5.982006],[-75.625454,5.981945],[-75.62533,5.981896],[-75.62522,5.981859],[-75.625121,5.981823],[-75.624961,5.981774],[-75.62485,5.981713],[-75.624777,5.981663],[-75.624703,5.981565],[-75.624653,5.981504],[-75.624604,5.981418],[-75.624554,5.981319],[-75.624493,5.981233],[-75.624394,5.981197],[-75.62432,5.981185],[-75.624247,5.981173],[-75.624173,5.981148],[-75.624099,5.981111],[-75.624034,5.981084],[-75.624001,5.981065],[-75.623961,5.981056],[-75.623912,5.981041],[-75.623872,5.981026],[-75.623839,5.981005],[-75.623811,5.980977],[-75.623756,5.980938],[-75.623716,5.980898],[-75.623664,5.980849],[-75.623615,5.9808],[-75.623569,5.980755],[-75.623523,5.980715],[-75.623474,5.980675],[-75.623431,5.980657],[-75.623395,5.980651],[-75.623361,5.980651],[-75.623343,5.980673],[-75.623328,5.980715],[-75.623331,5.980752],[-75.623328,5.980801],[-75.623334,5.980853],[-75.623334,5.980902],[-75.623325,5.98093],[-75.623304,5.980954],[-75.623279,5.98096],[-75.623243,5.980961],[-75.623203,5.980958],[-75.623157,5.980955],[-75.623108,5.980939],[-75.623053,5.980934],[-75.622995,5.980921],[-75.622934,5.980912],[-75.622888,5.9809],[-75.622848,5.980894],[-75.622802,5.980894],[-75.622752,5.980903],[-75.622697,5.980926],[-75.622647,5.980981],[-75.622593,5.981042],[-75.622543,5.981092],[-75.622494,5.981147],[-75.622422,5.981169],[-75.622345,5.981169],[-75.622251,5.981148],[-75.622179,5.981109],[-75.62213,5.98106],[-75.622091,5.981005],[-75.622058,5.980938],[-75.622019,5.980872],[-75.621997,5.980812],[-75.621985,5.980734],[-75.621963,5.980657],[-75.621935,5.980558],[-75.621896,5.980409],[-75.621863,5.980299],[-75.621835,5.980222],[-75.621796,5.980144],[-75.621746,5.980056],[-75.621702,5.979968],[-75.621636,5.97988],[-75.621575,5.979792],[-75.621503,5.979704],[-75.62142,5.979627],[-75.621332,5.979561],[-75.621249,5.979522],[-75.62115,5.979501],[-75.621072,5.97949],[-75.620995,5.97949],[-75.620929,5.979501],[-75.620841,5.97951],[-75.620755,5.979525],[-75.620683,5.97953],[-75.620616,5.979545],[-75.620534,5.979564],[-75.620462,5.979569],[-75.620366,5.979588],[-75.620304,5.979608],[-75.620242,5.979627],[-75.62016,5.979642],[-75.620088,5.979652],[-75.620011,5.979666],[-75.619935,5.979681],[-75.619858,5.979696],[-75.619781,5.979701],[-75.619714,5.979701],[-75.619652,5.979682],[-75.619599,5.979653],[-75.619565,5.97961],[-75.619522,5.979543],[-75.619483,5.979447],[-75.619449,5.979341],[-75.61943,5.979245],[-75.619405,5.97913],[-75.619376,5.979024],[-75.619318,5.978933],[-75.619256,5.978852],[-75.619193,5.978794],[-75.619116,5.978756],[-75.619001,5.978732],[-75.618881,5.978694],[-75.618795,5.978675],[-75.618728,5.978685],[-75.618689,5.978695],[-75.618646,5.978738],[-75.618618,5.978801],[-75.618599,5.978873],[-75.618589,5.97894],[-75.618561,5.979031],[-75.618527,5.979094],[-75.61847,5.979128],[-75.618412,5.979162],[-75.618335,5.979171],[-75.618249,5.979162],[-75.618177,5.979148],[-75.618105,5.979134],[-75.617999,5.979081],[-75.617937,5.979033],[-75.617871,5.978988],[-75.617781,5.978948],[-75.617701,5.978918],[-75.617611,5.978878],[-75.617491,5.978849],[-75.617311,5.978789],[-75.617181,5.97873],[-75.617061,5.97871],[-75.616941,5.97869],[-75.616841,5.978681],[-75.616741,5.978671],[-75.616651,5.978671],[-75.616551,5.978681],[-75.616442,5.978712],[-75.616342,5.978722],[-75.616242,5.978752],[-75.616152,5.978773],[-75.616052,5.978813],[-75.615942,5.978823],[-75.615832,5.978813],[-75.615742,5.978784],[-75.615642,5.978744],[-75.615532,5.978694],[-75.615412,5.978615],[-75.615302,5.978555],[-75.615192,5.978485],[-75.615052,5.978425],[-75.614932,5.978376],[-75.614822,5.978356],[-75.614682,5.978336],[-75.614542,5.978317],[-75.614402,5.978297],[-75.614282,5.978268],[-75.614132,5.978218],[-75.613982,5.978178],[-75.613892,5.978199],[-75.613782,5.978239],[-75.613642,5.978319],[-75.613463,5.97839],[-75.613333,5.97843],[-75.613253,5.978479],[-75.613208,5.978483],[-75.613191,5.978485],[-75.612979,5.978577],[-75.612948,5.978613],[-75.612798,5.97879],[-75.612556,5.979094],[-75.612436,5.979337],[-75.612316,5.979701],[-75.612104,5.979944],[-75.61198,5.980049],[-75.611741,5.980249],[-75.611695,5.980304],[-75.611409,5.980644],[-75.611258,5.980796],[-75.611016,5.981039],[-75.610714,5.981283],[-75.610626,5.981355],[-75.610382,5.981557],[-75.61011,5.981861],[-75.609777,5.982195],[-75.609505,5.982439],[-75.609233,5.982652],[-75.609113,5.982834],[-75.608932,5.983077],[-75.608811,5.983351],[-75.608569,5.983594],[-75.608297,5.983777],[-75.608146,5.983868],[-75.607934,5.98399],[-75.607723,5.984324],[-75.607694,5.984749],[-75.607695,5.985144],[-75.607726,5.985507],[-75.607849,5.985932],[-75.607725,5.986748],[-75.607458,5.986995],[-75.607216,5.987268],[-75.607035,5.987511],[-75.606733,5.987876],[-75.606522,5.988059],[-75.60628,5.988181],[-75.606038,5.988333],[-75.605856,5.988485],[-75.605705,5.988728],[-75.605494,5.988941],[-75.605312,5.989033],[-75.605131,5.989185],[-75.604889,5.989398],[-75.604678,5.989823],[-75.604528,5.990188],[-75.604438,5.990491],[-75.604402,5.990618],[-75.604378,5.990704],[-75.604348,5.991007],[-75.60435,5.991432],[-75.604351,5.991857],[-75.604534,5.992341],[-75.604595,5.992584],[-75.604686,5.992855],[-75.604717,5.992948],[-75.604728,5.993078],[-75.604749,5.993342],[-75.604719,5.993645],[-75.604538,5.993858],[-75.604356,5.99395],[-75.604023,5.993981],[-75.603872,5.994012],[-75.603599,5.994012],[-75.603296,5.994013],[-75.603084,5.994044],[-75.602873,5.994196],[-75.602722,5.994409],[-75.602601,5.994682],[-75.602511,5.995077],[-75.602482,5.995532],[-75.602423,5.995896],[-75.602363,5.9962],[-75.602273,5.996564],[-75.602184,5.997019],[-75.602063,5.997384],[-75.601974,5.99793],[-75.601945,5.998355],[-75.601946,5.998719],[-75.601947,5.999083],[-75.601948,5.999629],[-75.60195,6.000175],[-75.601922,6.000903],[-75.601832,6.001358],[-75.601833,6.001722],[-75.601834,6.002116],[-75.601744,6.00239],[-75.601623,6.002633],[-75.601352,6.00324],[-75.601051,6.003726],[-75.60087,6.004],[-75.600719,6.004243],[-75.600599,6.004546],[-75.600478,6.00482],[-75.600297,6.005033],[-75.600055,6.005155],[-75.599783,6.005277],[-75.599571,6.005459],[-75.599299,6.005642],[-75.599057,6.005703],[-75.598814,6.005795],[-75.598269,6.005948],[-75.597725,6.006253],[-75.597149,6.006346],[-75.596817,6.006468],[-75.596483,6.006499],[-75.596302,6.006651],[-75.59606,6.006652],[-75.595847,6.00644],[-75.595543,6.006138],[-75.59524,6.005957],[-75.594845,6.005867],[-75.594482,6.005837],[-75.594118,6.005778],[-75.593512,6.005719],[-75.592936,6.00569],[-75.592663,6.005721],[-75.59233,6.005813],[-75.591967,6.005905],[-75.591665,6.006209],[-75.591333,6.006695],[-75.591001,6.007333],[-75.590699,6.007698],[-75.590397,6.007942],[-75.590065,6.008216],[-75.589823,6.008641],[-75.589612,6.009036],[-75.589401,6.009401],[-75.588978,6.009887],[-75.588707,6.010221],[-75.588465,6.010465],[-75.588102,6.010739],[-75.5878,6.010922],[-75.587467,6.011226],[-75.587286,6.01156],[-75.587075,6.011894],[-75.586864,6.012168],[-75.586652,6.012259],[-75.58644,6.012412],[-75.58635,6.012655],[-75.586291,6.013079],[-75.58617,6.013444],[-75.585868,6.013778],[-75.585566,6.014143],[-75.585325,6.014447],[-75.585053,6.01466],[-75.584659,6.014752],[-75.583963,6.015027],[-75.58354,6.015362],[-75.583268,6.015636],[-75.582996,6.01591],[-75.582603,6.016305],[-75.582331,6.016579],[-75.582089,6.016852],[-75.581726,6.017126],[-75.581545,6.017248],[-75.581273,6.017613],[-75.581093,6.018038],[-75.580942,6.018312],[-75.58076,6.018464],[-75.580458,6.018556],[-75.580094,6.018587],[-75.579791,6.018618],[-75.579367,6.018741],[-75.579065,6.018893],[-75.578823,6.019197],[-75.578642,6.019349],[-75.578461,6.019623],[-75.578249,6.019866],[-75.578038,6.020079],[-75.577826,6.020171],[-75.577493,6.020293],[-75.577372,6.020384],[-75.577191,6.020627],[-75.57704,6.020719],[-75.576767,6.02081],[-75.576464,6.020842],[-75.576131,6.020903],[-75.575768,6.020904],[-75.575465,6.020935],[-75.575253,6.020997],[-75.575011,6.021149],[-75.574708,6.021241],[-75.574345,6.021363],[-75.574194,6.021515],[-75.573921,6.021577],[-75.573436,6.021548],[-75.573072,6.021458],[-75.57283,6.021367],[-75.572648,6.021246],[-75.572466,6.021156],[-75.572102,6.021096],[-75.57189,6.021067],[-75.571678,6.021097],[-75.571436,6.021219],[-75.571288,6.021461],[-75.571194,6.021614],[-75.571134,6.021918],[-75.571196,6.022403],[-75.571258,6.022706],[-75.571289,6.022949],[-75.571259,6.023192],[-75.57123,6.023556],[-75.571164,6.023888],[-75.57114,6.024011],[-75.571111,6.024345],[-75.571081,6.024678],[-75.571082,6.024951],[-75.571113,6.025224],[-75.571175,6.025497],[-75.571297,6.025831],[-75.571479,6.026042],[-75.571722,6.026254],[-75.571965,6.026557],[-75.572118,6.027011],[-75.572271,6.027436],[-75.572424,6.027951],[-75.572607,6.028436],[-75.572729,6.028799],[-75.572882,6.029284],[-75.572913,6.029618],[-75.572793,6.029952],[-75.572551,6.030256],[-75.572512,6.030326],[-75.57228,6.030742],[-75.572189,6.030985],[-75.57213,6.031349],[-75.572101,6.031713],[-75.572283,6.031955],[-75.572335,6.032007],[-75.572587,6.032258],[-75.5728,6.03253],[-75.572831,6.032834],[-75.572832,6.033228],[-75.572863,6.033561],[-75.573076,6.033804],[-75.57344,6.033985],[-75.573713,6.034135],[-75.573865,6.034347],[-75.573927,6.034681],[-75.573807,6.035349],[-75.573778,6.035713],[-75.57381,6.036168],[-75.573901,6.036501],[-75.573933,6.036895],[-75.573843,6.037472],[-75.573845,6.037957],[-75.573846,6.038291],[-75.573847,6.038594],[-75.57406,6.039049],[-75.574121,6.039261],[-75.574092,6.039534],[-75.574032,6.039777],[-75.574033,6.040171],[-75.574094,6.040383],[-75.574337,6.040565],[-75.574489,6.040776],[-75.574611,6.04114],[-75.574582,6.041444],[-75.574431,6.041717],[-75.57431,6.042021],[-75.574251,6.042445],[-75.574222,6.042901],[-75.574223,6.043386],[-75.574224,6.043513],[-75.574224,6.043811],[-75.574306,6.044054],[-75.574408,6.044356],[-75.574621,6.044811],[-75.574895,6.045174],[-75.57495,6.045237],[-75.57529,6.045628],[-75.575594,6.0459],[-75.576018,6.04602],[-75.576231,6.04611],[-75.576625,6.046382],[-75.57702,6.046776],[-75.577476,6.04729],[-75.577689,6.047562],[-75.578054,6.047865],[-75.578539,6.048167],[-75.578813,6.048378],[-75.579146,6.048529],[-75.579693,6.048892],[-75.579936,6.049134],[-75.58015,6.04974],[-75.580272,6.050164],[-75.580273,6.05068],[-75.580426,6.051013],[-75.580578,6.051286],[-75.580761,6.051588],[-75.580913,6.051861],[-75.581096,6.052164],[-75.581278,6.052497],[-75.5814,6.052739],[-75.581401,6.053043],[-75.581342,6.05368],[-75.581374,6.054074],[-75.581374,6.054317],[-75.581374,6.05439],[-75.581375,6.05462],[-75.581346,6.055014],[-75.581317,6.055379],[-75.581271,6.055608],[-75.581257,6.055682],[-75.581349,6.056137],[-75.581562,6.056531],[-75.581715,6.056924],[-75.581806,6.057197],[-75.581928,6.057409],[-75.582111,6.057803],[-75.582234,6.058288],[-75.582252,6.058338],[-75.582386,6.058712],[-75.582418,6.059016],[-75.582419,6.05941],[-75.582329,6.059714],[-75.582178,6.060078],[-75.581755,6.060595],[-75.581701,6.060656],[-75.581483,6.060899],[-75.581241,6.061082],[-75.58106,6.061294],[-75.58097,6.061568],[-75.58091,6.06178],[-75.580941,6.062144],[-75.581125,6.062659],[-75.581307,6.062962],[-75.581794,6.063628],[-75.582037,6.063991],[-75.582372,6.064294],[-75.582705,6.064475],[-75.583402,6.064534],[-75.583675,6.064533],[-75.58416,6.064531],[-75.584392,6.064599],[-75.584888,6.064742],[-75.58504,6.064954],[-75.585192,6.065196],[-75.585375,6.065499],[-75.585497,6.065862],[-75.585509,6.066001],[-75.585528,6.066226],[-75.58562,6.06659],[-75.585682,6.066893],[-75.585804,6.067257],[-75.585987,6.06759],[-75.58623,6.068044],[-75.586414,6.068529],[-75.586444,6.068772],[-75.586476,6.069045],[-75.586567,6.069348],[-75.58678,6.069711],[-75.587024,6.069953],[-75.587358,6.070225],[-75.587571,6.070528],[-75.587623,6.071037],[-75.587633,6.071135],[-75.587618,6.071362],[-75.587604,6.07159],[-75.587485,6.072318],[-75.587335,6.072834],[-75.587245,6.07335],[-75.587246,6.073744],[-75.587277,6.074048],[-75.587248,6.074412],[-75.587188,6.074624],[-75.586947,6.07505],[-75.586857,6.075505],[-75.586828,6.075899],[-75.58686,6.076354],[-75.587024,6.076681],[-75.587103,6.076839],[-75.587256,6.077354],[-75.587287,6.077657],[-75.587137,6.078113],[-75.586865,6.078386],[-75.586593,6.078569],[-75.5862,6.078752],[-75.585806,6.078935],[-75.585534,6.079149],[-75.585232,6.079453],[-75.585021,6.079787],[-75.584892,6.07999],[-75.584809,6.080121],[-75.584598,6.080516],[-75.584508,6.08088],[-75.584329,6.08173],[-75.584179,6.082398],[-75.58406,6.083035],[-75.58397,6.083521],[-75.58376,6.084068],[-75.583609,6.084462],[-75.583591,6.084508],[-75.583429,6.084918],[-75.583158,6.085525],[-75.583068,6.08589],[-75.582947,6.086224],[-75.582797,6.086497],[-75.582616,6.086831],[-75.582404,6.087014],[-75.58192,6.087318],[-75.581496,6.08738],[-75.581042,6.087412],[-75.580739,6.087382],[-75.580526,6.087413],[-75.580224,6.087505],[-75.580043,6.087779],[-75.579741,6.088234],[-75.57959,6.088538],[-75.5795,6.088811],[-75.57941,6.089267],[-75.579321,6.089874],[-75.579323,6.09042],[-75.5793,6.090568],[-75.579269,6.090765],[-75.579233,6.090996],[-75.579113,6.091421],[-75.578933,6.091877],[-75.578752,6.092332],[-75.578602,6.092697],[-75.578391,6.093092],[-75.578149,6.093396],[-75.577756,6.093761],[-75.577393,6.094126],[-75.577091,6.09443],[-75.57679,6.094977],[-75.5767,6.095311],[-75.576579,6.095554],[-75.576307,6.095888],[-75.575975,6.096314],[-75.575461,6.0968],[-75.57528,6.096953],[-75.574947,6.097196],[-75.574554,6.097531],[-75.574547,6.097541],[-75.574343,6.097835],[-75.574192,6.098078],[-75.573994,6.098353],[-75.573951,6.098412],[-75.573769,6.098625],[-75.573406,6.098839],[-75.573164,6.098961],[-75.572771,6.099204],[-75.572438,6.099387],[-75.57238,6.099424],[-75.572384,6.099482],[-75.572426,6.099584],[-75.572496,6.099675],[-75.572573,6.099783],[-75.572626,6.09988],[-75.572697,6.099994],[-75.572768,6.100096],[-75.57285,6.100193],[-75.572915,6.100284],[-75.573003,6.100391],[-75.57308,6.100488],[-75.57315,6.100579],[-75.573233,6.100681],[-75.573292,6.100772],[-75.573362,6.100875],[-75.573439,6.100977],[-75.573498,6.101097],[-75.573552,6.101193],[-75.573606,6.101301],[-75.573653,6.101415],[-75.573707,6.101524],[-75.573766,6.101638],[-75.573808,6.10174],[-75.573867,6.101877],[-75.573945,6.101996],[-75.573987,6.102099],[-75.57404,6.102224],[-75.574093,6.102333],[-75.574141,6.102441],[-75.574201,6.102578],[-75.574255,6.102675],[-75.57429,6.102777],[-75.574338,6.102886],[-75.574381,6.102968],[-75.574391,6.102988],[-75.574451,6.103091],[-75.574508,6.103191],[-75.574603,6.10325],[-75.57468,6.103334],[-75.574716,6.103437],[-75.574752,6.10354],[-75.5748,6.103654],[-75.574865,6.10379],[-75.57493,6.103899],[-75.574948,6.103929],[-75.574995,6.104007],[-75.575072,6.104121],[-75.575137,6.104218],[-75.575219,6.104319],[-75.575284,6.104422],[-75.575361,6.104525],[-75.575443,6.104627],[-75.575514,6.104723],[-75.57555,6.104773],[-75.575585,6.10482],[-75.575678,6.104923],[-75.575761,6.105018],[-75.575825,6.10511],[-75.575885,6.105212],[-75.575926,6.105326],[-75.57598,6.105435],[-75.576034,6.105543],[-75.57607,6.105657],[-75.576124,6.105765],[-75.576183,6.105862],[-75.576241,6.105953],[-75.576324,6.10605],[-75.576406,6.106129],[-75.5765,6.106237],[-75.576577,6.106328],[-75.576636,6.10643],[-75.5767,6.106521],[-75.576771,6.106612],[-75.576847,6.106691],[-75.576918,6.106782],[-75.576989,6.106873],[-75.577071,6.106953],[-75.577159,6.107043],[-75.577235,6.107129],[-75.577322,6.107196],[-75.577416,6.107299],[-75.577516,6.107383],[-75.577633,6.107474],[-75.577726,6.107559],[-75.577814,6.107632],[-75.577902,6.107701],[-75.577988,6.107768],[-75.578112,6.107853],[-75.578206,6.107933],[-75.578294,6.108006],[-75.578375,6.108079],[-75.578464,6.108165],[-75.578551,6.108243],[-75.57865,6.108312],[-75.578773,6.108397],[-75.578873,6.108464],[-75.578904,6.108484],[-75.578971,6.108526],[-75.579082,6.108582],[-75.579181,6.108633],[-75.57928,6.108683],[-75.579333,6.10878],[-75.579421,6.108866],[-75.579526,6.10895],[-75.579578,6.108997],[-75.579608,6.109024],[-75.57969,6.109098],[-75.579778,6.109177],[-75.579889,6.109222],[-75.579994,6.109284],[-75.580093,6.109334],[-75.580203,6.109379],[-75.580296,6.109435],[-75.580407,6.109474],[-75.580506,6.109525],[-75.580623,6.109587],[-75.580733,6.109637],[-75.580844,6.109671],[-75.580948,6.109722],[-75.581053,6.109761],[-75.581175,6.109788],[-75.581302,6.109804],[-75.581412,6.109837],[-75.581534,6.109865],[-75.581673,6.109904],[-75.581795,6.109925],[-75.581911,6.109953],[-75.582027,6.109986],[-75.582149,6.110013],[-75.582283,6.110047],[-75.582404,6.110056],[-75.58252,6.110067],[-75.58263,6.110066],[-75.582751,6.110077],[-75.582778,6.11008],[-75.582873,6.110092],[-75.582901,6.110097],[-75.582989,6.110109],[-75.583111,6.110125],[-75.583221,6.110136],[-75.583331,6.110145],[-75.583453,6.110162],[-75.583563,6.110166],[-75.583672,6.110177],[-75.583789,6.110187],[-75.58391,6.110204],[-75.584026,6.110219],[-75.584136,6.110225],[-75.584246,6.110234],[-75.584329,6.110247],[-75.584356,6.110251],[-75.584472,6.110267],[-75.584587,6.110289],[-75.584704,6.110305],[-75.584814,6.110332],[-75.584924,6.110366],[-75.585023,6.110422],[-75.585134,6.110467],[-75.58525,6.110517],[-75.585355,6.110568],[-75.585483,6.110624],[-75.585588,6.110686],[-75.585681,6.110742],[-75.58578,6.11081],[-75.585879,6.11086],[-75.585978,6.110917],[-75.586077,6.110974],[-75.586182,6.11103],[-75.586281,6.111081],[-75.586386,6.111137],[-75.586491,6.111193],[-75.586596,6.111238],[-75.586695,6.111294],[-75.586794,6.111339],[-75.586904,6.111378],[-75.587009,6.111416],[-75.587113,6.111461],[-75.587224,6.111501],[-75.587346,6.11154],[-75.587456,6.111568],[-75.587555,6.111613],[-75.587665,6.111651],[-75.587776,6.111701],[-75.587892,6.111729],[-75.587997,6.111763],[-75.588113,6.111796],[-75.588223,6.111823],[-75.588333,6.111834],[-75.588466,6.111861],[-75.588583,6.111883],[-75.588698,6.1119],[-75.588814,6.111915],[-75.588959,6.111925],[-75.589075,6.111942],[-75.589203,6.111964],[-75.589313,6.111991],[-75.589423,6.112013],[-75.589527,6.112047],[-75.589644,6.112097],[-75.589748,6.112148],[-75.589842,6.112204],[-75.589941,6.112255],[-75.590046,6.112311],[-75.590139,6.112367],[-75.590221,6.112446],[-75.590309,6.112515],[-75.590396,6.112593],[-75.590473,6.112685]]]]}},{"type":"Feature","properties":{"name":"Palmitas","source":"https://siata.gov.co/kml/04_Divisiones/04_Medellin/Corregimientos.kml","code":50,"kind":"corregimiento","municipality":"Medellín"},"geometry":{"type":"MultiPolygon","coordinates":[[[[-75.706848,6.372808],[-75.706869,6.372797],[-75.706902,6.372782],[-75.706935,6.372771],[-75.706972,6.372758],[-75.707005,6.372746],[-75.707038,6.372734],[-75.707082,6.372723],[-75.707109,6.372712],[-75.707141,6.372703],[-75.707169,6.372694],[-75.707201,6.372684],[-75.707241,6.372673],[-75.707279,6.372661],[-75.707313,6.37265],[-75.707339,6.37264],[-75.707365,6.372632],[-75.707385,6.372626],[-75.707411,6.372619],[-75.707438,6.372613],[-75.707462,6.372606],[-75.707489,6.372602],[-75.707514,6.372597],[-75.70754,6.372592],[-75.707566,6.372587],[-75.707588,6.372583],[-75.70761,6.372579],[-75.707632,6.372575],[-75.707664,6.372572],[-75.707694,6.372571],[-75.707719,6.372572],[-75.707747,6.372576],[-75.707772,6.372581],[-75.707797,6.372586],[-75.707823,6.372591],[-75.70785,6.372597],[-75.707876,6.372602],[-75.707903,6.372607],[-75.707929,6.372613],[-75.707957,6.37262],[-75.707983,6.372626],[-75.708005,6.37263],[-75.708025,6.372634],[-75.708048,6.372634],[-75.708078,6.372634],[-75.708104,6.372637],[-75.70813,6.372641],[-75.708155,6.372643],[-75.708176,6.372645],[-75.708197,6.372648],[-75.708218,6.37265],[-75.708239,6.372651],[-75.708259,6.372652],[-75.708277,6.372653],[-75.7083,6.372653],[-75.70832,6.372649],[-75.708351,6.37264],[-75.708381,6.372631],[-75.708407,6.372619],[-75.708435,6.372598],[-75.708452,6.372582],[-75.708469,6.372565],[-75.708485,6.372545],[-75.708497,6.372526],[-75.708508,6.372508],[-75.708519,6.37248],[-75.70853,6.37246],[-75.708539,6.372435],[-75.708548,6.372418],[-75.708558,6.372401],[-75.708569,6.372383],[-75.708579,6.372365],[-75.708592,6.372345],[-75.70861,6.372318],[-75.708631,6.372297],[-75.708655,6.37227],[-75.708677,6.37225],[-75.708705,6.372232],[-75.708726,6.372214],[-75.708746,6.372198],[-75.708768,6.372186],[-75.708788,6.372174],[-75.708806,6.372165],[-75.708825,6.372154],[-75.708844,6.372141],[-75.708864,6.372127],[-75.70888,6.372117],[-75.7089,6.372103],[-75.708917,6.372091],[-75.708939,6.372074],[-75.708954,6.372064],[-75.708971,6.37205],[-75.708992,6.372042],[-75.709026,6.372036],[-75.709046,6.372033],[-75.709064,6.372031],[-75.709083,6.372031],[-75.709103,6.372031],[-75.709128,6.372031],[-75.709154,6.372031],[-75.709197,6.372034],[-75.709229,6.372035],[-75.709256,6.372039],[-75.70929,6.372042],[-75.709328,6.372048],[-75.709363,6.372055],[-75.709401,6.372065],[-75.709427,6.372073],[-75.709453,6.37208],[-75.709472,6.372085],[-75.709492,6.372087],[-75.70951,6.372087],[-75.709534,6.372087],[-75.709561,6.372086],[-75.709587,6.372083],[-75.709612,6.372081],[-75.709646,6.37208],[-75.709684,6.372079],[-75.709717,6.372079],[-75.709744,6.372079],[-75.709773,6.372079],[-75.709792,6.37208],[-75.70981,6.37208],[-75.709835,6.37208],[-75.709857,6.372077],[-75.709885,6.372073],[-75.70991,6.37207],[-75.709937,6.372066],[-75.709961,6.372063],[-75.709994,6.372054],[-75.710016,6.372048],[-75.710042,6.372035],[-75.710069,6.37202],[-75.710087,6.372012],[-75.710106,6.372003],[-75.710133,6.37199],[-75.710165,6.371974],[-75.7102,6.371957],[-75.71024,6.371936],[-75.710266,6.371918],[-75.710292,6.371902],[-75.710325,6.371885],[-75.710356,6.371867],[-75.71039,6.371851],[-75.710415,6.371838],[-75.710437,6.371826],[-75.710462,6.371815],[-75.710482,6.371805],[-75.710502,6.371795],[-75.710527,6.371787],[-75.71056,6.371774],[-75.710587,6.371763],[-75.710611,6.371751],[-75.710641,6.371738],[-75.710662,6.371732],[-75.71068,6.371724],[-75.710713,6.37171],[-75.710753,6.371694],[-75.710784,6.371677],[-75.71081,6.371659],[-75.710849,6.371641],[-75.710877,6.371624],[-75.710898,6.371608],[-75.710923,6.371594],[-75.710942,6.37158],[-75.710964,6.371565],[-75.710996,6.371541],[-75.711012,6.37153],[-75.71103,6.37152],[-75.711054,6.371501],[-75.711089,6.371474],[-75.711129,6.371437],[-75.711156,6.371417],[-75.711177,6.371399],[-75.711204,6.371383],[-75.711231,6.371364],[-75.711255,6.37135],[-75.711273,6.37134],[-75.711306,6.371326],[-75.71134,6.371318],[-75.711372,6.371308],[-75.711398,6.371299],[-75.711431,6.371291],[-75.711479,6.371284],[-75.711519,6.371278],[-75.711567,6.371273],[-75.711598,6.37127],[-75.711616,6.371269],[-75.711643,6.371272],[-75.711668,6.371277],[-75.711695,6.371283],[-75.71172,6.371288],[-75.711752,6.371296],[-75.711777,6.371302],[-75.711816,6.371309],[-75.711849,6.371317],[-75.711875,6.371323],[-75.711894,6.371326],[-75.711919,6.371326],[-75.711948,6.371326],[-75.711981,6.371326],[-75.712014,6.371326],[-75.712045,6.371326],[-75.71207,6.371326],[-75.712099,6.371326],[-75.712131,6.371326],[-75.712157,6.371326],[-75.712177,6.371326],[-75.712205,6.371326],[-75.712242,6.371324],[-75.712274,6.371323],[-75.712319,6.371323],[-75.712369,6.371323],[-75.712417,6.371323],[-75.712463,6.371319],[-75.712512,6.371316],[-75.712552,6.371311],[-75.712597,6.371307],[-75.712631,6.371302],[-75.712664,6.371298],[-75.712696,6.371291],[-75.712735,6.371284],[-75.71278,6.371275],[-75.712825,6.371265],[-75.712856,6.371256],[-75.712881,6.371248],[-75.712903,6.371239],[-75.712929,6.371229],[-75.712955,6.371219],[-75.712988,6.371208],[-75.713027,6.371195],[-75.713067,6.371179],[-75.713106,6.371162],[-75.713147,6.371144],[-75.713188,6.371124],[-75.713227,6.371105],[-75.713266,6.371086],[-75.713301,6.371069],[-75.713329,6.371051],[-75.713362,6.371032],[-75.713401,6.371005],[-75.71344,6.370977],[-75.713482,6.370948],[-75.713521,6.370921],[-75.713559,6.370894],[-75.713598,6.370868],[-75.713625,6.370848],[-75.713664,6.370821],[-75.713698,6.370792],[-75.713729,6.370775],[-75.713764,6.370753],[-75.713797,6.370732],[-75.713822,6.370713],[-75.713844,6.370695],[-75.713862,6.370682],[-75.713878,6.370671],[-75.713893,6.370661],[-75.71392,6.370646],[-75.713941,6.370629],[-75.713961,6.370614],[-75.713979,6.370603],[-75.713995,6.370593],[-75.714011,6.370584],[-75.714031,6.370571],[-75.714057,6.370556],[-75.714088,6.370537],[-75.714122,6.370515],[-75.714154,6.370489],[-75.71418,6.370461],[-75.714201,6.370433],[-75.714228,6.370398],[-75.714253,6.37037],[-75.71427,6.370351],[-75.714288,6.370324],[-75.714304,6.370297],[-75.714319,6.370269],[-75.714333,6.37024],[-75.714345,6.370205],[-75.714356,6.370178],[-75.714366,6.370141],[-75.714373,6.370099],[-75.71438,6.370063],[-75.714386,6.370028],[-75.714392,6.369992],[-75.714397,6.369955],[-75.714402,6.369917],[-75.714408,6.36988],[-75.714413,6.369844],[-75.714419,6.369808],[-75.714427,6.369769],[-75.714435,6.369721],[-75.714446,6.369679],[-75.714456,6.369631],[-75.714468,6.369591],[-75.714479,6.369537],[-75.71449,6.369487],[-75.714501,6.369431],[-75.71451,6.369382],[-75.714517,6.369332],[-75.714522,6.369292],[-75.714527,6.369244],[-75.714531,6.369206],[-75.714535,6.36916],[-75.714539,6.369121],[-75.714545,6.369069],[-75.714552,6.369018],[-75.714559,6.368968],[-75.714567,6.368926],[-75.714575,6.368879],[-75.714584,6.368851],[-75.714594,6.368824],[-75.714607,6.36878],[-75.714624,6.368744],[-75.714641,6.368697],[-75.714657,6.368661],[-75.714671,6.368639],[-75.71468,6.368615],[-75.71469,6.368595],[-75.714703,6.368569],[-75.714718,6.368532],[-75.714735,6.368498],[-75.714755,6.368449],[-75.71478,6.368405],[-75.7148,6.36837],[-75.71482,6.368345],[-75.714839,6.368316],[-75.71487,6.368278],[-75.714903,6.368228],[-75.714941,6.36818],[-75.714973,6.368133],[-75.714999,6.368086],[-75.715025,6.368049],[-75.715044,6.368014],[-75.715065,6.367978],[-75.715087,6.36794],[-75.715109,6.367895],[-75.715134,6.367859],[-75.715165,6.367807],[-75.715192,6.36776],[-75.715219,6.367721],[-75.715245,6.367677],[-75.715267,6.367649],[-75.715292,6.367614],[-75.715319,6.367577],[-75.715345,6.36754],[-75.715365,6.367511],[-75.715387,6.367475],[-75.715406,6.367454],[-75.715423,6.367432],[-75.715438,6.367403],[-75.715453,6.367375],[-75.715469,6.367347],[-75.715488,6.367311],[-75.715515,6.367275],[-75.715534,6.367231],[-75.71556,6.367191],[-75.715585,6.367142],[-75.715613,6.367095],[-75.715639,6.367057],[-75.715665,6.367009],[-75.715696,6.366963],[-75.715722,6.366916],[-75.71575,6.366867],[-75.715775,6.366816],[-75.715801,6.366776],[-75.715828,6.366729],[-75.715846,6.366693],[-75.715865,6.366665],[-75.715883,6.36664],[-75.715894,6.366624],[-75.715905,6.366609],[-75.715915,6.366594],[-75.715926,6.366579],[-75.71594,6.366561],[-75.715956,6.366541],[-75.715977,6.366514],[-75.716003,6.366484],[-75.716029,6.366454],[-75.716049,6.366425],[-75.716071,6.366398],[-75.716089,6.366371],[-75.716106,6.366353],[-75.716122,6.366331],[-75.716142,6.366295],[-75.716174,6.366257],[-75.716205,6.366222],[-75.716225,6.366194],[-75.716245,6.36617],[-75.716263,6.366145],[-75.716275,6.36613],[-75.716287,6.366114],[-75.716298,6.366091],[-75.716322,6.366052],[-75.716353,6.366007],[-75.716374,6.365969],[-75.716405,6.36592],[-75.71643,6.36587],[-75.716448,6.365844],[-75.716461,6.365823],[-75.716475,6.365797],[-75.716487,6.36577],[-75.716498,6.365744],[-75.716517,6.365706],[-75.716541,6.365668],[-75.716563,6.365631],[-75.716579,6.365602],[-75.716596,6.365583],[-75.716614,6.365554],[-75.716632,6.365533],[-75.716652,6.365506],[-75.716672,6.365477],[-75.716704,6.365439],[-75.716736,6.365394],[-75.716768,6.365355],[-75.7168,6.365311],[-75.716826,6.365285],[-75.716848,6.365257],[-75.716867,6.365238],[-75.716885,6.365223],[-75.716902,6.365206],[-75.71692,6.365188],[-75.71694,6.365172],[-75.716966,6.365151],[-75.716981,6.365139],[-75.717008,6.365122],[-75.717034,6.365101],[-75.71706,6.365079],[-75.717085,6.365062],[-75.717102,6.365045],[-75.717119,6.36503],[-75.717145,6.365015],[-75.71717,6.364995],[-75.717197,6.364969],[-75.717228,6.364933],[-75.717256,6.364906],[-75.717288,6.364869],[-75.717319,6.364843],[-75.717339,6.364814],[-75.717361,6.364786],[-75.717381,6.364766],[-75.7174,6.364743],[-75.717419,6.364715],[-75.71744,6.364684],[-75.717463,6.364657],[-75.717482,6.36463],[-75.717499,6.364605],[-75.717519,6.364562],[-75.717542,6.364525],[-75.717564,6.364491],[-75.717584,6.364448],[-75.717605,6.364398],[-75.717633,6.364347],[-75.717651,6.36428],[-75.71767,6.364234],[-75.717683,6.364187],[-75.717694,6.364152],[-75.717701,6.364106],[-75.717707,6.364068],[-75.717712,6.36402],[-75.71772,6.363982],[-75.717726,6.363934],[-75.717733,6.363897],[-75.717739,6.363851],[-75.717746,6.363806],[-75.717752,6.363748],[-75.717757,6.363702],[-75.717762,6.363663],[-75.717765,6.363617],[-75.717769,6.363583],[-75.717771,6.363534],[-75.717772,6.363486],[-75.717775,6.363439],[-75.717775,6.36339],[-75.717775,6.363341],[-75.717774,6.363293],[-75.71777,6.363245],[-75.717766,6.363195],[-75.717759,6.363147],[-75.717752,6.363101],[-75.717746,6.363065],[-75.717739,6.363026],[-75.717735,6.362998],[-75.71773,6.362971],[-75.717727,6.362937],[-75.717724,6.362899],[-75.71772,6.36287],[-75.717716,6.362836],[-75.717712,6.362809],[-75.717706,6.362782],[-75.7177,6.362755],[-75.717692,6.362734],[-75.717684,6.362708],[-75.717675,6.362677],[-75.717666,6.362652],[-75.717655,6.362624],[-75.717645,6.362587],[-75.717633,6.362558],[-75.717622,6.362521],[-75.717609,6.362477],[-75.717598,6.362442],[-75.717587,6.362407],[-75.717577,6.36238],[-75.717568,6.362353],[-75.71756,6.362317],[-75.717548,6.362278],[-75.717538,6.36224],[-75.717526,6.362194],[-75.717516,6.36216],[-75.717507,6.362117],[-75.717496,6.36208],[-75.717487,6.362031],[-75.717477,6.361973],[-75.717466,6.361927],[-75.717456,6.36188],[-75.717446,6.36183],[-75.717436,6.361792],[-75.717427,6.361747],[-75.717419,6.36171],[-75.717412,6.361673],[-75.717407,6.361637],[-75.717401,6.3616],[-75.717397,6.361562],[-75.717394,6.361525],[-75.717391,6.361491],[-75.717387,6.361443],[-75.717386,6.361405],[-75.717384,6.361356],[-75.717381,6.361319],[-75.717378,6.361271],[-75.717373,6.36122],[-75.71737,6.36118],[-75.717368,6.361154],[-75.717368,6.361126],[-75.717365,6.361099],[-75.717364,6.361061],[-75.717363,6.361016],[-75.717361,6.360979],[-75.71736,6.360932],[-75.717358,6.360893],[-75.717356,6.360855],[-75.717355,6.360808],[-75.717353,6.360768],[-75.717349,6.360705],[-75.717345,6.360647],[-75.717342,6.360608],[-75.71734,6.360563],[-75.717338,6.360545],[-75.717337,6.360525],[-75.717331,6.360489],[-75.717327,6.360463],[-75.717323,6.360436],[-75.717317,6.3604],[-75.717313,6.360379],[-75.717308,6.360351],[-75.717304,6.360332],[-75.7173,6.360312],[-75.717296,6.360293],[-75.717276,6.360201],[-75.717191,6.360156],[-75.716971,6.360042],[-75.716863,6.359988],[-75.716766,6.359935],[-75.716668,6.359859],[-75.716554,6.359785],[-75.716507,6.359742],[-75.716484,6.359707],[-75.716477,6.35967],[-75.716479,6.359628],[-75.716487,6.359577],[-75.716501,6.359533],[-75.716554,6.35945],[-75.716584,6.359396],[-75.716615,6.35935],[-75.716688,6.359267],[-75.716752,6.359196],[-75.716791,6.359127],[-75.716811,6.359058],[-75.71682,6.358998],[-75.716817,6.35893],[-75.716809,6.358742],[-75.716796,6.358625],[-75.716763,6.358374],[-75.716727,6.35827],[-75.716687,6.358172],[-75.716637,6.358087],[-75.716566,6.358035],[-75.716484,6.357993],[-75.716405,6.357936],[-75.716366,6.35789],[-75.716341,6.357827],[-75.716313,6.357693],[-75.716278,6.357578],[-75.716266,6.357438],[-75.716263,6.357352],[-75.716241,6.357256],[-75.71623,6.357192],[-75.716204,6.357084],[-75.716201,6.356965],[-75.716194,6.356922],[-75.716185,6.356883],[-75.716178,6.35686],[-75.716165,6.356815],[-75.716159,6.35678],[-75.716155,6.356754],[-75.716153,6.356728],[-75.716154,6.356698],[-75.716157,6.356667],[-75.716171,6.356629],[-75.716187,6.356599],[-75.716214,6.356545],[-75.716229,6.356505],[-75.716234,6.356443],[-75.716239,6.356393],[-75.716235,6.35637],[-75.716217,6.356326],[-75.716189,6.35627],[-75.716161,6.356231],[-75.716128,6.35616],[-75.716086,6.356101],[-75.716043,6.356051],[-75.716015,6.356021],[-75.715979,6.355966],[-75.71595,6.355912],[-75.715884,6.355774],[-75.715853,6.355718],[-75.715822,6.355675],[-75.715791,6.355626],[-75.715789,6.355611],[-75.715787,6.355557],[-75.715802,6.355509],[-75.715831,6.355436],[-75.715855,6.355395],[-75.715914,6.355284],[-75.715933,6.355213],[-75.71594,6.355189],[-75.715958,6.355091],[-75.715966,6.355026],[-75.715975,6.354971],[-75.715981,6.354953],[-75.716004,6.3549],[-75.716027,6.354871],[-75.716071,6.354823],[-75.716113,6.354782],[-75.716132,6.354756],[-75.716196,6.354652],[-75.716209,6.354627],[-75.716214,6.354602],[-75.716219,6.35456],[-75.716224,6.354521],[-75.716222,6.354432],[-75.716218,6.354403],[-75.716205,6.35437],[-75.716189,6.354344],[-75.716173,6.354335],[-75.716133,6.354323],[-75.716049,6.354311],[-75.716017,6.354301],[-75.715969,6.354282],[-75.715928,6.354254],[-75.715886,6.354213],[-75.7158,6.354132],[-75.715731,6.354061],[-75.715672,6.353994],[-75.715618,6.353937],[-75.715561,6.353879],[-75.715474,6.35381],[-75.715431,6.353773],[-75.715417,6.353759],[-75.715343,6.35369],[-75.715302,6.353646],[-75.715271,6.353609],[-75.71523,6.353554],[-75.715208,6.35352],[-75.715193,6.353488],[-75.71518,6.353448],[-75.715159,6.353373],[-75.715136,6.35331],[-75.715125,6.353267],[-75.715095,6.353181],[-75.715087,6.353148],[-75.715079,6.353103],[-75.71507,6.353066],[-75.715043,6.353012],[-75.715022,6.352984],[-75.714994,6.352962],[-75.714939,6.352929],[-75.714916,6.35291],[-75.714889,6.352886],[-75.714865,6.352852],[-75.714838,6.352801],[-75.714827,6.352766],[-75.714815,6.352719],[-75.7148,6.352658],[-75.714784,6.35262],[-75.714769,6.352579],[-75.71476,6.352532],[-75.714757,6.352503],[-75.714752,6.352407],[-75.714741,6.352303],[-75.714729,6.352254],[-75.714707,6.352197],[-75.714698,6.352153],[-75.714686,6.352105],[-75.714673,6.35206],[-75.71466,6.352016],[-75.714657,6.351974],[-75.714664,6.351847],[-75.714663,6.351774],[-75.714672,6.351743],[-75.714685,6.351723],[-75.714701,6.351712],[-75.714726,6.351707],[-75.71476,6.351709],[-75.715005,6.351718],[-75.71506,6.351714],[-75.715091,6.351713],[-75.715167,6.351704],[-75.715217,6.351694],[-75.715261,6.351678],[-75.715292,6.351661],[-75.715385,6.351618],[-75.715445,6.351573],[-75.715466,6.351549],[-75.715525,6.351486],[-75.715542,6.351458],[-75.71556,6.351424],[-75.715567,6.351394],[-75.715575,6.351349],[-75.71558,6.351291],[-75.715571,6.351226],[-75.715555,6.351159],[-75.715542,6.351097],[-75.715527,6.35105],[-75.715472,6.350925],[-75.715443,6.350867],[-75.715391,6.350755],[-75.715363,6.350694],[-75.715343,6.350655],[-75.715337,6.350644],[-75.715278,6.35055],[-75.715243,6.350498],[-75.715219,6.350453],[-75.715204,6.350423],[-75.715191,6.350397],[-75.715176,6.350363],[-75.715163,6.350301],[-75.715161,6.350271],[-75.715163,6.350239],[-75.715169,6.350195],[-75.715182,6.350129],[-75.715196,6.350092],[-75.715205,6.350073],[-75.715217,6.350018],[-75.715224,6.34996],[-75.715233,6.349885],[-75.715238,6.34984],[-75.715248,6.349759],[-75.715266,6.349712],[-75.715299,6.349621],[-75.715328,6.349519],[-75.715345,6.349478],[-75.715367,6.349411],[-75.715404,6.349265],[-75.715415,6.34921],[-75.715422,6.349177],[-75.715444,6.349066],[-75.715455,6.34898],[-75.71546,6.348919],[-75.715463,6.348892],[-75.715474,6.348814],[-75.715475,6.348768],[-75.715479,6.348734],[-75.715483,6.34863],[-75.715473,6.348562],[-75.715467,6.348529],[-75.715434,6.348446],[-75.715397,6.348379],[-75.715369,6.348333],[-75.715274,6.348177],[-75.715229,6.348106],[-75.715196,6.348054],[-75.715119,6.347944],[-75.715086,6.34789],[-75.715046,6.347837],[-75.714979,6.347742],[-75.714942,6.347695],[-75.714903,6.347657],[-75.714837,6.347594],[-75.714801,6.347572],[-75.714758,6.347551],[-75.714701,6.347532],[-75.714627,6.347514],[-75.714535,6.347499],[-75.714483,6.347483],[-75.714461,6.347475],[-75.714404,6.347448],[-75.714348,6.347408],[-75.714312,6.347376],[-75.714273,6.347337],[-75.71421,6.347239],[-75.714144,6.347155],[-75.714097,6.347101],[-75.714045,6.347036],[-75.71401,6.346937],[-75.713992,6.346849],[-75.713984,6.346757],[-75.713996,6.346654],[-75.714006,6.346596],[-75.714047,6.346547],[-75.714098,6.346516],[-75.714157,6.346495],[-75.714211,6.346471],[-75.714276,6.34644],[-75.714351,6.346397],[-75.714427,6.346349],[-75.714537,6.346292],[-75.714636,6.346257],[-75.714742,6.346237],[-75.714854,6.346231],[-75.714979,6.346203],[-75.715064,6.346169],[-75.71519,6.346095],[-75.715265,6.346008],[-75.715298,6.345943],[-75.71534,6.345874],[-75.715373,6.345786],[-75.715425,6.345715],[-75.715469,6.345677],[-75.715525,6.345652],[-75.715604,6.345646],[-75.715675,6.34566],[-75.715788,6.345717],[-75.715936,6.345823],[-75.716037,6.345873],[-75.716116,6.345901],[-75.71619,6.34592],[-75.716293,6.345938],[-75.716382,6.345931],[-75.716493,6.345891],[-75.716543,6.345863],[-75.716591,6.345819],[-75.716643,6.345756],[-75.716714,6.345668],[-75.716776,6.345604],[-75.716826,6.345564],[-75.716918,6.345539],[-75.717025,6.345551],[-75.717116,6.345566],[-75.717193,6.345563],[-75.717236,6.345548],[-75.717313,6.345515],[-75.71743,6.345433],[-75.717534,6.345353],[-75.717592,6.345308],[-75.717654,6.345275],[-75.717727,6.345248],[-75.71782,6.345217],[-75.717946,6.345174],[-75.718016,6.345127],[-75.718059,6.345076],[-75.718085,6.344984],[-75.718113,6.344833],[-75.718123,6.344685],[-75.718126,6.344598],[-75.718128,6.344447],[-75.718129,6.34433],[-75.718126,6.344259],[-75.718141,6.344174],[-75.718175,6.34411],[-75.718235,6.344023],[-75.718282,6.343954],[-75.718339,6.343839],[-75.718384,6.343737],[-75.718445,6.343577],[-75.718483,6.343472],[-75.718546,6.343368],[-75.718635,6.343256],[-75.718729,6.343187],[-75.718942,6.34304],[-75.719038,6.342989],[-75.71913,6.342944],[-75.719221,6.342895],[-75.719253,6.342875],[-75.71928,6.342846],[-75.719289,6.3428],[-75.719274,6.342734],[-75.719209,6.342631],[-75.719074,6.342442],[-75.718968,6.342277],[-75.718887,6.342169],[-75.71882,6.342087],[-75.71878,6.342021],[-75.718751,6.341941],[-75.718753,6.341889],[-75.718763,6.341846],[-75.718798,6.341797],[-75.718853,6.341765],[-75.719033,6.341682],[-75.719175,6.341652],[-75.719319,6.341621],[-75.719438,6.341594],[-75.719496,6.341565],[-75.719545,6.341534],[-75.719579,6.341492],[-75.719604,6.34142],[-75.71963,6.341312],[-75.719627,6.341188],[-75.719595,6.340993],[-75.719547,6.340762],[-75.719494,6.34048],[-75.719508,6.340266],[-75.71958,6.339892],[-75.719594,6.339776],[-75.719604,6.339706],[-75.719607,6.339657],[-75.719616,6.339613],[-75.719613,6.33955],[-75.71959,6.33949],[-75.719489,6.339396],[-75.719319,6.339256],[-75.719228,6.33917],[-75.719155,6.339096],[-75.719088,6.339015],[-75.719046,6.338914],[-75.719041,6.338823],[-75.719038,6.338677],[-75.719019,6.338604],[-75.718963,6.338526],[-75.718896,6.338444],[-75.718829,6.338367],[-75.718768,6.338298],[-75.718687,6.338221],[-75.718598,6.338164],[-75.718516,6.338102],[-75.718433,6.338034],[-75.718379,6.337986],[-75.718352,6.337954],[-75.718338,6.337909],[-75.718349,6.337887],[-75.718406,6.337842],[-75.718522,6.337752],[-75.718578,6.337706],[-75.71862,6.337662],[-75.718643,6.337609],[-75.718643,6.337548],[-75.718622,6.337493],[-75.718569,6.337435],[-75.718535,6.337407],[-75.718487,6.337378],[-75.718411,6.337344],[-75.718355,6.337337],[-75.718302,6.337332],[-75.718255,6.337317],[-75.718224,6.337301],[-75.71817,6.337267],[-75.71814,6.337238],[-75.718106,6.33719],[-75.718084,6.33715],[-75.718073,6.3371],[-75.718068,6.337046],[-75.718068,6.33701],[-75.718049,6.336966],[-75.717995,6.336921],[-75.717942,6.336869],[-75.717906,6.336839],[-75.717886,6.336814],[-75.717877,6.336766],[-75.717889,6.3367],[-75.717983,6.336514],[-75.718029,6.336419],[-75.718066,6.33635],[-75.718097,6.336244],[-75.718111,6.336143],[-75.718107,6.336078],[-75.71809,6.336015],[-75.718071,6.335973],[-75.718052,6.335921],[-75.718018,6.335834],[-75.717977,6.335748],[-75.717938,6.335671],[-75.717915,6.335617],[-75.717899,6.335563],[-75.717896,6.335484],[-75.717899,6.335431],[-75.717892,6.335352],[-75.717883,6.335294],[-75.71787,6.33525],[-75.717842,6.335196],[-75.717809,6.335144],[-75.717773,6.335102],[-75.717717,6.335054],[-75.717648,6.335028],[-75.717529,6.335014],[-75.717419,6.335017],[-75.717328,6.335017],[-75.717197,6.33504],[-75.717106,6.335063],[-75.717047,6.335068],[-75.716994,6.335065],[-75.716938,6.335061],[-75.716904,6.335058],[-75.716814,6.335048],[-75.716736,6.335027],[-75.716687,6.334995],[-75.71664,6.334948],[-75.716612,6.3349],[-75.716604,6.334861],[-75.716604,6.334791],[-75.7166,6.334734],[-75.716594,6.334698],[-75.716588,6.33468],[-75.716564,6.334627],[-75.716541,6.334569],[-75.716509,6.334492],[-75.716491,6.334455],[-75.716444,6.334365],[-75.716379,6.334277],[-75.716305,6.334179],[-75.71625,6.334085],[-75.716222,6.333947],[-75.716217,6.333836],[-75.716281,6.333685],[-75.716321,6.333539],[-75.716358,6.333414],[-75.716365,6.333322],[-75.716358,6.333213],[-75.716334,6.333107],[-75.716329,6.333006],[-75.716351,6.332933],[-75.716397,6.33283],[-75.716505,6.332703],[-75.716601,6.332616],[-75.716702,6.332535],[-75.716854,6.332394],[-75.716964,6.332315],[-75.717068,6.332261],[-75.717195,6.332209],[-75.717275,6.332169],[-75.717336,6.332115],[-75.717385,6.332053],[-75.71742,6.331962],[-75.717446,6.331879],[-75.717465,6.331807],[-75.717481,6.331747],[-75.717509,6.33172],[-75.717564,6.331701],[-75.717701,6.331711],[-75.717758,6.331711],[-75.717827,6.331688],[-75.717884,6.331652],[-75.718018,6.331563],[-75.718124,6.33149],[-75.71819,6.331434],[-75.718229,6.331362],[-75.718253,6.331273],[-75.718262,6.331148],[-75.718264,6.331082],[-75.718281,6.331032],[-75.71831,6.330987],[-75.718345,6.330962],[-75.71842,6.330962],[-75.718568,6.330976],[-75.718651,6.330961],[-75.7187,6.330946],[-75.718731,6.33093],[-75.718792,6.330865],[-75.718814,6.33076],[-75.718807,6.330638],[-75.718806,6.330464],[-75.71881,6.330307],[-75.718832,6.330216],[-75.718845,6.330145],[-75.718867,6.330073],[-75.718864,6.329916],[-75.718844,6.329843],[-75.718826,6.329746],[-75.718813,6.329674],[-75.718808,6.329589],[-75.71883,6.329537],[-75.718878,6.329461],[-75.718935,6.329396],[-75.719026,6.329359],[-75.719063,6.329301],[-75.719089,6.329234],[-75.719105,6.329185],[-75.719109,6.329098],[-75.719122,6.329032],[-75.71913,6.329001],[-75.719155,6.328947],[-75.719207,6.328876],[-75.719302,6.328797],[-75.719361,6.328747],[-75.719376,6.328692],[-75.71935,6.328605],[-75.719308,6.328526],[-75.719232,6.328442],[-75.719113,6.328275],[-75.719026,6.328169],[-75.71896,6.328056],[-75.718902,6.327952],[-75.718842,6.32786],[-75.718749,6.32775],[-75.718625,6.327616],[-75.718526,6.32749],[-75.718462,6.327416],[-75.718395,6.327331],[-75.718318,6.327216],[-75.718282,6.327135],[-75.718271,6.327059],[-75.718255,6.326941],[-75.718215,6.326827],[-75.718157,6.326741],[-75.718078,6.326621],[-75.718042,6.326549],[-75.71804,6.326489],[-75.718101,6.326406],[-75.718231,6.326349],[-75.718383,6.326285],[-75.718469,6.326233],[-75.718548,6.326156],[-75.718577,6.326119],[-75.718601,6.326088],[-75.718616,6.325955],[-75.718578,6.325821],[-75.718529,6.325697],[-75.718451,6.325505],[-75.71838,6.325358],[-75.718382,6.325236],[-75.718406,6.325128],[-75.718417,6.325017],[-75.718465,6.324888],[-75.718498,6.324801],[-75.718519,6.324669],[-75.718488,6.32458],[-75.718419,6.324411],[-75.718394,6.32428],[-75.718396,6.324214],[-75.71842,6.324135],[-75.718486,6.324021],[-75.718528,6.32392],[-75.718565,6.323701],[-75.718573,6.323601],[-75.718559,6.323374],[-75.718543,6.323274],[-75.718526,6.323208],[-75.718503,6.323119],[-75.718453,6.323029],[-75.718408,6.322948],[-75.718387,6.322902],[-75.718374,6.322865],[-75.71834,6.322793],[-75.718326,6.322741],[-75.718328,6.322711],[-75.718336,6.322668],[-75.718358,6.322618],[-75.718371,6.322575],[-75.718389,6.32254],[-75.718442,6.322464],[-75.718474,6.322412],[-75.718493,6.322356],[-75.718504,6.322324],[-75.718505,6.322268],[-75.71848,6.322207],[-75.718445,6.322157],[-75.718398,6.322116],[-75.718348,6.322077],[-75.718283,6.322035],[-75.718233,6.322014],[-75.718199,6.321994],[-75.718166,6.32197],[-75.718133,6.321945],[-75.718113,6.321924],[-75.718091,6.321891],[-75.718071,6.321844],[-75.718057,6.3218],[-75.71805,6.32174],[-75.718058,6.321658],[-75.718074,6.321575],[-75.718078,6.321531],[-75.718075,6.321471],[-75.718049,6.321398],[-75.718029,6.321345],[-75.718011,6.321311],[-75.717999,6.321288],[-75.717981,6.32126],[-75.717939,6.321225],[-75.717887,6.321198],[-75.717828,6.321181],[-75.717738,6.321173],[-75.717664,6.321179],[-75.717613,6.321191],[-75.717573,6.321193],[-75.71753,6.321184],[-75.717504,6.321166],[-75.717487,6.32114],[-75.717475,6.321103],[-75.717473,6.321069],[-75.717473,6.321027],[-75.717477,6.320987],[-75.717483,6.320961],[-75.71749,6.320937],[-75.7175,6.320916],[-75.717512,6.320889],[-75.71752,6.320855],[-75.717521,6.320801],[-75.717519,6.320767],[-75.71751,6.32073],[-75.717496,6.320688],[-75.717488,6.320662],[-75.717463,6.320635],[-75.717433,6.320616],[-75.717383,6.32061],[-75.717338,6.320613],[-75.717292,6.320616],[-75.717255,6.320613],[-75.717215,6.320603],[-75.717164,6.320594],[-75.717125,6.320587],[-75.717091,6.320579],[-75.717043,6.320552],[-75.717001,6.320512],[-75.716967,6.320485],[-75.716921,6.320461],[-75.71686,6.320441],[-75.716823,6.320433],[-75.716792,6.320433],[-75.716748,6.320443],[-75.716716,6.320449],[-75.716669,6.320464],[-75.716588,6.320489],[-75.716504,6.320508],[-75.716465,6.320517],[-75.716437,6.32052],[-75.716414,6.320518],[-75.716381,6.320508],[-75.716354,6.320498],[-75.71633,6.320488],[-75.716304,6.320467],[-75.716276,6.32044],[-75.716262,6.320418],[-75.71626,6.320388],[-75.716268,6.320353],[-75.716283,6.320321],[-75.716285,6.320294],[-75.716282,6.320268],[-75.716277,6.32025],[-75.71626,6.320226],[-75.71623,6.320204],[-75.716191,6.320183],[-75.716136,6.320162],[-75.71606,6.320141],[-75.716004,6.320138],[-75.715925,6.320125],[-75.715867,6.320108],[-75.71581,6.320099],[-75.715741,6.320097],[-75.715677,6.320096],[-75.715585,6.320092],[-75.715494,6.320084],[-75.715412,6.320067],[-75.715354,6.320045],[-75.715283,6.320023],[-75.715228,6.320003],[-75.7152,6.319973],[-75.71518,6.319937],[-75.715172,6.319894],[-75.715165,6.319856],[-75.715163,6.319805],[-75.715163,6.319765],[-75.71516,6.319726],[-75.715162,6.319655],[-75.715153,6.319593],[-75.715137,6.319549],[-75.71511,6.319491],[-75.71507,6.319437],[-75.715016,6.319401],[-75.714947,6.319368],[-75.714895,6.319368],[-75.71484,6.319381],[-75.714752,6.319399],[-75.714666,6.319409],[-75.7146,6.319412],[-75.714557,6.31941],[-75.714503,6.31941],[-75.714442,6.319403],[-75.714382,6.319391],[-75.714318,6.319368],[-75.714273,6.319349],[-75.71423,6.319323],[-75.714198,6.319289],[-75.714166,6.319224],[-75.714151,6.319155],[-75.714133,6.319081],[-75.714125,6.31899],[-75.714114,6.318931],[-75.714082,6.318858],[-75.714044,6.31877],[-75.713998,6.318706],[-75.713967,6.318674],[-75.71392,6.318634],[-75.713875,6.318596],[-75.713835,6.318552],[-75.713802,6.318516],[-75.71378,6.318478],[-75.713748,6.318388],[-75.71373,6.318325],[-75.713726,6.318292],[-75.713722,6.318247],[-75.713718,6.318205],[-75.71372,6.318152],[-75.713719,6.318119],[-75.713719,6.318078],[-75.713716,6.318043],[-75.713712,6.317998],[-75.71371,6.317892],[-75.713699,6.317824],[-75.713691,6.317757],[-75.713675,6.31767],[-75.713615,6.317545],[-75.713564,6.317466],[-75.713467,6.317374],[-75.713392,6.317333],[-75.713305,6.317296],[-75.713249,6.317264],[-75.713179,6.317199],[-75.713133,6.31713],[-75.713063,6.317056],[-75.712989,6.316987],[-75.712869,6.31689],[-75.71273,6.316812],[-75.712629,6.316778],[-75.71258,6.316773],[-75.712475,6.316721],[-75.712374,6.316631],[-75.712291,6.316521],[-75.712325,6.316408],[-75.712443,6.316297],[-75.712572,6.316181],[-75.712648,6.316081],[-75.712675,6.315952],[-75.712658,6.315838],[-75.712592,6.315719],[-75.712534,6.315617],[-75.712473,6.315487],[-75.712424,6.315399],[-75.712355,6.315326],[-75.712251,6.315286],[-75.71209,6.315257],[-75.711946,6.315238],[-75.711837,6.315187],[-75.71168,6.315107],[-75.711543,6.315054],[-75.711436,6.314959],[-75.711327,6.314879],[-75.711197,6.314771],[-75.711103,6.314686],[-75.71104,6.31463],[-75.710947,6.314556],[-75.710848,6.314488],[-75.710761,6.314402],[-75.710711,6.314352],[-75.71068,6.314296],[-75.710674,6.314222],[-75.710692,6.314116],[-75.710667,6.313986],[-75.710666,6.313856],[-75.710622,6.31367],[-75.710578,6.313372],[-75.710528,6.313087],[-75.710478,6.312929],[-75.710496,6.312807],[-75.71058,6.312662],[-75.710672,6.312577],[-75.710756,6.312472],[-75.710789,6.312365],[-75.710785,6.312233],[-75.710749,6.312076],[-75.710757,6.311885],[-75.710783,6.31179],[-75.710846,6.311678],[-75.710862,6.311611],[-75.710866,6.311559],[-75.710854,6.311526],[-75.710808,6.311477],[-75.710748,6.311439],[-75.71069,6.311395],[-75.71066,6.311359],[-75.710636,6.311323],[-75.710615,6.31128],[-75.710603,6.311237],[-75.710598,6.311177],[-75.710607,6.311124],[-75.710624,6.311046],[-75.710676,6.310969],[-75.710722,6.310884],[-75.710762,6.310788],[-75.710781,6.310719],[-75.710796,6.310654],[-75.710821,6.310507],[-75.710804,6.310424],[-75.710786,6.310351],[-75.710795,6.310295],[-75.710812,6.310228],[-75.71085,6.310147],[-75.710874,6.310073],[-75.710899,6.309991],[-75.710917,6.309921],[-75.710934,6.309862],[-75.710953,6.309788],[-75.710942,6.30972],[-75.710917,6.309656],[-75.710883,6.309594],[-75.71087,6.309553],[-75.710851,6.309505],[-75.710829,6.30945],[-75.7108,6.309402],[-75.710751,6.3093],[-75.710716,6.309206],[-75.710696,6.309154],[-75.710666,6.30911],[-75.710638,6.309065],[-75.710581,6.309005],[-75.710507,6.308971],[-75.710414,6.308913],[-75.710355,6.308864],[-75.710331,6.308829],[-75.71029,6.308747],[-75.710235,6.30861],[-75.710199,6.308521],[-75.710172,6.308454],[-75.710139,6.308354],[-75.710124,6.308272],[-75.710117,6.308183],[-75.710106,6.308124],[-75.710105,6.30806],[-75.710083,6.307971],[-75.710061,6.307909],[-75.710016,6.307827],[-75.709968,6.30775],[-75.709931,6.307701],[-75.709895,6.307658],[-75.709851,6.307621],[-75.709801,6.307587],[-75.709764,6.307544],[-75.709734,6.307477],[-75.709701,6.3074],[-75.709656,6.307318],[-75.709614,6.307236],[-75.709579,6.307179],[-75.709549,6.30712],[-75.709516,6.307063],[-75.709491,6.307008],[-75.709474,6.306931],[-75.709466,6.306831],[-75.709473,6.306734],[-75.709485,6.306637],[-75.70948,6.306583],[-75.709477,6.306518],[-75.709477,6.306483],[-75.709473,6.306409],[-75.709479,6.306349],[-75.709506,6.306158],[-75.709532,6.306008],[-75.70951,6.305868],[-75.709462,6.305753],[-75.709387,6.305654],[-75.709307,6.305554],[-75.709246,6.305507],[-75.709205,6.305458],[-75.709159,6.305393],[-75.70913,6.305317],[-75.709099,6.305261],[-75.709042,6.305183],[-75.708991,6.305159],[-75.708891,6.305114],[-75.708798,6.305058],[-75.708697,6.30496],[-75.708615,6.304875],[-75.70857,6.304821],[-75.708517,6.304752],[-75.708483,6.304692],[-75.708467,6.304647],[-75.708431,6.304591],[-75.708392,6.304531],[-75.708366,6.304466],[-75.708351,6.304432],[-75.708337,6.304383],[-75.708339,6.304255],[-75.708338,6.304168],[-75.708336,6.304083],[-75.708369,6.303957],[-75.708376,6.303912],[-75.708385,6.3038],[-75.708373,6.303719],[-75.70837,6.303628],[-75.708377,6.303551],[-75.708384,6.303462],[-75.708381,6.303388],[-75.708379,6.303343],[-75.708321,6.303233],[-75.708283,6.303166],[-75.70822,6.303059],[-75.708187,6.303005],[-75.708129,6.302887],[-75.708054,6.30273],[-75.708014,6.302627],[-75.70798,6.302555],[-75.707946,6.302481],[-75.707922,6.302394],[-75.707912,6.302309],[-75.7079,6.302206],[-75.707916,6.302103],[-75.707968,6.30197],[-75.70803,6.301923],[-75.708131,6.30188],[-75.708193,6.301833],[-75.708233,6.301766],[-75.708261,6.301638],[-75.708287,6.301514],[-75.708323,6.301387],[-75.708363,6.301259],[-75.708377,6.301158],[-75.708377,6.301091],[-75.708381,6.301037],[-75.708381,6.300999],[-75.708391,6.300952],[-75.708438,6.300884],[-75.708488,6.300821],[-75.708559,6.300727],[-75.7086,6.300669],[-75.708676,6.300606],[-75.708731,6.300547],[-75.708819,6.300502],[-75.708886,6.300491],[-75.708955,6.300479],[-75.708991,6.300481],[-75.709046,6.300526],[-75.709073,6.300553],[-75.709108,6.300546],[-75.709135,6.300508],[-75.709146,6.300458],[-75.709153,6.300402],[-75.709148,6.30036],[-75.709153,6.300317],[-75.709155,6.300272],[-75.709141,6.30023],[-75.709117,6.300194],[-75.709062,6.300149],[-75.708988,6.3001],[-75.708918,6.300042],[-75.70887,6.299986],[-75.708834,6.299926],[-75.7088,6.299821],[-75.708805,6.299724],[-75.7088,6.299626],[-75.708804,6.299552],[-75.708826,6.2995],[-75.708866,6.299428],[-75.708909,6.299343],[-75.708968,6.299249],[-75.708982,6.299146],[-75.709006,6.299022],[-75.709029,6.298903],[-75.709046,6.298794],[-75.709053,6.29872],[-75.709059,6.298639],[-75.709059,6.298563],[-75.709069,6.29848],[-75.709068,6.298374],[-75.70907,6.298327],[-75.709073,6.298291],[-75.70907,6.298229],[-75.709056,6.298183],[-75.709029,6.298121],[-75.708988,6.298038],[-75.708972,6.297965],[-75.708945,6.297906],[-75.708915,6.297863],[-75.708887,6.297821],[-75.708832,6.29775],[-75.708772,6.29768],[-75.708655,6.297578],[-75.708557,6.297485],[-75.708492,6.297425],[-75.708434,6.29735],[-75.708413,6.297305],[-75.708384,6.297254],[-75.70836,6.297209],[-75.708302,6.29714],[-75.708254,6.297068],[-75.708218,6.297005],[-75.708206,6.296956],[-75.708192,6.296898],[-75.708184,6.296826],[-75.708186,6.296764],[-75.708196,6.296701],[-75.7082,6.296672],[-75.70821,6.296598],[-75.708198,6.296548],[-75.708178,6.296506],[-75.708135,6.29647],[-75.708068,6.296439],[-75.708011,6.296414],[-75.707965,6.296394],[-75.707939,6.296372],[-75.707917,6.296325],[-75.707917,6.296298],[-75.707912,6.296242],[-75.707929,6.296144],[-75.707974,6.295926],[-75.707992,6.295814],[-75.707992,6.295697],[-75.707968,6.295619],[-75.707937,6.29555],[-75.707893,6.295483],[-75.70785,6.295411],[-75.707793,6.295344],[-75.707716,6.295252],[-75.707673,6.295205],[-75.707641,6.295163],[-75.707615,6.295123],[-75.7076,6.295055],[-75.7076,6.294993],[-75.707612,6.29491],[-75.707645,6.294838],[-75.707688,6.294744],[-75.707738,6.294656],[-75.707819,6.29451],[-75.707909,6.294355],[-75.707999,6.294162],[-75.708061,6.294039],[-75.708113,6.293935],[-75.708158,6.293852],[-75.708203,6.293783],[-75.708222,6.293722],[-75.708227,6.293668],[-75.708188,6.293604],[-75.708148,6.293566],[-75.70809,6.293503],[-75.70804,6.293422],[-75.708028,6.293369],[-75.708013,6.293313],[-75.707999,6.293257],[-75.707958,6.293161],[-75.707934,6.29306],[-75.707943,6.293006],[-75.70795,6.292952],[-75.707988,6.292891],[-75.708042,6.292861],[-75.708152,6.292876],[-75.708232,6.292896],[-75.708315,6.292888],[-75.708394,6.292827],[-75.708473,6.292749],[-75.708534,6.292681],[-75.708592,6.292625],[-75.708665,6.292526],[-75.708699,6.292459],[-75.708701,6.292374],[-75.708724,6.2923],[-75.708786,6.292266],[-75.708844,6.292259],[-75.708932,6.292281],[-75.70899,6.292306],[-75.709092,6.292355],[-75.709143,6.292343],[-75.709193,6.292296],[-75.709271,6.292213],[-75.709307,6.292159],[-75.709314,6.29211],[-75.709285,6.292063],[-75.709237,6.292049],[-75.709187,6.292038],[-75.709132,6.292023],[-75.709067,6.291987],[-75.709029,6.291949],[-75.708996,6.291913],[-75.708948,6.291849],[-75.708873,6.291759],[-75.708772,6.291636],[-75.708727,6.291578],[-75.708693,6.291533],[-75.708679,6.291498],[-75.708669,6.291453],[-75.708664,6.291426],[-75.708671,6.291401],[-75.708705,6.291365],[-75.708736,6.291345],[-75.708772,6.291334],[-75.708889,6.291318],[-75.70908,6.291308],[-75.709137,6.291306],[-75.709178,6.29129],[-75.709184,6.291196],[-75.709182,6.291144],[-75.70917,6.291077],[-75.709158,6.291019],[-75.709131,6.290974],[-75.70909,6.290923],[-75.70905,6.290882],[-75.708971,6.29084],[-75.708868,6.290811],[-75.708753,6.29078],[-75.70866,6.290742],[-75.708562,6.290716],[-75.708473,6.29066],[-75.708385,6.290595],[-75.708294,6.290515],[-75.708258,6.290466],[-75.708253,6.290419],[-75.708248,6.290356],[-75.708257,6.290322],[-75.708264,6.29028],[-75.708283,6.290246],[-75.708335,6.290129],[-75.708354,6.290035],[-75.708363,6.289952],[-75.708358,6.289887],[-75.708358,6.289838],[-75.708384,6.289784],[-75.708418,6.289705],[-75.708477,6.289656],[-75.708544,6.289598],[-75.708592,6.28955],[-75.708625,6.289503],[-75.708632,6.289461],[-75.708625,6.289398],[-75.7086,6.289326],[-75.70855,6.289248],[-75.708538,6.28923],[-75.708527,6.289218],[-75.708519,6.289209],[-75.708515,6.289205],[-75.708512,6.289202],[-75.708512,6.289202],[-75.708508,6.289199],[-75.708508,6.289198],[-75.708494,6.28918],[-75.708462,6.289145],[-75.708442,6.289121],[-75.708406,6.289087],[-75.708355,6.289034],[-75.708297,6.288959],[-75.708248,6.288854],[-75.708213,6.288757],[-75.708129,6.288625],[-75.708111,6.288541],[-75.708123,6.288409],[-75.708122,6.288107],[-75.70813,6.287988],[-75.708104,6.287866],[-75.708109,6.287767],[-75.708152,6.287683],[-75.708201,6.287588],[-75.70822,6.287437],[-75.708226,6.287348],[-75.708217,6.287235],[-75.708239,6.287102],[-75.708279,6.286992],[-75.708293,6.286911],[-75.708293,6.286843],[-75.70829,6.286733],[-75.708295,6.286635],[-75.708293,6.286606],[-75.708287,6.286547],[-75.708301,6.286511],[-75.708327,6.286487],[-75.708372,6.286444],[-75.708421,6.286373],[-75.708455,6.286271],[-75.708455,6.286195],[-75.708435,6.286111],[-75.708388,6.28602],[-75.708333,6.285931],[-75.708224,6.285802],[-75.708091,6.285694],[-75.708059,6.285673],[-75.70797,6.285646],[-75.707875,6.285644],[-75.707786,6.285628],[-75.707711,6.285566],[-75.707596,6.28545],[-75.707431,6.285262],[-75.707402,6.285213],[-75.70735,6.285138],[-75.707252,6.285001],[-75.707234,6.284955],[-75.707142,6.284858],[-75.707044,6.284713],[-75.706957,6.284618],[-75.706905,6.284557],[-75.706894,6.284503],[-75.706896,6.284462],[-75.706933,6.284368],[-75.706959,6.284281],[-75.707005,6.284154],[-75.707048,6.284049],[-75.707053,6.283971],[-75.707036,6.283927],[-75.707015,6.283863],[-75.706983,6.283723],[-75.706942,6.283407],[-75.706927,6.283299],[-75.706893,6.283237],[-75.706835,6.283135],[-75.706803,6.283059],[-75.706782,6.28297],[-75.706759,6.282884],[-75.706736,6.282798],[-75.706701,6.282679],[-75.706701,6.28259],[-75.706689,6.282496],[-75.706712,6.282415],[-75.706743,6.282355],[-75.706809,6.282277],[-75.706878,6.282177],[-75.707015,6.282009],[-75.707073,6.281941],[-75.707141,6.281871],[-75.707236,6.281768],[-75.707322,6.281692],[-75.707428,6.281654],[-75.707515,6.281635],[-75.707621,6.281621],[-75.707765,6.281586],[-75.707897,6.281531],[-75.708,6.281455],[-75.708055,6.281385],[-75.708077,6.281304],[-75.708083,6.281231],[-75.708106,6.281147],[-75.708111,6.281061],[-75.708122,6.280956],[-75.708125,6.280737],[-75.708139,6.280624],[-75.708184,6.280489],[-75.708224,6.280402],[-75.708258,6.280208],[-75.70826,6.280011],[-75.708269,6.279849],[-75.708291,6.279709],[-75.70834,6.279603],[-75.708385,6.27949],[-75.708419,6.279366],[-75.708436,6.279252],[-75.708425,6.279182],[-75.70839,6.279069],[-75.708387,6.278945],[-75.708441,6.278856],[-75.708463,6.278707],[-75.708526,6.278558],[-75.70856,6.278432],[-75.708586,6.278334],[-75.708611,6.278145],[-75.708608,6.278027],[-75.708582,6.277946],[-75.708556,6.277838],[-75.708486,6.277736],[-75.708446,6.277649],[-75.708428,6.277552],[-75.708448,6.277469],[-75.708474,6.277393],[-75.708502,6.277298],[-75.708502,6.277207],[-75.70855,6.277063],[-75.708602,6.276985],[-75.70861,6.276926],[-75.708581,6.276829],[-75.708526,6.276661],[-75.708503,6.276521],[-75.708514,6.276378],[-75.708513,6.276265],[-75.708533,6.276146],[-75.708561,6.275911],[-75.708584,6.27572],[-75.708629,6.275522],[-75.708649,6.27536],[-75.708654,6.275226],[-75.708631,6.275153],[-75.70857,6.275056],[-75.708466,6.274862],[-75.708469,6.274797],[-75.708509,6.274711],[-75.708612,6.274543],[-75.708686,6.274446],[-75.708732,6.274367],[-75.708752,6.274289],[-75.708754,6.274208],[-75.708777,6.274105],[-75.708846,6.274059],[-75.708944,6.273994],[-75.709035,6.273894],[-75.709078,6.273818],[-75.709101,6.27374],[-75.709098,6.273662],[-75.709106,6.273581],[-75.709114,6.273451],[-75.709117,6.273297],[-75.70914,6.273219],[-75.709174,6.2731],[-75.709211,6.273025],[-75.709245,6.272962],[-75.709297,6.272873],[-75.709345,6.272762],[-75.709339,6.27269],[-75.709333,6.272603],[-75.709345,6.272506],[-75.709364,6.27242],[-75.709367,6.272317],[-75.709358,6.272212],[-75.709366,6.272037],[-75.709386,6.27188],[-75.709428,6.271758],[-75.70946,6.271629],[-75.709468,6.271529],[-75.709427,6.2714],[-75.709424,6.271332],[-75.709461,6.271243],[-75.709539,6.271156],[-75.70959,6.271059],[-75.709625,6.270967],[-75.709621,6.27087],[-75.709624,6.270773],[-75.709638,6.270678],[-75.709638,6.270552],[-75.709623,6.270446],[-75.709594,6.27033],[-75.709504,6.270134],[-75.709414,6.270013],[-75.709371,6.26987],[-75.709422,6.269697],[-75.709494,6.269589],[-75.709594,6.269516],[-75.709709,6.269388],[-75.7098,6.269259],[-75.709886,6.269123],[-75.70989,6.269033],[-75.70989,6.269029],[-75.70989,6.269012],[-75.709892,6.268969],[-75.709892,6.268951],[-75.709893,6.268922],[-75.709894,6.268891],[-75.709895,6.268867],[-75.709895,6.26886],[-75.709896,6.268841],[-75.709897,6.268822],[-75.709898,6.268794],[-75.709898,6.268786],[-75.709898,6.268769],[-75.709899,6.26875],[-75.7099,6.26873],[-75.7099,6.268709],[-75.709901,6.268696],[-75.709901,6.268672],[-75.709902,6.268649],[-75.709903,6.268628],[-75.709903,6.268627],[-75.709903,6.268624],[-75.709905,6.268609],[-75.709907,6.268598],[-75.70991,6.268582],[-75.709912,6.268567],[-75.709914,6.268551],[-75.709917,6.268538],[-75.709922,6.268505],[-75.709931,6.268445],[-75.709936,6.268417],[-75.709939,6.268404],[-75.709945,6.268377],[-75.709956,6.268335],[-75.709971,6.268277],[-75.709977,6.26825],[-75.709983,6.26823],[-75.709987,6.268212],[-75.709992,6.268192],[-75.709999,6.268164],[-75.710007,6.268134],[-75.710015,6.2681],[-75.710017,6.268097],[-75.710021,6.268089],[-75.710034,6.268067],[-75.710051,6.268037],[-75.710067,6.268009],[-75.71014,6.267884],[-75.71015,6.267865],[-75.710159,6.267847],[-75.710168,6.26783],[-75.710171,6.267823],[-75.71018,6.267805],[-75.710212,6.267739],[-75.710247,6.267667],[-75.710254,6.267655],[-75.710261,6.26762],[-75.710274,6.267576],[-75.710298,6.267491],[-75.710303,6.267474],[-75.710306,6.267465],[-75.710307,6.26745],[-75.710308,6.267444],[-75.710308,6.267435],[-75.710311,6.26741],[-75.710311,6.267404],[-75.710312,6.267396],[-75.710319,6.267319],[-75.710321,6.2673],[-75.710323,6.267274],[-75.710323,6.267267],[-75.710323,6.267238],[-75.710324,6.267183],[-75.710324,6.267124],[-75.710324,6.267107],[-75.710324,6.267065],[-75.710324,6.267053],[-75.710324,6.267041],[-75.710325,6.267025],[-75.710327,6.267011],[-75.710331,6.266989],[-75.710338,6.26695],[-75.710343,6.266917],[-75.710345,6.26691],[-75.710348,6.266891],[-75.710351,6.266872],[-75.710356,6.266846],[-75.710357,6.266839],[-75.710359,6.266832],[-75.710361,6.266823],[-75.710364,6.266815],[-75.710366,6.266807],[-75.71037,6.266795],[-75.710374,6.26678],[-75.710382,6.26675],[-75.710388,6.26673],[-75.710398,6.266697],[-75.7104,6.266688],[-75.710403,6.266679],[-75.710406,6.266667],[-75.710409,6.266656],[-75.710414,6.266639],[-75.710418,6.266622],[-75.710421,6.266605],[-75.710527,6.266055],[-75.710528,6.266054],[-75.710528,6.265738],[-75.710503,6.265514],[-75.710609,6.265075],[-75.710721,6.264869],[-75.710758,6.264728],[-75.710787,6.264571],[-75.710785,6.264381],[-75.710707,6.26418],[-75.710602,6.26401],[-75.710555,6.263866],[-75.710617,6.263588],[-75.710729,6.263358],[-75.710746,6.263164],[-75.710748,6.262925],[-75.71073,6.26288],[-75.710677,6.262746],[-75.710577,6.262561],[-75.710468,6.262315],[-75.710382,6.262103],[-75.710315,6.261879],[-75.710279,6.261681],[-75.710269,6.261446],[-75.710287,6.261328],[-75.710319,6.261055],[-75.710328,6.261037],[-75.710337,6.260983],[-75.710356,6.260925],[-75.71037,6.260894],[-75.710381,6.260808],[-75.710375,6.260767],[-75.710374,6.260709],[-75.710368,6.260671],[-75.710343,6.260565],[-75.710322,6.260502],[-75.710311,6.260459],[-75.710294,6.260417],[-75.710267,6.260306],[-75.710276,6.260171],[-75.710282,6.260106],[-75.710278,6.260068],[-75.710269,6.260038],[-75.710271,6.259942],[-75.710293,6.2599],[-75.710307,6.259843],[-75.710321,6.259778],[-75.71035,6.259705],[-75.710383,6.259647],[-75.710401,6.259582],[-75.71041,6.259505],[-75.710424,6.259406],[-75.710407,6.259349],[-75.710375,6.259281],[-75.710389,6.259193],[-75.710387,6.259117],[-75.710371,6.259029],[-75.71035,6.258923],[-75.710298,6.258787],[-75.710237,6.258695],[-75.710236,6.258695],[-75.710184,6.258696],[-75.71015,6.258696],[-75.71013,6.258696],[-75.710112,6.258696],[-75.710091,6.258697],[-75.710055,6.258694],[-75.710009,6.25869],[-75.709956,6.258684],[-75.7099,6.258677],[-75.709846,6.258669],[-75.709802,6.25866],[-75.709762,6.258647],[-75.709705,6.258629],[-75.70964,6.258604],[-75.709579,6.258584],[-75.70952,6.258557],[-75.709467,6.258539],[-75.709415,6.258505],[-75.709372,6.258478],[-75.709334,6.258451],[-75.709296,6.258423],[-75.709264,6.258404],[-75.709226,6.258376],[-75.709174,6.258349],[-75.709117,6.258327],[-75.709059,6.258302],[-75.709004,6.258282],[-75.708952,6.258263],[-75.708901,6.258242],[-75.708851,6.258223],[-75.708797,6.258201],[-75.708738,6.258174],[-75.708673,6.258146],[-75.708604,6.258116],[-75.708541,6.25809],[-75.708486,6.25806],[-75.708437,6.258041],[-75.708389,6.258025],[-75.708344,6.258012],[-75.708305,6.258002],[-75.708264,6.25799],[-75.708231,6.257976],[-75.708191,6.257959],[-75.708144,6.25794],[-75.708102,6.257916],[-75.708055,6.257895],[-75.708014,6.257875],[-75.707981,6.257856],[-75.707947,6.257837],[-75.707916,6.257822],[-75.707875,6.257809],[-75.707843,6.257798],[-75.707803,6.25779],[-75.70776,6.257785],[-75.707711,6.257785],[-75.707666,6.257787],[-75.707626,6.257792],[-75.707591,6.257797],[-75.707555,6.257805],[-75.707509,6.257814],[-75.707429,6.257835],[-75.707396,6.257848],[-75.707356,6.257863],[-75.707309,6.257879],[-75.707263,6.257897],[-75.707211,6.257914],[-75.707172,6.257929],[-75.707123,6.257945],[-75.707091,6.257956],[-75.707067,6.257972],[-75.707034,6.25799],[-75.707007,6.258024],[-75.706973,6.258053],[-75.706937,6.258088],[-75.706904,6.258124],[-75.706886,6.258151],[-75.706871,6.258173],[-75.706856,6.258194],[-75.706837,6.258223],[-75.706816,6.258256],[-75.706799,6.258293],[-75.706783,6.25832],[-75.706768,6.258356],[-75.706754,6.258391],[-75.706739,6.258426],[-75.706722,6.258474],[-75.706705,6.258536],[-75.70668,6.258611],[-75.706664,6.258684],[-75.706651,6.258747],[-75.706642,6.258805],[-75.706633,6.258871],[-75.706625,6.258919],[-75.706617,6.258968],[-75.706606,6.259066],[-75.7066,6.259103],[-75.706592,6.259147],[-75.706581,6.259185],[-75.706568,6.259212],[-75.706555,6.259248],[-75.70654,6.259276],[-75.706524,6.25931],[-75.706507,6.259339],[-75.70649,6.259368],[-75.706433,6.259473],[-75.706406,6.259519],[-75.706375,6.259567],[-75.706343,6.259615],[-75.70631,6.259663],[-75.706273,6.259702],[-75.706241,6.25975],[-75.706202,6.259789],[-75.706163,6.259833],[-75.706131,6.259871],[-75.70609,6.259907],[-75.70605,6.259958],[-75.706004,6.259994],[-75.705964,6.260041],[-75.705923,6.260077],[-75.705883,6.260106],[-75.705843,6.260145],[-75.705798,6.260181],[-75.705752,6.260217],[-75.705712,6.260247],[-75.705667,6.260284],[-75.705616,6.260332],[-75.705511,6.260408],[-75.705471,6.260443],[-75.705432,6.26047],[-75.705398,6.260489],[-75.705362,6.260515],[-75.705315,6.260537],[-75.705275,6.260555],[-75.705229,6.260582],[-75.705174,6.260617],[-75.705125,6.26064],[-75.705078,6.260662],[-75.705037,6.260683],[-75.704989,6.260711],[-75.704935,6.260737],[-75.704872,6.260774],[-75.704806,6.260822],[-75.704742,6.260861],[-75.704691,6.260898],[-75.704638,6.260923],[-75.704596,6.260953],[-75.704546,6.260981],[-75.704486,6.261017],[-75.70443,6.261054],[-75.704372,6.261081],[-75.704319,6.261108],[-75.704274,6.261126],[-75.704237,6.26114],[-75.704198,6.261153],[-75.704167,6.261165],[-75.70414,6.261176],[-75.704114,6.261192],[-75.704076,6.261212],[-75.704006,6.261248],[-75.703955,6.26128],[-75.703927,6.261302],[-75.703839,6.261231],[-75.703819,6.261229],[-75.703784,6.261226],[-75.703746,6.26122],[-75.703727,6.261215],[-75.703676,6.261204],[-75.703631,6.261195],[-75.703573,6.261184],[-75.703505,6.261174],[-75.703437,6.261168],[-75.703365,6.261164],[-75.703294,6.261161],[-75.703228,6.261161],[-75.703161,6.261166],[-75.703108,6.261172],[-75.703068,6.26118],[-75.70303,6.261191],[-75.702992,6.261206],[-75.702966,6.261223],[-75.702935,6.261243],[-75.702898,6.26127],[-75.702855,6.261308],[-75.702798,6.261354],[-75.702761,6.261383],[-75.702729,6.261413],[-75.702709,6.261439],[-75.702691,6.261461],[-75.702672,6.261488],[-75.702655,6.261523],[-75.702637,6.261582],[-75.702621,6.261635],[-75.702606,6.2617],[-75.702598,6.261754],[-75.702595,6.261813],[-75.702596,6.26186],[-75.702602,6.261907],[-75.702612,6.261948],[-75.702627,6.262005],[-75.702646,6.262061],[-75.702662,6.262107],[-75.702676,6.262155],[-75.702689,6.262207],[-75.702715,6.262324],[-75.702725,6.26239],[-75.702733,6.262455],[-75.702739,6.262517],[-75.702739,6.262637],[-75.702737,6.262703],[-75.702728,6.262837],[-75.702723,6.262897],[-75.702717,6.262948],[-75.702709,6.263001],[-75.702701,6.263049],[-75.702688,6.2631],[-75.702677,6.26315],[-75.702662,6.26319],[-75.702647,6.263236],[-75.702631,6.263271],[-75.702615,6.263307],[-75.702595,6.263343],[-75.702564,6.263389],[-75.702536,6.26344],[-75.702509,6.263479],[-75.702487,6.263506],[-75.702461,6.263542],[-75.702439,6.263579],[-75.702413,6.263608],[-75.70239,6.263635],[-75.702372,6.26365],[-75.702358,6.263663],[-75.70234,6.263674],[-75.702319,6.263686],[-75.702299,6.263698],[-75.702208,6.263729],[-75.702149,6.263756],[-75.702083,6.263776],[-75.702016,6.263798],[-75.701951,6.263816],[-75.70189,6.26383],[-75.70183,6.263845],[-75.701767,6.26386],[-75.701706,6.263876],[-75.701635,6.263892],[-75.701562,6.263909],[-75.701487,6.263924],[-75.701418,6.263938],[-75.701356,6.263955],[-75.701297,6.263969],[-75.701244,6.263984],[-75.701196,6.264002],[-75.701148,6.26402],[-75.701091,6.264048],[-75.701039,6.264068],[-75.700987,6.264095],[-75.700935,6.264123],[-75.700896,6.264151],[-75.700857,6.264171],[-75.700816,6.264199],[-75.700769,6.264227],[-75.700717,6.264264],[-75.700664,6.264298],[-75.700612,6.264335],[-75.700564,6.264373],[-75.700516,6.264418],[-75.700476,6.264452],[-75.700442,6.264497],[-75.70041,6.264523],[-75.700382,6.264552],[-75.700357,6.264577],[-75.700316,6.264615],[-75.700295,6.264631],[-75.700275,6.264648],[-75.700248,6.264665],[-75.700224,6.264683],[-75.700209,6.264696],[-75.700191,6.264709],[-75.700165,6.264725],[-75.700144,6.264739],[-75.700123,6.264754],[-75.700105,6.264768],[-75.700089,6.264781],[-75.700075,6.264794],[-75.700056,6.264818],[-75.700056,6.264819],[-75.700045,6.264851],[-75.700035,6.264878],[-75.700023,6.264905],[-75.700004,6.264939],[-75.699977,6.264979],[-75.699955,6.265008],[-75.699917,6.265056],[-75.699876,6.265124],[-75.699846,6.265175],[-75.699815,6.265231],[-75.699789,6.265282],[-75.699762,6.265332],[-75.699722,6.2654],[-75.699683,6.265467],[-75.699648,6.265534],[-75.699608,6.265592],[-75.699582,6.26564],[-75.69955,6.265691],[-75.699516,6.265738],[-75.699485,6.265787],[-75.699458,6.265826],[-75.699432,6.265878],[-75.699401,6.265925],[-75.699375,6.265976],[-75.699344,6.266034],[-75.69932,6.266082],[-75.699304,6.266119],[-75.699288,6.266147],[-75.699271,6.26619],[-75.699249,6.266238],[-75.699228,6.266279],[-75.699215,6.266308],[-75.699207,6.266343],[-75.699203,6.26637],[-75.699199,6.266406],[-75.699197,6.266461],[-75.699196,6.266481],[-75.699189,6.266521],[-75.699183,6.266564],[-75.699183,6.26659],[-75.699184,6.266612],[-75.699186,6.26663],[-75.699199,6.266688],[-75.699208,6.266709],[-75.699213,6.266721],[-75.699214,6.266748],[-75.699215,6.266778],[-75.69922,6.266851],[-75.699222,6.266871],[-75.699226,6.266928],[-75.699231,6.266981],[-75.699234,6.267031],[-75.699235,6.267065],[-75.699234,6.267102],[-75.699229,6.267131],[-75.699221,6.267168],[-75.69921,6.267217],[-75.699194,6.267285],[-75.699178,6.267352],[-75.699157,6.267415],[-75.699116,6.267539],[-75.69907,6.267668],[-75.69905,6.267717],[-75.699029,6.267756],[-75.699012,6.267794],[-75.698993,6.267823],[-75.698973,6.267872],[-75.698933,6.267946],[-75.698882,6.268037],[-75.698826,6.268135],[-75.698769,6.268226],[-75.698716,6.268308],[-75.698665,6.268387],[-75.698616,6.268458],[-75.698568,6.268524],[-75.698522,6.268588],[-75.69849,6.268629],[-75.698451,6.268673],[-75.698426,6.268699],[-75.698391,6.268736],[-75.698351,6.268772],[-75.698312,6.26882],[-75.698213,6.268965],[-75.698166,6.269044],[-75.698116,6.26912],[-75.698066,6.269189],[-75.69802,6.269256],[-75.697981,6.269315],[-75.697941,6.269374],[-75.697897,6.269448],[-75.697857,6.269528],[-75.697812,6.269617],[-75.697765,6.269716],[-75.697716,6.269815],[-75.697663,6.269908],[-75.69761,6.27],[-75.697564,6.270087],[-75.697524,6.270165],[-75.697486,6.27023],[-75.697434,6.270336],[-75.69741,6.270384],[-75.697379,6.270438],[-75.697341,6.270507],[-75.697298,6.270589],[-75.697245,6.270679],[-75.697187,6.270777],[-75.697129,6.270873],[-75.697073,6.270962],[-75.697024,6.27104],[-75.696978,6.271104],[-75.696945,6.271171],[-75.696914,6.271245],[-75.696888,6.271315],[-75.696862,6.271389],[-75.696842,6.271455],[-75.696827,6.271495],[-75.696811,6.271541],[-75.696796,6.27158],[-75.696779,6.271635],[-75.696762,6.271682],[-75.696743,6.271748],[-75.696721,6.271826],[-75.696697,6.271917],[-75.696678,6.272006],[-75.696661,6.272073],[-75.696644,6.272131],[-75.696628,6.272197],[-75.696603,6.272272],[-75.696585,6.272357],[-75.696568,6.272435],[-75.696551,6.272502],[-75.696534,6.272554],[-75.696517,6.272593],[-75.696498,6.272619],[-75.696475,6.272655],[-75.696443,6.272692],[-75.696404,6.272729],[-75.696351,6.272763],[-75.696312,6.272781],[-75.696241,6.272807],[-75.696201,6.272821],[-75.696152,6.272838],[-75.696083,6.272858],[-75.696012,6.272886],[-75.695937,6.272913],[-75.695861,6.272936],[-75.695787,6.272957],[-75.69571,6.272977],[-75.695637,6.272993],[-75.695573,6.273006],[-75.69552,6.273018],[-75.695473,6.273026],[-75.6954,6.273039],[-75.695362,6.273047],[-75.695315,6.273059],[-75.695253,6.273075],[-75.695181,6.273101],[-75.695098,6.273129],[-75.695018,6.273157],[-75.694944,6.273184],[-75.694875,6.273201],[-75.694806,6.273236],[-75.694737,6.273267],[-75.694668,6.273294],[-75.694599,6.27333],[-75.69453,6.273364],[-75.694463,6.273385],[-75.694399,6.273401],[-75.694336,6.273415],[-75.694274,6.273427],[-75.694215,6.273435],[-75.69416,6.27344],[-75.6941,6.273447],[-75.694035,6.273457],[-75.693971,6.273464],[-75.693916,6.273471],[-75.693871,6.273476],[-75.693839,6.273482],[-75.693811,6.273493],[-75.693779,6.273508],[-75.693731,6.273536],[-75.693671,6.273577],[-75.693601,6.273628],[-75.69353,6.273689],[-75.693463,6.273755],[-75.693406,6.273813],[-75.69332,6.2739],[-75.693295,6.273928],[-75.693274,6.273954],[-75.693242,6.273989],[-75.693176,6.274085],[-75.693137,6.274132],[-75.693097,6.274182],[-75.693065,6.27422],[-75.693027,6.274264],[-75.692995,6.274299],[-75.692957,6.274354],[-75.692906,6.274409],[-75.692854,6.274475],[-75.692801,6.274526],[-75.692752,6.274574],[-75.692698,6.274628],[-75.692644,6.274683],[-75.692592,6.274737],[-75.692536,6.274796],[-75.692482,6.274866],[-75.692428,6.274919],[-75.692388,6.274969],[-75.692356,6.275005],[-75.692328,6.275047],[-75.692289,6.275084],[-75.692246,6.275121],[-75.6922,6.275149],[-75.692153,6.275177],[-75.692068,6.275219],[-75.692022,6.275241],[-75.691975,6.275262],[-75.691913,6.275297],[-75.691852,6.275335],[-75.691798,6.27537],[-75.691744,6.275398],[-75.691704,6.275427],[-75.691663,6.275446],[-75.691618,6.275475],[-75.691572,6.275492],[-75.691526,6.275506],[-75.691486,6.275517],[-75.691453,6.275524],[-75.691414,6.27553],[-75.691383,6.275531],[-75.691204,6.275532],[-75.691146,6.275531],[-75.691075,6.27553],[-75.69092,6.275524],[-75.690767,6.275524],[-75.690694,6.275528],[-75.69062,6.275535],[-75.69055,6.27554],[-75.690488,6.27554],[-75.690436,6.275538],[-75.690392,6.275534],[-75.690373,6.275531],[-75.690348,6.275528],[-75.690303,6.275524],[-75.690252,6.275524],[-75.690205,6.275528],[-75.690157,6.275537],[-75.690098,6.275551],[-75.690039,6.275566],[-75.689987,6.27558],[-75.689944,6.275594],[-75.689912,6.275607],[-75.689884,6.275623],[-75.689859,6.275642],[-75.689828,6.275662],[-75.689789,6.27569],[-75.689734,6.275725],[-75.689662,6.275776],[-75.689578,6.275834],[-75.689489,6.275891],[-75.68939,6.275958],[-75.689294,6.27602],[-75.689202,6.276079],[-75.689114,6.27613],[-75.689028,6.276177],[-75.688951,6.276225],[-75.688888,6.276265],[-75.68884,6.276302],[-75.688802,6.276328],[-75.68877,6.276365],[-75.688736,6.276404],[-75.688697,6.276452],[-75.688652,6.276524],[-75.688595,6.276607],[-75.688536,6.276694],[-75.688477,6.27679],[-75.688422,6.27687],[-75.688389,6.276944],[-75.688358,6.27702],[-75.688325,6.277095],[-75.688306,6.27717],[-75.688288,6.277242],[-75.688271,6.277291],[-75.688252,6.27734],[-75.688227,6.277399],[-75.688202,6.277461],[-75.688162,6.277531],[-75.688118,6.277614],[-75.688063,6.2777],[-75.688015,6.27777],[-75.687982,6.277825],[-75.687956,6.277862],[-75.687935,6.27789],[-75.687914,6.277928],[-75.687882,6.277979],[-75.687843,6.278019],[-75.687803,6.278077],[-75.687693,6.278204],[-75.687628,6.278279],[-75.687553,6.27837],[-75.687482,6.278463],[-75.687414,6.278547],[-75.687358,6.278613],[-75.687312,6.278665],[-75.68728,6.278713],[-75.687259,6.27874],[-75.687243,6.278767],[-75.687226,6.278788],[-75.687217,6.278804],[-75.687201,6.278828],[-75.687185,6.278848],[-75.687155,6.278878],[-75.687108,6.278947],[-75.687055,6.279016],[-75.687007,6.27908],[-75.686974,6.279122],[-75.686942,6.279163],[-75.686932,6.279178],[-75.686908,6.279206],[-75.686876,6.279242],[-75.686843,6.27928],[-75.686804,6.279328],[-75.686772,6.279359],[-75.686765,6.279366],[-75.686725,6.279406],[-75.686685,6.279443],[-75.686659,6.279478],[-75.686633,6.279497],[-75.686606,6.279519],[-75.686591,6.279532],[-75.686556,6.279549],[-75.68651,6.279566],[-75.68646,6.279579],[-75.686406,6.27959],[-75.686358,6.2796],[-75.686316,6.279608],[-75.686264,6.279615],[-75.686207,6.279623],[-75.686147,6.279632],[-75.686082,6.279639],[-75.686018,6.279644],[-75.685957,6.279645],[-75.685904,6.279645],[-75.685851,6.279644],[-75.685811,6.279641],[-75.685763,6.27964],[-75.685709,6.27964],[-75.685648,6.279643],[-75.685579,6.279649],[-75.685507,6.279656],[-75.685441,6.279667],[-75.68538,6.279677],[-75.685323,6.279691],[-75.685266,6.279706],[-75.685206,6.279722],[-75.685148,6.279738],[-75.685095,6.279753],[-75.685049,6.279765],[-75.684979,6.279792],[-75.684934,6.279809],[-75.684879,6.279828],[-75.684816,6.279848],[-75.684755,6.279866],[-75.684692,6.279884],[-75.684634,6.2799],[-75.684569,6.279918],[-75.684498,6.27994],[-75.68442,6.279959],[-75.684343,6.279997],[-75.684272,6.280016],[-75.684205,6.280046],[-75.684136,6.280068],[-75.684065,6.280085],[-75.683984,6.280114],[-75.6839,6.280142],[-75.683818,6.28017],[-75.683746,6.280189],[-75.683683,6.280207],[-75.683638,6.280216],[-75.683628,6.280218],[-75.683583,6.28023],[-75.683544,6.280242],[-75.683497,6.280259],[-75.683425,6.280287],[-75.683336,6.280326],[-75.683236,6.280383],[-75.683135,6.280443],[-75.683041,6.280499],[-75.682959,6.280547],[-75.682889,6.280585],[-75.682827,6.280613],[-75.682777,6.280649],[-75.68274,6.280669],[-75.682701,6.280689],[-75.682659,6.280717],[-75.682602,6.28075],[-75.682532,6.28079],[-75.682454,6.28084],[-75.682372,6.280886],[-75.682285,6.280942],[-75.682197,6.281004],[-75.682129,6.281057],[-75.682074,6.281085],[-75.682035,6.281121],[-75.681996,6.28115],[-75.681964,6.281177],[-75.681937,6.281205],[-75.681907,6.281234],[-75.681873,6.281272],[-75.681838,6.281319],[-75.681793,6.281358],[-75.681761,6.281397],[-75.681723,6.281426],[-75.681682,6.281465],[-75.681637,6.281492],[-75.681597,6.28153],[-75.68156,6.281549],[-75.681535,6.281566],[-75.681502,6.281582],[-75.681471,6.281599],[-75.681414,6.281619],[-75.681344,6.281646],[-75.681273,6.281673],[-75.681205,6.281694],[-75.681144,6.28171],[-75.68109,6.281725],[-75.681035,6.281739],[-75.680993,6.281751],[-75.68095,6.281766],[-75.680904,6.28178],[-75.680854,6.281796],[-75.680804,6.281812],[-75.68075,6.281829],[-75.68063,6.28186],[-75.680565,6.281876],[-75.680501,6.281892],[-75.680437,6.281907],[-75.68032,6.28194],[-75.680253,6.281957],[-75.680174,6.281981],[-75.680086,6.282002],[-75.680002,6.282023],[-75.679917,6.282043],[-75.679837,6.282063],[-75.679762,6.282084],[-75.679693,6.282102],[-75.679631,6.282122],[-75.679569,6.282141],[-75.679502,6.282167],[-75.679426,6.282203],[-75.679349,6.282249],[-75.679271,6.282289],[-75.679192,6.282347],[-75.679114,6.282407],[-75.679049,6.282459],[-75.678997,6.282495],[-75.678965,6.282522],[-75.67892,6.282561],[-75.678858,6.282609],[-75.678796,6.282666],[-75.678747,6.282721],[-75.6787,6.282757],[-75.678666,6.282793],[-75.678627,6.28283],[-75.678594,6.282868],[-75.678557,6.282907],[-75.67851,6.282949],[-75.678462,6.283001],[-75.678409,6.283041],[-75.678367,6.283078],[-75.678341,6.283106],[-75.678322,6.283122],[-75.678296,6.283157],[-75.678262,6.283193],[-75.678231,6.283242],[-75.6782,6.283278],[-75.678175,6.283314],[-75.678143,6.28335],[-75.678118,6.283377],[-75.678093,6.283414],[-75.678059,6.283459],[-75.678029,6.283509],[-75.67799,6.283564],[-75.677946,6.283621],[-75.677908,6.283668],[-75.67788,6.283706],[-75.677849,6.283754],[-75.677817,6.283796],[-75.677786,6.283844],[-75.677747,6.283903],[-75.677714,6.283959],[-75.677677,6.284008],[-75.677649,6.284044],[-75.677629,6.284082],[-75.677611,6.284111],[-75.67759,6.284149],[-75.677565,6.284188],[-75.67754,6.284242],[-75.677508,6.284298],[-75.677481,6.28436],[-75.677456,6.284417],[-75.677436,6.284466],[-75.677417,6.284515],[-75.677392,6.28456],[-75.677373,6.284607],[-75.677356,6.284635],[-75.677341,6.284662],[-75.677326,6.284692],[-75.677312,6.284711],[-75.677295,6.284738],[-75.677276,6.284767],[-75.677255,6.284802],[-75.67723,6.28485],[-75.677204,6.284888],[-75.677183,6.284933],[-75.677165,6.284968],[-75.677149,6.284996],[-75.67713,6.285032],[-75.677111,6.285058],[-75.67709,6.285086],[-75.677058,6.285115],[-75.677018,6.285153],[-75.676977,6.2852],[-75.676938,6.285235],[-75.676906,6.285264],[-75.676874,6.285283],[-75.676852,6.2853],[-75.67683,6.285319],[-75.676784,6.285347],[-75.676736,6.285375],[-75.676699,6.285393],[-75.676681,6.285414],[-75.676649,6.285443],[-75.676603,6.28548],[-75.676564,6.285519],[-75.676532,6.285545],[-75.676507,6.285572],[-75.676472,6.285601],[-75.676432,6.285647],[-75.676399,6.285684],[-75.676359,6.285721],[-75.676319,6.285765],[-75.676277,6.285805],[-75.676245,6.285839],[-75.676225,6.285859],[-75.676207,6.285886],[-75.676178,6.285923],[-75.676146,6.285961],[-75.676119,6.286001],[-75.676087,6.286031],[-75.676044,6.286077],[-75.676008,6.286112],[-75.67596,6.286147],[-75.675914,6.286194],[-75.675867,6.286225],[-75.675827,6.286259],[-75.675788,6.286298],[-75.67575,6.286325],[-75.675713,6.28636],[-75.675686,6.286382],[-75.675664,6.286404],[-75.675638,6.286424],[-75.675614,6.28645],[-75.675576,6.286487],[-75.675549,6.286513],[-75.675483,6.286586],[-75.675444,6.286624],[-75.675412,6.286669],[-75.675381,6.286706],[-75.675349,6.286742],[-75.675311,6.286792],[-75.675265,6.286839],[-75.67516,6.286941],[-75.675116,6.286987],[-75.675075,6.287023],[-75.674988,6.287108],[-75.674932,6.287158],[-75.674882,6.287208],[-75.674841,6.287246],[-75.674809,6.287283],[-75.674777,6.287312],[-75.674746,6.287346],[-75.674707,6.287383],[-75.674674,6.287419],[-75.674643,6.287457],[-75.674611,6.287485],[-75.674584,6.287504],[-75.674545,6.287541],[-75.674506,6.287579],[-75.674473,6.287608],[-75.67442,6.287652],[-75.674402,6.287668],[-75.674369,6.287694],[-75.674318,6.287742],[-75.674256,6.287791],[-75.6742,6.287841],[-75.674153,6.287875],[-75.674107,6.287912],[-75.674063,6.287949],[-75.674029,6.287985],[-75.673995,6.288015],[-75.673949,6.288042],[-75.673911,6.288078],[-75.673865,6.288121],[-75.673827,6.288155],[-75.673801,6.28818],[-75.673774,6.288208],[-75.673748,6.288244],[-75.673716,6.288272],[-75.673658,6.288338],[-75.673631,6.288365],[-75.673601,6.288404],[-75.673535,6.288472],[-75.673497,6.288509],[-75.673493,6.288515],[-75.673463,6.288556],[-75.673432,6.288594],[-75.6734,6.288639],[-75.673368,6.288677],[-75.673349,6.288723],[-75.673335,6.28875],[-75.673322,6.28878],[-75.67331,6.288817],[-75.6733,6.288846],[-75.67329,6.288892],[-75.673276,6.28893],[-75.673244,6.289004],[-75.673224,6.289049],[-75.673202,6.289084],[-75.673176,6.289121],[-75.673154,6.289158],[-75.673127,6.289187],[-75.673109,6.289224],[-75.673096,6.289256],[-75.673089,6.28932],[-75.673084,6.28933],[-75.673076,6.289359],[-75.673065,6.289392],[-75.673033,6.289469],[-75.673021,6.289491],[-75.673012,6.289516],[-75.673005,6.289539],[-75.672996,6.28958],[-75.672991,6.289613],[-75.672988,6.289633],[-75.672982,6.28966],[-75.672975,6.289708],[-75.67297,6.289742],[-75.672965,6.289777],[-75.672962,6.289811],[-75.672958,6.28983],[-75.672956,6.289858],[-75.672937,6.289968],[-75.672908,6.290054],[-75.67289,6.290096],[-75.672872,6.290144],[-75.672852,6.290191],[-75.672832,6.290255],[-75.672804,6.290324],[-75.672772,6.290397],[-75.672746,6.290465],[-75.67272,6.290528],[-75.672689,6.290582],[-75.672663,6.290632],[-75.672643,6.290681],[-75.672626,6.290731],[-75.672598,6.290778],[-75.672579,6.290825],[-75.672555,6.290864],[-75.672534,6.290901],[-75.672516,6.29093],[-75.672496,6.290965],[-75.672478,6.291003],[-75.672453,6.291051],[-75.672422,6.291099],[-75.672391,6.291148],[-75.672364,6.291196],[-75.672346,6.291227],[-75.672329,6.291254],[-75.672314,6.291281],[-75.672299,6.291315],[-75.672283,6.291351],[-75.672268,6.291387],[-75.672255,6.291422],[-75.672243,6.291449],[-75.672229,6.291485],[-75.672214,6.29152],[-75.672197,6.29157],[-75.672178,6.291624],[-75.672157,6.291694],[-75.672138,6.291771],[-75.672123,6.291844],[-75.67211,6.291903],[-75.672091,6.292014],[-75.672084,6.292051],[-75.672077,6.292098],[-75.672069,6.292127],[-75.672063,6.292163],[-75.672056,6.292192],[-75.672048,6.292221],[-75.672039,6.292257],[-75.672026,6.292296],[-75.672012,6.292345],[-75.671997,6.292387],[-75.67198,6.292444],[-75.671963,6.292498],[-75.671938,6.292565],[-75.671916,6.292639],[-75.67189,6.292713],[-75.671837,6.292856],[-75.671817,6.292925],[-75.671792,6.293],[-75.671767,6.293077],[-75.671745,6.293151],[-75.671727,6.293223],[-75.671713,6.293281],[-75.671699,6.293344],[-75.671688,6.293393],[-75.671678,6.293442],[-75.671667,6.293497],[-75.671661,6.293555],[-75.671654,6.293611],[-75.671648,6.293665],[-75.671643,6.293722],[-75.671635,6.293781],[-75.671629,6.293837],[-75.671622,6.293894],[-75.671615,6.293944],[-75.671607,6.293994],[-75.671597,6.294041],[-75.671585,6.294115],[-75.671571,6.294198],[-75.67156,6.294282],[-75.671551,6.294366],[-75.671541,6.294453],[-75.671529,6.294545],[-75.671519,6.294644],[-75.67151,6.29474],[-75.671502,6.29483],[-75.671497,6.294915],[-75.67149,6.294992],[-75.671486,6.29506],[-75.67148,6.295123],[-75.671476,6.295193],[-75.67147,6.29525],[-75.671464,6.295316],[-75.671459,6.295388],[-75.671453,6.295462],[-75.671449,6.295544],[-75.671444,6.295634],[-75.67144,6.295827],[-75.671437,6.295921],[-75.671435,6.296009],[-75.671435,6.296178],[-75.671439,6.296274],[-75.671446,6.296489],[-75.671445,6.296595],[-75.671439,6.296703],[-75.671432,6.296806],[-75.671424,6.296906],[-75.671419,6.297006],[-75.671411,6.297105],[-75.671405,6.297198],[-75.6714,6.297284],[-75.671394,6.297361],[-75.671392,6.297428],[-75.671389,6.297496],[-75.671386,6.297544],[-75.671385,6.297598],[-75.671383,6.297656],[-75.671382,6.297711],[-75.671381,6.297776],[-75.671381,6.297845],[-75.67138,6.297915],[-75.671378,6.297984],[-75.671377,6.298032],[-75.671377,6.298043],[-75.671373,6.298139],[-75.671369,6.298178],[-75.671365,6.298234],[-75.671359,6.298302],[-75.671353,6.29838],[-75.671345,6.298456],[-75.671337,6.298524],[-75.671329,6.298588],[-75.67132,6.298655],[-75.671311,6.298738],[-75.671303,6.298834],[-75.671298,6.298942],[-75.671297,6.299051],[-75.671298,6.299143],[-75.671302,6.299218],[-75.671312,6.299329],[-75.671317,6.299366],[-75.67132,6.299393],[-75.671325,6.299422],[-75.671332,6.299451],[-75.671339,6.299486],[-75.671345,6.299514],[-75.671348,6.299538],[-75.671354,6.299631],[-75.671358,6.299705],[-75.671363,6.299781],[-75.671369,6.299855],[-75.671375,6.299922],[-75.67138,6.299992],[-75.671385,6.300055],[-75.67139,6.300115],[-75.671398,6.300182],[-75.671406,6.300259],[-75.671417,6.300338],[-75.671427,6.300416],[-75.671438,6.300488],[-75.671447,6.300549],[-75.671457,6.300606],[-75.671466,6.300653],[-75.67149,6.300762],[-75.671506,6.300836],[-75.671522,6.300925],[-75.671542,6.301012],[-75.67156,6.301088],[-75.671576,6.301167],[-75.671589,6.301245],[-75.671602,6.30132],[-75.67161,6.301388],[-75.671619,6.301452],[-75.671622,6.301494],[-75.671626,6.30153],[-75.671628,6.301565],[-75.671632,6.301613],[-75.671634,6.30166],[-75.67164,6.301711],[-75.671646,6.301769],[-75.671663,6.301915],[-75.67169,6.302101],[-75.671705,6.302197],[-75.671719,6.30228],[-75.671735,6.302352],[-75.671748,6.302421],[-75.671761,6.302489],[-75.671774,6.30256],[-75.671786,6.302628],[-75.671797,6.30269],[-75.671809,6.302753],[-75.671834,6.302893],[-75.671848,6.302966],[-75.67186,6.303042],[-75.671872,6.303113],[-75.671884,6.30318],[-75.671897,6.303244],[-75.671908,6.303305],[-75.67192,6.303371],[-75.67193,6.303428],[-75.671942,6.303477],[-75.671969,6.303611],[-75.671982,6.303677],[-75.671992,6.303739],[-75.672001,6.303789],[-75.672008,6.303836],[-75.67202,6.303932],[-75.672027,6.303987],[-75.672035,6.304033],[-75.672047,6.304095],[-75.672061,6.304158],[-75.672076,6.304223],[-75.672091,6.304285],[-75.672106,6.304349],[-75.67212,6.304389],[-75.672128,6.304418],[-75.672134,6.304446],[-75.672138,6.304472],[-75.672139,6.304501],[-75.672139,6.304573],[-75.672137,6.3046],[-75.672131,6.304634],[-75.672121,6.304678],[-75.672106,6.304724],[-75.672089,6.304763],[-75.67207,6.304809],[-75.672056,6.304859],[-75.672045,6.304897],[-75.672037,6.304923],[-75.672032,6.304952],[-75.672016,6.304998],[-75.672005,6.305036],[-75.671993,6.305071],[-75.671986,6.3051],[-75.67198,6.305122],[-75.671976,6.30516],[-75.671971,6.305209],[-75.671966,6.305265],[-75.671962,6.305335],[-75.671963,6.305608],[-75.671962,6.305668],[-75.671962,6.305791],[-75.671963,6.305841],[-75.671968,6.305888],[-75.671974,6.305927],[-75.67198,6.305981],[-75.671982,6.306045],[-75.671982,6.306112],[-75.67198,6.30618],[-75.671975,6.306228],[-75.671967,6.306304],[-75.671958,6.306388],[-75.671935,6.306555],[-75.671923,6.306631],[-75.671909,6.306702],[-75.671898,6.306771],[-75.671889,6.306836],[-75.671877,6.306885],[-75.671867,6.306943],[-75.671853,6.306989],[-75.671837,6.307044],[-75.67182,6.307104],[-75.671803,6.307169],[-75.671784,6.307233],[-75.671764,6.307291],[-75.671747,6.307346],[-75.671729,6.307395],[-75.671676,6.307512],[-75.671651,6.307571],[-75.67163,6.307612],[-75.67161,6.307662],[-75.67159,6.3077],[-75.671568,6.307749],[-75.671549,6.307796],[-75.671522,6.307842],[-75.671497,6.307891],[-75.671458,6.307954],[-75.671419,6.308013],[-75.671386,6.308065],[-75.671347,6.308107],[-75.671315,6.308153],[-75.671283,6.308193],[-75.671243,6.308243],[-75.671205,6.308293],[-75.671159,6.30834],[-75.671119,6.308391],[-75.67108,6.308441],[-75.671045,6.308498],[-75.670974,6.308582],[-75.670941,6.30862],[-75.670898,6.308669],[-75.670852,6.308707],[-75.670812,6.308748],[-75.670779,6.308786],[-75.670754,6.308812],[-75.670727,6.308858],[-75.670684,6.308907],[-75.670638,6.308955],[-75.670596,6.308992],[-75.670564,6.30902],[-75.67053,6.309047],[-75.670497,6.309074],[-75.670466,6.309103],[-75.67044,6.309131],[-75.670412,6.309157],[-75.670373,6.3092],[-75.670337,6.309237],[-75.670305,6.309272],[-75.670279,6.309298],[-75.670267,6.30931],[-75.670252,6.309333],[-75.670233,6.30936],[-75.670219,6.309384],[-75.670158,6.3095],[-75.67006,6.309563],[-75.670003,6.309615],[-75.669947,6.309653],[-75.669891,6.309706],[-75.669828,6.309761],[-75.669768,6.309834],[-75.669714,6.309907],[-75.66968,6.309966],[-75.669641,6.310023],[-75.669602,6.31008],[-75.669572,6.310127],[-75.669553,6.310155],[-75.66952,6.310201],[-75.669489,6.310249],[-75.669457,6.310298],[-75.669418,6.310348],[-75.669327,6.31046],[-75.669275,6.310514],[-75.669218,6.310545],[-75.669132,6.31058],[-75.669051,6.310616],[-75.668981,6.310678],[-75.668935,6.310773],[-75.668925,6.310815],[-75.668903,6.310871],[-75.668891,6.310901],[-75.668863,6.310954],[-75.668847,6.311003],[-75.668816,6.31105],[-75.668788,6.31109],[-75.668756,6.311139],[-75.668724,6.311196],[-75.6687,6.311232],[-75.66868,6.311269],[-75.668661,6.311296],[-75.66864,6.311341],[-75.668615,6.311389],[-75.668593,6.311427],[-75.668575,6.311453],[-75.66856,6.311491],[-75.668544,6.311528],[-75.66853,6.311561],[-75.668516,6.311598],[-75.668502,6.311636],[-75.668492,6.311666],[-75.668487,6.311685],[-75.668485,6.311694],[-75.668453,6.311714],[-75.668453,6.311714],[-75.668453,6.311714],[-75.668506,6.31192],[-75.668506,6.311937],[-75.668511,6.311961],[-75.668521,6.312012],[-75.668526,6.312039],[-75.668532,6.312093],[-75.66854,6.312137],[-75.668545,6.312173],[-75.668545,6.312235],[-75.668546,6.312255],[-75.668551,6.312283],[-75.668554,6.312318],[-75.668561,6.312354],[-75.668567,6.312392],[-75.668575,6.312425],[-75.668588,6.312464],[-75.668608,6.312541],[-75.668632,6.312612],[-75.668649,6.31267],[-75.668664,6.312718],[-75.668682,6.312759],[-75.668702,6.312814],[-75.668724,6.312875],[-75.668744,6.312921],[-75.668769,6.312983],[-75.668795,6.31305],[-75.668833,6.313123],[-75.66886,6.313193],[-75.668894,6.313257],[-75.668919,6.313319],[-75.668946,6.313376],[-75.66897,6.313438],[-75.668997,6.313492],[-75.669016,6.313552],[-75.669035,6.313595],[-75.669052,6.313656],[-75.669068,6.313722],[-75.669081,6.313791],[-75.669094,6.313844],[-75.669108,6.313905],[-75.669122,6.31397],[-75.669136,6.314042],[-75.66915,6.314117],[-75.669161,6.314179],[-75.669173,6.314247],[-75.669181,6.314318],[-75.66919,6.314393],[-75.669197,6.314482],[-75.669198,6.314577],[-75.669194,6.31466],[-75.669186,6.314738],[-75.669178,6.314805],[-75.669171,6.314843],[-75.669164,6.31487],[-75.669158,6.314897],[-75.669153,6.314932],[-75.669149,6.314979],[-75.669148,6.315016],[-75.669148,6.315087],[-75.66915,6.315123],[-75.669153,6.315161],[-75.669158,6.315197],[-75.669165,6.315223],[-75.669176,6.31526],[-75.669193,6.315308],[-75.669211,6.315369],[-75.669237,6.315435],[-75.669257,6.3155],[-75.669289,6.315573],[-75.6693,6.315597],[-75.669322,6.315641],[-75.669348,6.315702],[-75.669374,6.315768],[-75.669414,6.315845],[-75.669454,6.31592],[-75.669481,6.315982],[-75.669513,6.316042],[-75.669545,6.316095],[-75.669578,6.316141],[-75.669604,6.316178],[-75.669631,6.316212],[-75.669652,6.316238],[-75.669676,6.31626],[-75.669702,6.316297],[-75.669729,6.316342],[-75.669754,6.316378],[-75.669773,6.316407],[-75.66979,6.316429],[-75.669804,6.316449],[-75.669816,6.316468],[-75.669829,6.316485],[-75.669847,6.316511],[-75.669871,6.316569],[-75.669893,6.31663],[-75.669935,6.316764],[-75.669956,6.316827],[-75.669974,6.316884],[-75.669992,6.31695],[-75.670008,6.317015],[-75.670023,6.317074],[-75.670039,6.317142],[-75.670057,6.317198],[-75.670076,6.317278],[-75.670092,6.317364],[-75.670102,6.317458],[-75.670107,6.317554],[-75.670107,6.317692],[-75.670112,6.317774],[-75.670121,6.317868],[-75.670133,6.31796],[-75.670141,6.318033],[-75.670147,6.31809],[-75.670147,6.318187],[-75.670151,6.318444],[-75.670158,6.318678],[-75.670162,6.318719],[-75.670172,6.31877],[-75.670186,6.318894],[-75.67019,6.318928],[-75.670195,6.318949],[-75.670204,6.319016],[-75.670224,6.31906],[-75.670233,6.319077],[-75.670245,6.31915],[-75.670254,6.319219],[-75.67026,6.319274],[-75.670261,6.319319],[-75.670265,6.319368],[-75.670267,6.319434],[-75.670268,6.31964],[-75.670266,6.319732],[-75.670263,6.319767],[-75.670261,6.319811],[-75.670258,6.319857],[-75.67025,6.319894],[-75.67024,6.319942],[-75.670228,6.320005],[-75.670216,6.320058],[-75.670208,6.320105],[-75.670201,6.320143],[-75.670191,6.320178],[-75.670172,6.320241],[-75.67016,6.320269],[-75.670146,6.320297],[-75.670134,6.320314],[-75.670121,6.320342],[-75.670105,6.320369],[-75.670085,6.320395],[-75.670067,6.320423],[-75.670049,6.320452],[-75.670023,6.320489],[-75.669992,6.320545],[-75.669963,6.320596],[-75.669931,6.320644],[-75.669904,6.320682],[-75.66988,6.320718],[-75.669859,6.320754],[-75.669822,6.320807],[-75.669796,6.320825],[-75.669744,6.320882],[-75.669722,6.320901],[-75.669703,6.320921],[-75.669684,6.320943],[-75.669659,6.320964],[-75.669621,6.320991],[-75.669581,6.321017],[-75.669543,6.321055],[-75.669504,6.321081],[-75.669469,6.321108],[-75.669437,6.321143],[-75.669398,6.321171],[-75.66936,6.321199],[-75.669321,6.321231],[-75.669279,6.32125],[-75.669243,6.321278],[-75.669202,6.321296],[-75.669164,6.321324],[-75.669123,6.321346],[-75.669078,6.321363],[-75.669036,6.321392],[-75.668991,6.32142],[-75.668955,6.321447],[-75.668908,6.321474],[-75.668869,6.321493],[-75.668836,6.321519],[-75.668798,6.321546],[-75.668767,6.321576],[-75.668733,6.321602],[-75.668692,6.321628],[-75.668645,6.321664],[-75.668595,6.321708],[-75.668546,6.321745],[-75.668499,6.321782],[-75.668453,6.32181],[-75.668363,6.321882],[-75.668274,6.321937],[-75.668242,6.321966],[-75.668204,6.321994],[-75.668165,6.322016],[-75.668127,6.322039],[-75.66808,6.32206],[-75.668033,6.322087],[-75.667976,6.322125],[-75.667928,6.322151],[-75.667876,6.322179],[-75.667825,6.322209],[-75.667773,6.322229],[-75.667726,6.322245],[-75.667681,6.322258],[-75.667647,6.322267],[-75.667616,6.322275],[-75.667584,6.322284],[-75.667495,6.322301],[-75.667456,6.322309],[-75.667423,6.322315],[-75.667396,6.322323],[-75.667365,6.322333],[-75.667331,6.322344],[-75.667251,6.32238],[-75.667199,6.322407],[-75.667147,6.322433],[-75.667097,6.322452],[-75.66705,6.322483],[-75.667004,6.322506],[-75.666965,6.322528],[-75.666921,6.322549],[-75.666875,6.322577],[-75.666834,6.322599],[-75.666796,6.322619],[-75.666765,6.322637],[-75.666726,6.322656],[-75.666692,6.322674],[-75.666654,6.322695],[-75.666621,6.322715],[-75.666593,6.322734],[-75.666568,6.322754],[-75.666535,6.322774],[-75.666493,6.322796],[-75.666447,6.322816],[-75.66639,6.322842],[-75.666275,6.322896],[-75.666222,6.322915],[-75.66619,6.322928],[-75.666164,6.322936],[-75.666133,6.322943],[-75.666093,6.322946],[-75.666008,6.322947],[-75.665845,6.322942],[-75.665806,6.322941],[-75.66576,6.32294],[-75.665694,6.322933],[-75.665668,6.322927],[-75.665643,6.32292],[-75.665609,6.322915],[-75.665584,6.32291],[-75.665556,6.322905],[-75.665517,6.322898],[-75.665476,6.322892],[-75.665419,6.322887],[-75.66536,6.32288],[-75.665302,6.322872],[-75.665196,6.322855],[-75.665145,6.32285],[-75.665105,6.322843],[-75.665072,6.322839],[-75.665048,6.322833],[-75.665021,6.322828],[-75.665001,6.322824],[-75.66498,6.322819],[-75.664958,6.322814],[-75.664932,6.322805],[-75.664893,6.322796],[-75.664853,6.322784],[-75.664815,6.322775],[-75.664789,6.322764],[-75.664758,6.322752],[-75.664726,6.322735],[-75.664686,6.322718],[-75.664647,6.322691],[-75.664609,6.322674],[-75.66457,6.322665],[-75.66453,6.322659],[-75.664485,6.322657],[-75.664434,6.322657],[-75.664389,6.322658],[-75.664348,6.322661],[-75.664315,6.322662],[-75.664283,6.322667],[-75.664245,6.322675],[-75.664188,6.322684],[-75.664122,6.322693],[-75.664066,6.322699],[-75.66402,6.322707],[-75.663979,6.322716],[-75.66394,6.322728],[-75.663908,6.322743],[-75.663869,6.322762],[-75.663816,6.32279],[-75.663772,6.322811],[-75.663726,6.322831],[-75.663677,6.322857],[-75.663626,6.322885],[-75.663571,6.322922],[-75.663513,6.322959],[-75.663451,6.323009],[-75.663394,6.323045],[-75.663343,6.323079],[-75.663302,6.323106],[-75.663261,6.323136],[-75.663229,6.323157],[-75.663197,6.323175],[-75.663166,6.323191],[-75.663144,6.323205],[-75.663119,6.323218],[-75.663061,6.323246],[-75.663021,6.32327],[-75.662968,6.323297],[-75.662915,6.323324],[-75.662875,6.32335],[-75.662843,6.32337],[-75.662811,6.323386],[-75.662777,6.323404],[-75.662743,6.323423],[-75.662701,6.323441],[-75.662668,6.323461],[-75.662626,6.323481],[-75.662585,6.323503],[-75.662532,6.323529],[-75.662472,6.323557],[-75.662404,6.323586],[-75.662334,6.323615],[-75.662267,6.32366],[-75.662201,6.323696],[-75.662139,6.323731],[-75.662075,6.323765],[-75.662018,6.323794],[-75.661963,6.323821],[-75.661933,6.323831],[-75.661911,6.323843],[-75.66189,6.323852],[-75.661865,6.323866],[-75.661825,6.32388],[-75.661783,6.323895],[-75.661733,6.323921],[-75.661678,6.323942],[-75.661619,6.323968],[-75.661547,6.324004],[-75.661475,6.324041],[-75.661393,6.324092],[-75.66131,6.324152],[-75.661233,6.324214],[-75.661161,6.324263],[-75.661096,6.324301],[-75.661038,6.324338],[-75.66098,6.324373],[-75.660929,6.324409],[-75.660883,6.324444],[-75.660843,6.324482],[-75.660807,6.324519],[-75.660768,6.324565],[-75.660729,6.324617],[-75.660687,6.324676],[-75.660654,6.324719],[-75.660623,6.324767],[-75.660591,6.324807],[-75.660544,6.324873],[-75.660423,6.325025],[-75.660361,6.325105],[-75.660297,6.325186],[-75.660235,6.325263],[-75.660177,6.325337],[-75.660124,6.3254],[-75.660091,6.325462],[-75.660058,6.325511],[-75.660026,6.325557],[-75.660006,6.325592],[-75.659983,6.325636],[-75.659958,6.32569],[-75.659941,6.325735],[-75.65993,6.325754],[-75.65992,6.32577],[-75.659904,6.325788],[-75.659873,6.325826],[-75.659841,6.325871],[-75.659803,6.325905],[-75.659778,6.325941],[-75.659742,6.325979],[-75.659724,6.326009],[-75.659713,6.326024],[-75.659695,6.326044],[-75.659671,6.326081],[-75.659638,6.326111],[-75.659604,6.326158],[-75.659565,6.326204],[-75.659531,6.326243],[-75.659493,6.32628],[-75.659466,6.326317],[-75.659435,6.326354],[-75.659402,6.326389],[-75.659371,6.326415],[-75.659336,6.326451],[-75.659286,6.326504],[-75.659262,6.326532],[-75.65924,6.326558],[-75.65922,6.326594],[-75.659203,6.326622],[-75.659179,6.326641],[-75.659155,6.326679],[-75.659122,6.326723],[-75.659092,6.326761],[-75.659057,6.3268],[-75.659018,6.326837],[-75.658971,6.326882],[-75.658922,6.326921],[-75.658873,6.326958],[-75.658826,6.326995],[-75.658793,6.327022],[-75.658748,6.32705],[-75.658695,6.327079],[-75.658636,6.327114],[-75.658581,6.32715],[-75.658524,6.327179],[-75.658466,6.327215],[-75.65841,6.327236],[-75.658351,6.327251],[-75.658304,6.327262],[-75.658271,6.327269],[-75.658244,6.327276],[-75.658212,6.327284],[-75.658177,6.327298],[-75.658138,6.327312],[-75.658104,6.327327],[-75.658069,6.327341],[-75.65803,6.327354],[-75.65799,6.327368],[-75.65791,6.327391],[-75.657883,6.327398],[-75.657857,6.327407],[-75.657831,6.327421],[-75.657785,6.327436],[-75.657745,6.32745],[-75.657699,6.327465],[-75.657659,6.327485],[-75.657604,6.327511],[-75.657543,6.32753],[-75.657488,6.32756],[-75.657435,6.327578],[-75.657396,6.327596],[-75.657329,6.327626],[-75.657289,6.327645],[-75.657248,6.327662],[-75.657203,6.327682],[-75.657162,6.327699],[-75.657126,6.327719],[-75.657006,6.327779],[-75.656966,6.3278],[-75.656909,6.327822],[-75.656846,6.327856],[-75.656778,6.327895],[-75.6567,6.327953],[-75.656572,6.328061],[-75.656527,6.328089],[-75.656495,6.328106],[-75.656473,6.328124],[-75.656446,6.32816],[-75.656406,6.328203],[-75.656368,6.328249],[-75.65634,6.328284],[-75.656288,6.328338],[-75.656269,6.328356],[-75.656244,6.328383],[-75.656224,6.328408],[-75.656185,6.328447],[-75.656166,6.328465],[-75.656146,6.328485],[-75.656113,6.328533],[-75.65608,6.328559],[-75.656064,6.328576],[-75.656042,6.328598],[-75.656031,6.328613],[-75.656015,6.328629],[-75.655999,6.328643],[-75.655983,6.328671],[-75.655969,6.328688],[-75.655954,6.328708],[-75.65594,6.328727],[-75.655925,6.328747],[-75.655906,6.328769],[-75.655891,6.328784],[-75.655869,6.32881],[-75.655843,6.328847],[-75.655816,6.328877],[-75.655794,6.328905],[-75.655776,6.328933],[-75.655761,6.328951],[-75.655744,6.328972],[-75.655725,6.328998],[-75.655701,6.329028],[-75.655681,6.329057],[-75.655654,6.329095],[-75.655638,6.329117],[-75.655624,6.329135],[-75.655611,6.329157],[-75.655593,6.329184],[-75.655573,6.32922],[-75.655552,6.329275],[-75.655531,6.329325],[-75.655513,6.329373],[-75.655487,6.329444],[-75.65547,6.329515],[-75.655455,6.329561],[-75.655446,6.329607],[-75.655439,6.329636],[-75.655432,6.329666],[-75.655431,6.329697],[-75.65543,6.329735],[-75.655429,6.329763],[-75.655426,6.329791],[-75.655425,6.32982],[-75.655423,6.329841],[-75.655421,6.329867],[-75.655421,6.329965],[-75.655425,6.329983],[-75.655428,6.33001],[-75.655434,6.330037],[-75.655442,6.330073],[-75.655448,6.33011],[-75.655452,6.330136],[-75.655456,6.330172],[-75.655461,6.330191],[-75.655464,6.330213],[-75.655469,6.330235],[-75.655479,6.33027],[-75.655485,6.330288],[-75.655493,6.330308],[-75.655502,6.330338],[-75.655512,6.330376],[-75.65552,6.330402],[-75.655528,6.330437],[-75.655535,6.330474],[-75.655541,6.3305],[-75.655545,6.330538],[-75.65555,6.330572],[-75.655556,6.330608],[-75.655561,6.330651],[-75.655564,6.330678],[-75.655567,6.330723],[-75.65557,6.330751],[-75.655571,6.330787],[-75.655574,6.330815],[-75.655575,6.330851],[-75.655577,6.330898],[-75.65558,6.330937],[-75.655582,6.330965],[-75.655587,6.331013],[-75.65559,6.33105],[-75.655593,6.331078],[-75.655594,6.331103],[-75.655596,6.331132],[-75.655597,6.331179],[-75.655603,6.331216],[-75.655607,6.331273],[-75.65561,6.331335],[-75.655613,6.331389],[-75.655613,6.331438],[-75.655611,6.331475],[-75.655607,6.331526],[-75.655602,6.331577],[-75.655591,6.33169],[-75.655587,6.331718],[-75.655585,6.331755],[-75.655579,6.331792],[-75.655565,6.331856],[-75.655558,6.33189],[-75.655551,6.331925],[-75.655539,6.331954],[-75.655528,6.33199],[-75.655516,6.332027],[-75.655502,6.332065],[-75.655488,6.332109],[-75.655473,6.332145],[-75.655459,6.332183],[-75.655446,6.332219],[-75.655436,6.332246],[-75.655426,6.332268],[-75.655412,6.332288],[-75.655392,6.332322],[-75.655371,6.332357],[-75.655336,6.332395],[-75.655289,6.33245],[-75.655257,6.332486],[-75.655225,6.33252],[-75.655199,6.332554],[-75.655167,6.332592],[-75.65512,6.332631],[-75.655075,6.332681],[-75.655035,6.332719],[-75.655003,6.332746],[-75.654961,6.332785],[-75.65493,6.332803],[-75.65491,6.332821],[-75.654884,6.332847],[-75.654848,6.332875],[-75.654809,6.332901],[-75.654775,6.332917],[-75.654758,6.332925],[-75.65473,6.332941],[-75.654711,6.332956],[-75.654687,6.332973],[-75.65466,6.332993],[-75.654634,6.333009],[-75.654607,6.333019],[-75.654576,6.333038],[-75.654559,6.333052],[-75.654541,6.333069],[-75.654518,6.333091],[-75.654485,6.333128],[-75.65444,6.333164],[-75.654408,6.333199],[-75.654388,6.333218],[-75.654367,6.333235],[-75.654328,6.333272],[-75.654265,6.333313],[-75.654245,6.333299],[-75.654228,6.333287],[-75.654206,6.333275],[-75.654179,6.333269],[-75.654152,6.333269],[-75.654119,6.333274],[-75.654113,6.333278],[-75.6541,6.333286],[-75.654081,6.333304],[-75.65407,6.333321],[-75.654065,6.33334],[-75.654059,6.33336],[-75.654049,6.33338],[-75.65404,6.333411],[-75.654038,6.333436],[-75.654032,6.333459],[-75.654023,6.333487],[-75.654007,6.33352],[-75.653999,6.333539],[-75.653999,6.333563],[-75.654,6.333589],[-75.654,6.333608],[-75.653996,6.333635],[-75.653991,6.333666],[-75.653986,6.333694],[-75.653986,6.333724],[-75.653986,6.333754],[-75.653986,6.333785],[-75.653986,6.333804],[-75.653985,6.333831],[-75.653985,6.333866],[-75.653981,6.333885],[-75.653976,6.333903],[-75.653971,6.333923],[-75.653965,6.333942],[-75.653958,6.33396],[-75.65395,6.333988],[-75.653941,6.334008],[-75.653924,6.334041],[-75.653909,6.334077],[-75.653896,6.334104],[-75.653885,6.334133],[-75.653874,6.334165],[-75.653862,6.334194],[-75.653855,6.334214],[-75.65384,6.334257],[-75.653834,6.334285],[-75.653827,6.334312],[-75.653818,6.334339],[-75.65381,6.334375],[-75.653803,6.334402],[-75.653797,6.33442],[-75.653792,6.33444],[-75.653788,6.334458],[-75.653786,6.334476],[-75.65378,6.334511],[-75.653773,6.334547],[-75.653772,6.334563],[-75.653768,6.334732],[-75.653754,6.33478],[-75.653745,6.33481],[-75.653743,6.334833],[-75.653739,6.334863],[-75.653739,6.334902],[-75.65374,6.334938],[-75.653743,6.334964],[-75.653747,6.335002],[-75.653753,6.335058],[-75.653759,6.335121],[-75.653763,6.335178],[-75.653765,6.335236],[-75.653769,6.335292],[-75.653774,6.335346],[-75.653785,6.335403],[-75.653796,6.335457],[-75.65381,6.335525],[-75.653826,6.3356],[-75.653839,6.335665],[-75.653851,6.335724],[-75.653862,6.335773],[-75.65387,6.33581],[-75.653878,6.335846],[-75.653887,6.335891],[-75.653898,6.335938],[-75.653908,6.335985],[-75.653921,6.336024],[-75.653936,6.336072],[-75.653949,6.336122],[-75.653965,6.33616],[-75.653982,6.336203],[-75.654001,6.336233],[-75.654018,6.336269],[-75.654038,6.336305],[-75.654054,6.336341],[-75.654065,6.336368],[-75.654079,6.336395],[-75.654089,6.336419],[-75.654098,6.336448],[-75.654107,6.336474],[-75.654116,6.336519],[-75.654127,6.336548],[-75.654136,6.336585],[-75.654144,6.336619],[-75.654152,6.336647],[-75.654162,6.336682],[-75.654172,6.336716],[-75.654183,6.336751],[-75.654193,6.336789],[-75.654205,6.336833],[-75.654217,6.336887],[-75.654229,6.336932],[-75.654241,6.336982],[-75.654252,6.337032],[-75.654263,6.337073],[-75.654273,6.337127],[-75.654285,6.337183],[-75.654296,6.337246],[-75.654307,6.337316],[-75.654318,6.337393],[-75.654329,6.337469],[-75.654338,6.337537],[-75.654348,6.337603],[-75.654356,6.337662],[-75.654365,6.337714],[-75.654374,6.337771],[-75.654386,6.337823],[-75.654399,6.337869],[-75.654415,6.337925],[-75.654432,6.337981],[-75.654452,6.338035],[-75.654473,6.338095],[-75.654497,6.338148],[-75.654523,6.338199],[-75.654549,6.338256],[-75.654576,6.338301],[-75.654604,6.338355],[-75.654636,6.338407],[-75.654674,6.338464],[-75.654715,6.338518],[-75.654748,6.338566],[-75.654778,6.33861],[-75.6548,6.338649],[-75.654833,6.338697],[-75.654859,6.338759],[-75.654896,6.33882],[-75.65493,6.338886],[-75.654963,6.338947],[-75.654995,6.338995],[-75.655027,6.339049],[-75.655058,6.339098],[-75.655097,6.339164],[-75.65513,6.339235],[-75.655168,6.33931],[-75.655207,6.339387],[-75.655241,6.339464],[-75.655284,6.33954],[-75.655316,6.339603],[-75.655342,6.339661],[-75.655369,6.339724],[-75.655402,6.339791],[-75.655442,6.33986],[-75.655479,6.339926],[-75.655512,6.339984],[-75.655531,6.340023],[-75.655559,6.340068],[-75.655579,6.34012],[-75.655594,6.340179],[-75.655605,6.340236],[-75.655611,6.340294],[-75.655613,6.340345],[-75.655613,6.340382],[-75.655609,6.340427],[-75.655605,6.340473],[-75.655598,6.340521],[-75.655591,6.340579],[-75.655585,6.340634],[-75.655582,6.340678],[-75.655581,6.340718],[-75.655581,6.340775],[-75.655586,6.34084],[-75.655593,6.340908],[-75.655603,6.340975],[-75.655619,6.341028],[-75.655637,6.341083],[-75.655655,6.341123],[-75.655669,6.34117],[-75.655682,6.341198],[-75.655692,6.341225],[-75.655705,6.341247],[-75.655717,6.341291],[-75.655727,6.341342],[-75.655732,6.341379],[-75.655733,6.341405],[-75.655729,6.34144],[-75.655725,6.341486],[-75.655717,6.341524],[-75.655709,6.341572],[-75.655696,6.341619],[-75.65568,6.341687],[-75.655664,6.341746],[-75.655648,6.341797],[-75.655627,6.341857],[-75.655607,6.341914],[-75.655581,6.341979],[-75.655546,6.342054],[-75.655501,6.34213],[-75.655468,6.342194],[-75.655434,6.342252],[-75.655409,6.342303],[-75.655379,6.342368],[-75.655346,6.342446],[-75.655313,6.342514],[-75.655287,6.342575],[-75.655262,6.342632],[-75.65524,6.342688],[-75.655219,6.342753],[-75.655194,6.342826],[-75.655172,6.3429],[-75.655148,6.342985],[-75.655123,6.343072],[-75.655101,6.343158],[-75.655079,6.343239],[-75.655061,6.343308],[-75.655043,6.343379],[-75.655024,6.343449],[-75.655001,6.343525],[-75.654979,6.343601],[-75.654959,6.343668],[-75.654943,6.343732],[-75.654928,6.34379],[-75.654915,6.34384],[-75.654904,6.343881],[-75.654893,6.343916],[-75.654883,6.343954],[-75.654869,6.343995],[-75.654855,6.344043],[-75.654841,6.344084],[-75.654826,6.344142],[-75.65481,6.344196],[-75.654792,6.344267],[-75.654773,6.344352],[-75.654755,6.344452],[-75.654736,6.344557],[-75.654718,6.344664],[-75.654701,6.344769],[-75.654683,6.344881],[-75.654664,6.344987],[-75.654648,6.345086],[-75.654631,6.345183],[-75.654614,6.34528],[-75.654599,6.34538],[-75.654589,6.345486],[-75.654581,6.345588],[-75.654576,6.345675],[-75.654575,6.345743],[-75.654575,6.3458],[-75.654578,6.345839],[-75.65458,6.345889],[-75.654584,6.34593],[-75.654588,6.345987],[-75.654593,6.346035],[-75.654598,6.346084],[-75.654602,6.34614],[-75.654607,6.346207],[-75.654612,6.346281],[-75.654617,6.34636],[-75.65462,6.346439],[-75.654625,6.346522],[-75.654629,6.346619],[-75.654634,6.346712],[-75.654639,6.346793],[-75.654643,6.346866],[-75.654643,6.346926],[-75.654642,6.346988],[-75.654638,6.347037],[-75.654635,6.347073],[-75.654633,6.34711],[-75.654633,6.347131],[-75.654633,6.347152],[-75.654635,6.347197],[-75.654639,6.347246],[-75.654643,6.347287],[-75.654648,6.347332],[-75.654654,6.347373],[-75.654661,6.347423],[-75.654669,6.347484],[-75.65468,6.347547],[-75.65469,6.347607],[-75.654699,6.347668],[-75.654706,6.347714],[-75.654714,6.347767],[-75.654725,6.347825],[-75.654735,6.347883],[-75.654746,6.347933],[-75.654757,6.34799],[-75.654769,6.348045],[-75.654778,6.348082],[-75.654789,6.34812],[-75.654797,6.348148],[-75.654806,6.348168],[-75.654818,6.348196],[-75.654833,6.348247],[-75.654848,6.348287],[-75.654864,6.348334],[-75.654879,6.34837],[-75.654898,6.348419],[-75.654916,6.34846],[-75.654935,6.348511],[-75.654952,6.348549],[-75.654971,6.348598],[-75.654991,6.348643],[-75.655015,6.348712],[-75.655039,6.348783],[-75.655061,6.348848],[-75.655084,6.348915],[-75.655104,6.34898],[-75.655122,6.349043],[-75.655141,6.349104],[-75.655158,6.349167],[-75.655175,6.349226],[-75.65519,6.349275],[-75.655202,6.349315],[-75.655213,6.349359],[-75.655223,6.349394],[-75.655235,6.349433],[-75.655248,6.349481],[-75.655262,6.349537],[-75.655277,6.349604],[-75.655293,6.349661],[-75.655309,6.349719],[-75.655325,6.349783],[-75.655343,6.349848],[-75.655359,6.349914],[-75.655375,6.349971],[-75.655392,6.350017],[-75.65541,6.350067],[-75.655429,6.350113],[-75.655448,6.350165],[-75.655474,6.350226],[-75.655502,6.350289],[-75.655526,6.350356],[-75.655559,6.350423],[-75.655586,6.350489],[-75.655614,6.350555],[-75.65564,6.350623],[-75.655662,6.350691],[-75.655688,6.350763],[-75.655715,6.350835],[-75.65574,6.350915],[-75.65576,6.35099],[-75.655786,6.351063],[-75.655806,6.351126],[-75.655827,6.351188],[-75.655847,6.35125],[-75.655878,6.351319],[-75.655905,6.351398],[-75.655943,6.351487],[-75.655976,6.351573],[-75.65601,6.351653],[-75.656042,6.351738],[-75.656069,6.351822],[-75.656095,6.35191],[-75.656122,6.351998],[-75.656147,6.352087],[-75.656175,6.352179],[-75.656198,6.352267],[-75.656217,6.352346],[-75.656235,6.35242],[-75.656252,6.352492],[-75.656269,6.35256],[-75.656282,6.352621],[-75.656295,6.352673],[-75.656307,6.352719],[-75.656318,6.352757],[-75.656332,6.352804],[-75.656347,6.352844],[-75.656364,6.352891],[-75.656381,6.35293],[-75.656398,6.352977],[-75.656416,6.353015],[-75.656434,6.353054],[-75.656454,6.353107],[-75.656475,6.353176],[-75.656495,6.35326],[-75.656511,6.353348],[-75.656524,6.353428],[-75.656532,6.353502],[-75.656539,6.353566],[-75.656545,6.353629],[-75.656549,6.353688],[-75.656553,6.353759],[-75.656557,6.353838],[-75.656561,6.353904],[-75.656567,6.353942],[-75.656574,6.35396],[-75.656586,6.353996],[-75.656602,6.354041],[-75.656616,6.354081],[-75.656628,6.354117],[-75.656641,6.354155],[-75.656655,6.354193],[-75.656669,6.35424],[-75.656679,6.354278],[-75.656689,6.354314],[-75.656696,6.354343],[-75.656703,6.35437],[-75.656709,6.354394],[-75.656713,6.354416],[-75.656717,6.354434],[-75.656721,6.35446],[-75.656728,6.354489],[-75.656736,6.354536],[-75.656746,6.354586],[-75.656756,6.354624],[-75.656769,6.354661],[-75.656783,6.354698],[-75.656801,6.354747],[-75.656822,6.354796],[-75.656843,6.354847],[-75.65687,6.354895],[-75.656894,6.354943],[-75.656916,6.354982],[-75.656941,6.355017],[-75.656969,6.355061],[-75.656994,6.355097],[-75.657021,6.355133],[-75.657055,6.355167],[-75.657081,6.355205],[-75.657114,6.355235],[-75.65714,6.355254],[-75.657171,6.355284],[-75.657202,6.35531],[-75.657237,6.355345],[-75.657278,6.355373],[-75.657325,6.355403],[-75.657363,6.355428],[-75.657401,6.355444],[-75.657432,6.355458],[-75.657465,6.355472],[-75.657505,6.35549],[-75.657551,6.355503],[-75.657602,6.355516],[-75.657619,6.355525],[-75.657642,6.35554],[-75.657668,6.355556],[-75.657693,6.355575],[-75.65772,6.355593],[-75.657751,6.355616],[-75.657783,6.355635],[-75.657809,6.355654],[-75.65784,6.355678],[-75.657858,6.355693],[-75.657883,6.355718],[-75.657909,6.355738],[-75.657943,6.355773],[-75.657974,6.355801],[-75.658006,6.355834],[-75.658038,6.355863],[-75.658064,6.355881],[-75.658094,6.355917],[-75.658127,6.355944],[-75.658154,6.355971],[-75.658178,6.355989],[-75.658209,6.356018],[-75.65823,6.356037],[-75.658261,6.356063],[-75.658295,6.35609],[-75.65833,6.356125],[-75.658367,6.356146],[-75.658394,6.356167],[-75.658425,6.356188],[-75.658457,6.356214],[-75.658489,6.356241],[-75.658522,6.356269],[-75.658556,6.35629],[-75.658593,6.356317],[-75.658619,6.356344],[-75.658659,6.356369],[-75.658692,6.356397],[-75.658737,6.356428],[-75.658779,6.356454],[-75.658822,6.356489],[-75.658868,6.356517],[-75.658914,6.356544],[-75.65896,6.356571],[-75.659001,6.356592],[-75.659034,6.356607],[-75.659051,6.356618],[-75.65907,6.356634],[-75.659096,6.356654],[-75.659137,6.356692],[-75.659197,6.356749],[-75.659258,6.356796],[-75.65932,6.356851],[-75.659378,6.3569],[-75.659434,6.356935],[-75.65948,6.356962],[-75.659516,6.356999],[-75.659555,6.357034],[-75.659594,6.357063],[-75.659632,6.357091],[-75.659665,6.35712],[-75.659697,6.357137],[-75.659936,6.357248],[-75.660133,6.357477],[-75.660405,6.357801],[-75.660717,6.358137],[-75.660889,6.358335],[-75.661194,6.358665],[-75.661307,6.358856],[-75.66148,6.359127],[-75.661791,6.359258],[-75.662042,6.359403],[-75.662234,6.359548],[-75.662446,6.359719],[-75.662917,6.360194],[-75.663109,6.360511],[-75.663342,6.360814],[-75.663475,6.361125],[-75.663581,6.361462],[-75.663635,6.361773],[-75.663682,6.362057],[-75.663782,6.362268],[-75.663869,6.362447],[-75.663935,6.362711],[-75.664062,6.362916],[-75.664247,6.363186],[-75.664526,6.363648],[-75.664739,6.364051],[-75.664905,6.364315],[-75.665071,6.364526],[-75.665224,6.36487],[-75.665383,6.365061],[-75.665595,6.365351],[-75.665755,6.365569],[-75.665802,6.365768],[-75.665815,6.365986],[-75.665856,6.36625],[-75.665764,6.366449],[-75.665672,6.366674],[-75.665627,6.367064],[-75.665708,6.367468],[-75.665815,6.367924],[-75.665942,6.368419],[-75.666115,6.368836],[-75.666275,6.369318],[-75.666402,6.369655],[-75.666475,6.369893],[-75.666542,6.37027],[-75.666589,6.370514],[-75.666683,6.370891],[-75.666816,6.371201],[-75.666823,6.371479],[-75.666877,6.371796],[-75.667116,6.372133],[-75.667249,6.372516],[-75.66725,6.372761],[-75.667211,6.372986],[-75.667238,6.373171],[-75.667325,6.373541],[-75.667294,6.374123],[-75.667301,6.374256],[-75.667421,6.374447],[-75.66748,6.374506],[-75.667678,6.374459],[-75.668153,6.374213],[-75.668523,6.37402],[-75.668907,6.373764],[-75.669115,6.373645],[-75.669395,6.373555],[-75.669567,6.373521],[-75.669835,6.373606],[-75.670086,6.373655],[-75.670172,6.373651],[-75.670311,6.373631],[-75.670354,6.373597],[-75.670378,6.373587],[-75.670399,6.373579],[-75.670426,6.373567],[-75.670451,6.373554],[-75.670481,6.37354],[-75.670519,6.373525],[-75.670544,6.373515],[-75.670563,6.373506],[-75.670581,6.373495],[-75.670602,6.373484],[-75.670628,6.37347],[-75.670655,6.373458],[-75.670673,6.373445],[-75.670703,6.373429],[-75.670737,6.37341],[-75.670771,6.373387],[-75.670822,6.373362],[-75.670875,6.37334],[-75.670928,6.373316],[-75.670986,6.373297],[-75.67104,6.37327],[-75.671088,6.37324],[-75.671126,6.373221],[-75.671167,6.3732],[-75.671202,6.373179],[-75.671242,6.373159],[-75.671281,6.37314],[-75.671313,6.373122],[-75.671345,6.373105],[-75.671386,6.373084],[-75.671431,6.373065],[-75.671479,6.373039],[-75.67153,6.373013],[-75.671585,6.372987],[-75.671641,6.372969],[-75.671696,6.37294],[-75.671741,6.372919],[-75.671786,6.372899],[-75.671837,6.372877],[-75.671894,6.372856],[-75.671952,6.37283],[-75.672015,6.372802],[-75.672082,6.372783],[-75.672152,6.372755],[-75.672222,6.372726],[-75.672287,6.372697],[-75.672342,6.372672],[-75.672407,6.372649],[-75.672475,6.372631],[-75.672549,6.372601],[-75.672629,6.372574],[-75.672717,6.37254],[-75.672799,6.372515],[-75.672878,6.372481],[-75.67295,6.372455],[-75.673014,6.372422],[-75.673072,6.372402],[-75.673137,6.372366],[-75.673211,6.372339],[-75.673291,6.37231],[-75.673371,6.372281],[-75.673447,6.372263],[-75.67352,6.37225],[-75.673588,6.372239],[-75.673658,6.37223],[-75.673733,6.37222],[-75.673812,6.37221],[-75.673884,6.372202],[-75.673949,6.372193],[-75.674016,6.372184],[-75.674087,6.372172],[-75.674174,6.372156],[-75.674271,6.372139],[-75.674382,6.372118],[-75.6745,6.372097],[-75.674615,6.372079],[-75.674722,6.372066],[-75.674812,6.372056],[-75.674888,6.372048],[-75.674953,6.372041],[-75.675008,6.372037],[-75.675061,6.372031],[-75.675116,6.372023],[-75.675167,6.372015],[-75.675223,6.372006],[-75.675281,6.371993],[-75.675342,6.37198],[-75.675402,6.371966],[-75.675467,6.371951],[-75.675531,6.371938],[-75.675598,6.371923],[-75.675661,6.371909],[-75.675725,6.371894],[-75.675786,6.371878],[-75.675846,6.371862],[-75.675909,6.371845],[-75.675982,6.371817],[-75.67606,6.371789],[-75.676144,6.37176],[-75.676227,6.371732],[-75.676304,6.371697],[-75.676378,6.371678],[-75.676446,6.371651],[-75.67651,6.371624],[-75.676566,6.371597],[-75.676623,6.37157],[-75.676673,6.371548],[-75.676725,6.371528],[-75.676769,6.371511],[-75.676818,6.371495],[-75.676871,6.371481],[-75.676919,6.371469],[-75.676964,6.371461],[-75.677004,6.371455],[-75.677039,6.371454],[-75.677057,6.371455],[-75.677098,6.371459],[-75.67715,6.37147],[-75.677199,6.371481],[-75.677248,6.371497],[-75.677293,6.371515],[-75.677339,6.371533],[-75.677383,6.371553],[-75.67744,6.371569],[-75.677503,6.371581],[-75.677569,6.371589],[-75.677625,6.371593],[-75.67768,6.371593],[-75.677706,6.371584],[-75.677728,6.371569],[-75.677753,6.371545],[-75.67778,6.371524],[-75.677797,6.371494],[-75.677811,6.371471],[-75.677824,6.371445],[-75.677839,6.371409],[-75.677854,6.371372],[-75.677871,6.371342],[-75.677888,6.371307],[-75.677905,6.371259],[-75.677924,6.37122],[-75.677944,6.37117],[-75.677964,6.371133],[-75.677988,6.371085],[-75.67801,6.371039],[-75.678035,6.371001],[-75.678057,6.370952],[-75.678076,6.370925],[-75.678097,6.370889],[-75.678117,6.370852],[-75.678144,6.370815],[-75.678169,6.370787],[-75.67819,6.37076],[-75.678208,6.370732],[-75.678235,6.370703],[-75.678256,6.370668],[-75.678287,6.370631],[-75.678313,6.370603],[-75.678346,6.370565],[-75.678378,6.370531],[-75.678416,6.370484],[-75.678456,6.370437],[-75.678497,6.370391],[-75.67854,6.370354],[-75.678573,6.370316],[-75.678599,6.370288],[-75.678625,6.370259],[-75.678657,6.370223],[-75.678688,6.370188],[-75.678734,6.370151],[-75.678773,6.370113],[-75.678818,6.370084],[-75.678856,6.370056],[-75.678902,6.370028],[-75.678954,6.37],[-75.679012,6.369974],[-75.679065,6.369945],[-75.679114,6.369927],[-75.679161,6.369912],[-75.679201,6.369899],[-75.679239,6.369885],[-75.679276,6.36987],[-75.679308,6.369852],[-75.679347,6.369833],[-75.679389,6.369806],[-75.679437,6.369786],[-75.679488,6.36976],[-75.679542,6.369733],[-75.679593,6.369711],[-75.679646,6.369693],[-75.679686,6.369677],[-75.679729,6.369663],[-75.679775,6.369651],[-75.679821,6.36964],[-75.67986,6.369634],[-75.679898,6.36963],[-75.67993,6.36963],[-75.679957,6.36963],[-75.679989,6.369631],[-75.680026,6.369632],[-75.680058,6.369633],[-75.680102,6.369634],[-75.680156,6.369636],[-75.680225,6.369638],[-75.680304,6.369643],[-75.680379,6.369645],[-75.680447,6.36965],[-75.680504,6.369653],[-75.680556,6.369656],[-75.680608,6.369661],[-75.680669,6.369668],[-75.680738,6.369675],[-75.680811,6.369681],[-75.680883,6.369686],[-75.68095,6.369691],[-75.681016,6.369693],[-75.681079,6.369697],[-75.681146,6.369698],[-75.681212,6.369699],[-75.681272,6.3697],[-75.681329,6.369703],[-75.681389,6.369706],[-75.681447,6.369707],[-75.681501,6.369707],[-75.681547,6.369705],[-75.681584,6.369703],[-75.681617,6.369699],[-75.681651,6.369691],[-75.681696,6.369676],[-75.681756,6.369658],[-75.681818,6.369638],[-75.681881,6.36962],[-75.681944,6.369601],[-75.682008,6.369584],[-75.682068,6.369567],[-75.682126,6.369549],[-75.68218,6.369529],[-75.682233,6.369509],[-75.682285,6.369492],[-75.682338,6.369476],[-75.682394,6.369461],[-75.68245,6.369446],[-75.682505,6.369434],[-75.682565,6.369423],[-75.682628,6.369417],[-75.682686,6.369414],[-75.682739,6.369415],[-75.682787,6.369417],[-75.682825,6.369421],[-75.682869,6.369429],[-75.682914,6.369439],[-75.682973,6.369453],[-75.68304,6.369468],[-75.683106,6.369483],[-75.683174,6.369497],[-75.683239,6.369508],[-75.683299,6.36952],[-75.683355,6.36953],[-75.683409,6.369538],[-75.683464,6.369548],[-75.683521,6.369556],[-75.683579,6.369565],[-75.683639,6.369573],[-75.6837,6.369582],[-75.683763,6.369592],[-75.683828,6.369602],[-75.683887,6.369611],[-75.683938,6.369619],[-75.683988,6.369626],[-75.684034,6.369635],[-75.684081,6.369643],[-75.684132,6.369652],[-75.684182,6.369659],[-75.684226,6.369664],[-75.684267,6.369664],[-75.684316,6.369663],[-75.684357,6.369658],[-75.684397,6.369653],[-75.684428,6.369649],[-75.684465,6.369643],[-75.684497,6.369637],[-75.684516,6.369633],[-75.684536,6.369628],[-75.684557,6.369622],[-75.684576,6.369613],[-75.684601,6.369605],[-75.684628,6.369598],[-75.684648,6.369589],[-75.684674,6.369579],[-75.6847,6.369568],[-75.684727,6.369559],[-75.684755,6.369548],[-75.684787,6.369536],[-75.684804,6.369529],[-75.684821,6.369524],[-75.68484,6.369516],[-75.684872,6.369506],[-75.684911,6.369498],[-75.68495,6.36949],[-75.685,6.369482],[-75.685047,6.369475],[-75.685097,6.36947],[-75.685143,6.369466],[-75.685182,6.369464],[-75.685216,6.36946],[-75.685236,6.369457],[-75.685269,6.369452],[-75.685303,6.369445],[-75.685339,6.369436],[-75.685386,6.369428],[-75.68544,6.369422],[-75.68548,6.369417],[-75.685507,6.369411],[-75.685531,6.369406],[-75.68556,6.369397],[-75.685591,6.369384],[-75.685623,6.369368],[-75.685664,6.369348],[-75.685711,6.36932],[-75.685777,6.369286],[-75.685851,6.369241],[-75.685923,6.369204],[-75.68599,6.369171],[-75.686049,6.369152],[-75.686106,6.369142],[-75.68616,6.369138],[-75.686208,6.369141],[-75.686254,6.36915],[-75.686294,6.369161],[-75.686319,6.369178],[-75.686332,6.369193],[-75.686342,6.369207],[-75.686358,6.369218],[-75.686391,6.369232],[-75.686436,6.369251],[-75.686476,6.369272],[-75.686515,6.369298],[-75.686549,6.369318],[-75.686581,6.369348],[-75.686607,6.369365],[-75.686629,6.369392],[-75.686648,6.369426],[-75.686659,6.369446],[-75.68667,6.369463],[-75.68668,6.369482],[-75.686689,6.369509],[-75.686701,6.369536],[-75.686711,6.369564],[-75.686724,6.369599],[-75.686736,6.369648],[-75.686748,6.369706],[-75.686756,6.369761],[-75.686763,6.369808],[-75.686767,6.369845],[-75.686771,6.369884],[-75.686775,6.369911],[-75.686779,6.369948],[-75.686784,6.369984],[-75.686788,6.37002],[-75.686792,6.370058],[-75.686795,6.370093],[-75.686797,6.370121],[-75.686802,6.370139],[-75.686809,6.370168],[-75.686822,6.370189],[-75.686836,6.370223],[-75.686855,6.37026],[-75.686874,6.370309],[-75.686908,6.370355],[-75.686939,6.370411],[-75.686971,6.37047],[-75.687008,6.370511],[-75.68704,6.370548],[-75.68706,6.370574],[-75.687086,6.370604],[-75.687112,6.370633],[-75.687133,6.370661],[-75.687165,6.370688],[-75.68719,6.370718],[-75.687221,6.370752],[-75.687258,6.37078],[-75.687289,6.370808],[-75.687321,6.370828],[-75.687353,6.370854],[-75.687393,6.370889],[-75.687438,6.37091],[-75.687472,6.370923],[-75.687504,6.370928],[-75.687525,6.370932],[-75.687545,6.370935],[-75.687563,6.370938],[-75.687583,6.370938],[-75.687603,6.370938],[-75.687622,6.370938],[-75.687641,6.370938],[-75.68766,6.370938],[-75.68768,6.370935],[-75.687705,6.37093],[-75.687737,6.370921],[-75.687784,6.370909],[-75.687827,6.370893],[-75.687872,6.370872],[-75.687922,6.370855],[-75.687978,6.370819],[-75.688041,6.37079],[-75.688105,6.370746],[-75.688169,6.370709],[-75.688231,6.370663],[-75.68829,6.370616],[-75.68834,6.370578],[-75.688381,6.370552],[-75.688412,6.37053],[-75.688444,6.37051],[-75.688489,6.370489],[-75.688545,6.370452],[-75.688615,6.370415],[-75.688685,6.370371],[-75.688753,6.370333],[-75.688816,6.370287],[-75.688876,6.370249],[-75.688928,6.370214],[-75.688976,6.37018],[-75.689029,6.370151],[-75.689092,6.370113],[-75.689156,6.370069],[-75.689221,6.370034],[-75.689284,6.369996],[-75.689343,6.369953],[-75.689401,6.369915],[-75.689456,6.369881],[-75.689509,6.369854],[-75.689545,6.369832],[-75.689583,6.369815],[-75.689616,6.369804],[-75.689641,6.369793],[-75.689661,6.369785],[-75.689688,6.369778],[-75.689709,6.369771],[-75.689735,6.369763],[-75.689774,6.369751],[-75.689828,6.369735],[-75.689889,6.369717],[-75.689951,6.369699],[-75.690013,6.36968],[-75.690076,6.369659],[-75.690144,6.369639],[-75.690221,6.369613],[-75.690311,6.369578],[-75.690396,6.369551],[-75.690467,6.369532],[-75.690525,6.369519],[-75.690577,6.369509],[-75.690626,6.369502],[-75.690672,6.369498],[-75.690713,6.369493],[-75.690758,6.369489],[-75.690803,6.369484],[-75.690856,6.369477],[-75.690922,6.369467],[-75.691007,6.369455],[-75.69111,6.369444],[-75.691218,6.369438],[-75.691317,6.369438],[-75.691394,6.369439],[-75.691452,6.36944],[-75.691495,6.369442],[-75.691528,6.369442],[-75.691567,6.369443],[-75.691613,6.369444],[-75.691665,6.369447],[-75.691719,6.369451],[-75.691764,6.369454],[-75.691806,6.369457],[-75.691848,6.369459],[-75.691889,6.36946],[-75.69193,6.369461],[-75.691975,6.369462],[-75.692015,6.369462],[-75.692056,6.369462],[-75.692089,6.369464],[-75.692131,6.369466],[-75.692163,6.36947],[-75.692189,6.369476],[-75.692221,6.369482],[-75.692248,6.369491],[-75.692286,6.369502],[-75.692332,6.369515],[-75.692384,6.369529],[-75.692437,6.369545],[-75.69249,6.36956],[-75.692541,6.369574],[-75.692586,6.369587],[-75.692627,6.369597],[-75.692668,6.36961],[-75.692722,6.369626],[-75.692784,6.369643],[-75.692851,6.36966],[-75.692915,6.369676],[-75.692971,6.369693],[-75.693019,6.369709],[-75.693069,6.369724],[-75.693102,6.369737],[-75.693139,6.369749],[-75.693165,6.36976],[-75.693198,6.369768],[-75.693225,6.369775],[-75.693265,6.369785],[-75.693288,6.369789],[-75.693306,6.369793],[-75.693331,6.3698],[-75.693357,6.369805],[-75.693374,6.369811],[-75.693404,6.369819],[-75.693426,6.369827],[-75.693458,6.369838],[-75.693492,6.36985],[-75.693532,6.369863],[-75.693583,6.369877],[-75.693636,6.36989],[-75.693687,6.369904],[-75.693737,6.369918],[-75.693785,6.369932],[-75.693825,6.369943],[-75.69385,6.369951],[-75.693875,6.369957],[-75.693895,6.369963],[-75.69392,6.369968],[-75.69394,6.369971],[-75.693958,6.369974],[-75.693979,6.369979],[-75.694,6.369984],[-75.694024,6.369991],[-75.694049,6.369996],[-75.694083,6.370003],[-75.69411,6.370008],[-75.694141,6.370014],[-75.694169,6.37002],[-75.694203,6.370029],[-75.694243,6.370038],[-75.694289,6.370048],[-75.694341,6.370055],[-75.694389,6.370058],[-75.694438,6.370058],[-75.694492,6.370058],[-75.694553,6.370055],[-75.694621,6.370052],[-75.694683,6.370046],[-75.694741,6.37004],[-75.694787,6.370035],[-75.694825,6.37003],[-75.694857,6.370024],[-75.694882,6.370019],[-75.694908,6.370014],[-75.694934,6.370009],[-75.69496,6.370006],[-75.69498,6.370001],[-75.694998,6.369995],[-75.695016,6.369988],[-75.695037,6.369981],[-75.695058,6.369972],[-75.69508,6.369962],[-75.695101,6.36995],[-75.695133,6.369939],[-75.695164,6.36993],[-75.695205,6.369922],[-75.695237,6.369915],[-75.695271,6.369908],[-75.695303,6.369901],[-75.695342,6.369894],[-75.695376,6.369888],[-75.695414,6.36988],[-75.695446,6.369872],[-75.695485,6.369863],[-75.695532,6.36985],[-75.695577,6.369839],[-75.69563,6.369833],[-75.695676,6.369833],[-75.695718,6.369839],[-75.695763,6.369848],[-75.695802,6.369858],[-75.695845,6.369868],[-75.695871,6.369878],[-75.695916,6.369893],[-75.695962,6.369908],[-75.696008,6.369923],[-75.696053,6.369937],[-75.696088,6.369949],[-75.696127,6.369963],[-75.696166,6.369975],[-75.696205,6.369987],[-75.696232,6.369999],[-75.696257,6.370007],[-75.696275,6.370016],[-75.696293,6.370028],[-75.696324,6.370041],[-75.696352,6.370058],[-75.696385,6.370074],[-75.696416,6.370091],[-75.69645,6.370109],[-75.696482,6.370135],[-75.696523,6.370155],[-75.696555,6.370171],[-75.696582,6.370186],[-75.696605,6.370201],[-75.696632,6.370222],[-75.696666,6.370244],[-75.696707,6.370263],[-75.696739,6.370291],[-75.696765,6.370309],[-75.696792,6.370324],[-75.696813,6.370341],[-75.696832,6.370358],[-75.696859,6.370376],[-75.696885,6.370395],[-75.696913,6.370415],[-75.696945,6.370436],[-75.696985,6.370458],[-75.697025,6.370476],[-75.697058,6.370495],[-75.69709,6.370511],[-75.697125,6.370528],[-75.697159,6.370545],[-75.697193,6.370563],[-75.697219,6.370578],[-75.697245,6.370592],[-75.697267,6.370611],[-75.697299,6.370638],[-75.697332,6.370666],[-75.697363,6.370694],[-75.697389,6.370731],[-75.697421,6.370758],[-75.697442,6.370786],[-75.697467,6.370812],[-75.697484,6.370831],[-75.697505,6.370855],[-75.697526,6.370875],[-75.697552,6.370904],[-75.697577,6.370931],[-75.697595,6.37095],[-75.69761,6.370969],[-75.697626,6.37099],[-75.697643,6.371012],[-75.697658,6.371032],[-75.697672,6.371047],[-75.697686,6.371062],[-75.697704,6.37108],[-75.697723,6.371099],[-75.69775,6.371124],[-75.697776,6.371143],[-75.697801,6.37117],[-75.697824,6.371198],[-75.697841,6.371224],[-75.697854,6.371246],[-75.697866,6.371264],[-75.697876,6.371281],[-75.697885,6.3713],[-75.697897,6.371318],[-75.697913,6.371336],[-75.697934,6.371362],[-75.697954,6.371399],[-75.697984,6.371428],[-75.698005,6.371447],[-75.698021,6.371462],[-75.69804,6.371479],[-75.698062,6.3715],[-75.698087,6.371522],[-75.698118,6.371547],[-75.698146,6.371577],[-75.698177,6.371604],[-75.698209,6.371623],[-75.698234,6.371652],[-75.698252,6.37167],[-75.698268,6.371688],[-75.698284,6.371704],[-75.698301,6.371721],[-75.698318,6.371739],[-75.698337,6.371759],[-75.69836,6.371785],[-75.698392,6.371813],[-75.698421,6.371838],[-75.698451,6.371867],[-75.69849,6.3719],[-75.698529,6.371928],[-75.698564,6.371951],[-75.698595,6.371972],[-75.698636,6.37199],[-75.698671,6.372009],[-75.698711,6.372026],[-75.698751,6.372045],[-75.698799,6.372064],[-75.698855,6.372082],[-75.698911,6.372098],[-75.698959,6.372114],[-75.699011,6.372129],[-75.699052,6.372144],[-75.699093,6.372156],[-75.699133,6.372167],[-75.699164,6.372179],[-75.699195,6.372189],[-75.699221,6.372201],[-75.699248,6.372212],[-75.699278,6.372225],[-75.699304,6.372236],[-75.699336,6.372248],[-75.699369,6.372263],[-75.699403,6.372278],[-75.699443,6.372294],[-75.699489,6.372309],[-75.699521,6.372321],[-75.699554,6.372334],[-75.69958,6.372342],[-75.699597,6.372348],[-75.699615,6.372355],[-75.699637,6.372364],[-75.699663,6.372376],[-75.699703,6.372388],[-75.699738,6.372402],[-75.699778,6.372415],[-75.699812,6.372425],[-75.699837,6.372435],[-75.699871,6.372448],[-75.699904,6.372464],[-75.699943,6.372478],[-75.699983,6.372489],[-75.700017,6.372499],[-75.700049,6.372504],[-75.70008,6.37251],[-75.700113,6.372515],[-75.700144,6.372516],[-75.700176,6.372515],[-75.700194,6.372512],[-75.700215,6.37251],[-75.700244,6.372503],[-75.700291,6.372492],[-75.70035,6.372478],[-75.700396,6.372464],[-75.700441,6.372449],[-75.700485,6.372435],[-75.700524,6.372419],[-75.700562,6.372401],[-75.700606,6.372381],[-75.70065,6.372362],[-75.700696,6.37234],[-75.700745,6.372314],[-75.700804,6.372286],[-75.700865,6.372248],[-75.700927,6.372212],[-75.700987,6.372176],[-75.701047,6.37214],[-75.701099,6.372111],[-75.701147,6.372084],[-75.701191,6.372055],[-75.70123,6.372035],[-75.70127,6.372018],[-75.701294,6.372008],[-75.701317,6.371996],[-75.701335,6.371988],[-75.701361,6.371979],[-75.701387,6.371971],[-75.701419,6.371964],[-75.701447,6.371959],[-75.701466,6.371957],[-75.701486,6.371954],[-75.701506,6.371951],[-75.701531,6.371948],[-75.701563,6.371946],[-75.70159,6.371943],[-75.701611,6.37194],[-75.70163,6.371937],[-75.701663,6.371935],[-75.701694,6.371932],[-75.70172,6.371928],[-75.701751,6.371925],[-75.701782,6.371923],[-75.701808,6.37192],[-75.701841,6.371919],[-75.70188,6.371919],[-75.701913,6.371918],[-75.701939,6.371917],[-75.70196,6.371917],[-75.701993,6.371917],[-75.70202,6.371913],[-75.702052,6.37191],[-75.702092,6.371906],[-75.702133,6.371903],[-75.702188,6.371901],[-75.702246,6.371897],[-75.702302,6.371895],[-75.702361,6.371893],[-75.702414,6.371889],[-75.702465,6.371887],[-75.702504,6.371885],[-75.702535,6.371881],[-75.702574,6.371878],[-75.702606,6.371874],[-75.702634,6.371872],[-75.702669,6.371867],[-75.702709,6.371863],[-75.702755,6.371859],[-75.702795,6.371855],[-75.702822,6.371854],[-75.702865,6.37185],[-75.702884,6.371848],[-75.702904,6.371846],[-75.702923,6.371843],[-75.702968,6.371838],[-75.702997,6.371834],[-75.703016,6.371832],[-75.703035,6.371831],[-75.703056,6.371828],[-75.703075,6.371826],[-75.703102,6.371824],[-75.703133,6.371823],[-75.70317,6.371819],[-75.703198,6.371819],[-75.703216,6.371819],[-75.703241,6.371819],[-75.703281,6.371819],[-75.703322,6.371819],[-75.703359,6.371819],[-75.703396,6.371818],[-75.703429,6.371815],[-75.703457,6.371812],[-75.703482,6.37181],[-75.703506,6.371809],[-75.703538,6.371809],[-75.703564,6.371812],[-75.703602,6.371817],[-75.703642,6.371824],[-75.703682,6.371828],[-75.703714,6.37183],[-75.703747,6.37183],[-75.703781,6.37183],[-75.703818,6.371826],[-75.70385,6.371823],[-75.703889,6.371818],[-75.703929,6.371812],[-75.704235,6.371901],[-75.704236,6.371902],[-75.70426,6.371918],[-75.704277,6.371932],[-75.704296,6.371944],[-75.704312,6.371953],[-75.704328,6.371962],[-75.704344,6.371974],[-75.70437,6.371989],[-75.704415,6.372017],[-75.704455,6.372046],[-75.704496,6.372072],[-75.704529,6.372093],[-75.704548,6.372108],[-75.704569,6.372116],[-75.704595,6.372124],[-75.704622,6.372132],[-75.704666,6.372144],[-75.704716,6.37216],[-75.704773,6.372179],[-75.704827,6.3722],[-75.704866,6.372216],[-75.704904,6.372229],[-75.704942,6.37224],[-75.70498,6.372252],[-75.705018,6.372263],[-75.705059,6.372276],[-75.705096,6.372289],[-75.705123,6.3723],[-75.705147,6.37231],[-75.705175,6.372322],[-75.705207,6.372336],[-75.705241,6.372352],[-75.705261,6.372369],[-75.705286,6.372384],[-75.705309,6.372401],[-75.705324,6.372415],[-75.705336,6.372429],[-75.705356,6.372447],[-75.705382,6.372476],[-75.705407,6.372504],[-75.705426,6.372522],[-75.705447,6.372542],[-75.705469,6.372558],[-75.705496,6.372576],[-75.705529,6.372596],[-75.705556,6.372619],[-75.705589,6.37264],[-75.705614,6.372661],[-75.705635,6.372681],[-75.705654,6.372698],[-75.70567,6.372712],[-75.705685,6.372722],[-75.705711,6.372744],[-75.705726,6.372758],[-75.705748,6.372773],[-75.70578,6.37279],[-75.705809,6.372808],[-75.705849,6.372827],[-75.705888,6.372846],[-75.70593,6.372867],[-75.705963,6.372885],[-75.70599,6.372899],[-75.706015,6.372912],[-75.706036,6.372923],[-75.706062,6.372933],[-75.706086,6.372943],[-75.706106,6.372952],[-75.706122,6.372961],[-75.706144,6.372974],[-75.706168,6.372991],[-75.706184,6.373002],[-75.70621,6.373013],[-75.706229,6.373024],[-75.706248,6.373034],[-75.706271,6.373039],[-75.706295,6.373039],[-75.706327,6.373039],[-75.706349,6.373041],[-75.706378,6.373042],[-75.706396,6.373042],[-75.706434,6.373031],[-75.706455,6.373025],[-75.706475,6.373018],[-75.706492,6.373011],[-75.706509,6.373003],[-75.70653,6.372992],[-75.706552,6.372981],[-75.706577,6.372968],[-75.706603,6.372954],[-75.706628,6.372942],[-75.706653,6.372928],[-75.706674,6.372914],[-75.706706,6.3729],[-75.706727,6.372887],[-75.706753,6.372874],[-75.706773,6.372861],[-75.706794,6.372848],[-75.706815,6.372833],[-75.706833,6.37282],[-75.706848,6.372808]]]]}}]}